platform,subject,accuracy,points,ws,ls,perseveration,beta_pr,eta_pr,kappa_pr,beta,eta_p,eta_n
mturk,02rwq76tp9lcye8vrl41llnh,0.3888888888888889,38.0,0.7297297297297297,0.8076923076923077,0.28,0.28280953113564317,1.396080976021942,-0.3777548940612906,2.8280953113564316,0.8270801888895811,0.9557390288304416
mturk,0a8zkiu9rpf0mxo0h9ecdyzh,0.7666666666666667,68.0,0.9552238805970149,0.9545454545454546,0.14666666666666667,0.7450586038808737,0.9580418169501445,-0.8827100825332723,7.450586038808739,0.5069308467831268,0.961287578392886
mturk,0g4fx9g2wryeio74yzgqwpq8,0.7222222222222222,58.0,1.0,0.625,0.24,1.298621839933764,0.9334487354747771,-0.07226740512056631,12.98621839933764,0.8035720328387457,0.8363809346210227
mturk,0k1tzkzdb7dvx6z9q0nyovde,0.6555555555555556,51.0,1.0,0.3846153846153846,0.2,1.2028291822213482,0.6822571076756402,0.7881564125526098,12.028291822213482,0.9290983537838263,0.4572681193058803
mturk,0lq9i4x81dgnwglgvgnh34rj,0.6666666666666666,57.0,0.9824561403508771,0.46875,0.25333333333333335,1.0173198516001256,-0.04816157248161457,0.3549891879104027,10.173198516001255,0.6154394846113427,0.342001208757963
mturk,0piu71owxiz9tgsitq7ktqh6,0.5888888888888889,54.0,0.9811320754716981,1.0,0.24,0.5535162097689494,1.6357485927345135,-0.4000166653464467,5.535162097689495,0.8862430694323444,0.9737252181296944
mturk,19h68mzzzd51m1ysm4jbmlml,0.6444444444444445,54.0,0.9433962264150944,0.8611111111111112,0.2,0.3226736892556054,1.5859284848088973,-0.07858356778420958,3.226736892556054,0.926059844280493,0.9443509061111004
mturk,1bkivj7fl2s7bnshyc0xs9xo,0.6555555555555556,59.0,0.9827586206896551,0.8387096774193549,0.21333333333333335,0.5708436260061314,0.8072891028013356,-0.9377615960158875,5.708436260061314,0.425554418476609,0.9536308739348126
mturk,1dhmst23cwb07eov3r1qc7i1,0.4444444444444444,42.0,0.3170731707317073,1.0,0.29333333333333333,0.09751109684872306,0.7656127843754819,0.002592196536226208,0.9751109684872307,0.7767644793583963,0.7533151757470903
mturk,1emkh8fj8n8ujo3jfrrswpna,0.6222222222222222,52.0,1.0,0.7894736842105263,0.16,0.4929009509558965,1.7708800114096879,-0.333732119030597,4.9290095095589646,0.9183375809613861,0.9793993158514143
mturk,1gzcp8taimbcpvzulsjo6w7a,0.6444444444444445,61.0,0.9,0.9310344827586207,0.25333333333333335,0.34131808217581194,1.043289070453145,0.008715549950989925,3.4131808217581194,0.8376605119530807,0.8407540058822751
mturk,1h67fnjgm45dzniy6y91vld7,0.7333333333333333,52.0,0.9607843137254902,0.5789473684210527,0.14666666666666667,0.8146546654427615,0.2620122985476192,-0.4750308031131857,8.146546654427615,0.4067320202634558,0.7700516403720081
mturk,1ujw1gehpdx2ufvvvly3gx69,0.7222222222222222,54.0,1.0,0.25,0.17333333333333334,1.173138444772468,0.6129342835540179,0.8294849661754671,11.73138444772468,0.9239810562980826,0.415044197130531
mturk,1ww0gs6eyl6uksonzztb0ezu,0.5333333333333333,53.0,0.9423076923076923,0.4054054054054054,0.3333333333333333,0.2730720738586697,1.8113193627362847,0.012419198947032566,2.7307207385866974,0.9622752462165711,0.9591361861921591
mturk,26drsd0sb4o6mw8hh3db4y8y,0.6555555555555556,53.0,0.9811320754716981,0.9166666666666666,0.22666666666666666,0.828849429617451,1.0478499459934967,-0.8001990674835417,8.288494296174509,0.5854420047226039,0.9635943056923583
mturk,2gbv6cbysitn0o9t9m53f3xi,0.6111111111111112,47.0,1.0,0.2790697674418605,0.29333333333333333,0.9918595105932706,0.4063867123232883,0.6483752330455843,9.918595105932706,0.855031267280199,0.3998712260266697
mturk,2l792wi6dr04cwnd2lxldsg3,0.5333333333333333,52.0,1.0,0.26315789473684215,0.4,1.5711517737261653,0.7965513070966659,0.3660975263490393,15.711517737261655,0.8731668849530602,0.6627560743224072
mturk,2n2791gfw1ojwu32i7nsvght,0.5222222222222223,53.0,1.0,0.5277777777777778,0.29333333333333333,1.1235845881829962,1.4666514763876695,-0.7132893027644657,11.235845881829963,0.7586803343261552,0.9797384755073539
mturk,2tbdv5xl54zpvqubll7hx9xl,0.5444444444444444,44.0,0.8372093023255814,0.8913043478260869,0.2,0.24644316215598885,1.6097873900487967,0.0347549966075201,2.4644316215598883,0.9449338328371435,0.9342884747007396
mturk,381z8zb2qt43qj83bpagb37k,0.6,50.0,0.8163265306122449,0.95,0.21333333333333335,0.27561457992118166,1.0808488028106877,-0.3134389181023983,2.756145799211817,0.7764992693636164,0.9133813864349523
mturk,3h1i9f440aazwely8ptjns7x,0.7666666666666667,50.0,1.0,0.5641025641025641,0.17333333333333334,0.7857623216913425,0.898455092559075,0.7859808916053028,7.857623216913425,0.9533893178529946,0.545352312939156
mturk,3h34cgrzlp4wtlx1eo4tv73k,0.6111111111111112,46.0,0.9777777777777777,0.8636363636363636,0.22666666666666666,0.5369556761348151,1.1592933077681968,-0.47437252881370384,5.369556761348152,0.7283230240334153,0.9388629086086668
mturk,3xzn2gdh051u5slem3dme6y4,0.6333333333333333,47.0,1.0,0.7441860465116279,0.18666666666666668,1.1281345785727375,1.0948914145246995,-0.36039093697519875,11.281345785727375,0.7603794116309059,0.920715074360513
mturk,48kl2yj4bk3oit3lc8y2c8qf,0.4111111111111111,39.0,0.28205128205128205,0.8200000000000001,0.44,-0.8528487722064197,-1.4919124198502351,-1.3821930499419548,-8.528487722064199,0.0019629755751467467,0.40233604306601356
mturk,49siubkt857w9wa5ym6zyrss,0.5444444444444444,50.0,0.9387755102040817,0.975,0.18666666666666668,0.5167704647209348,0.7417297059517617,-0.9364651125778856,5.167704647209348,0.40538714582453494,0.9457870367942571
mturk,5ia4n00eepgph445l075pzvt,0.6555555555555556,56.0,0.9636363636363636,0.38235294117647056,0.2,0.6658695004113204,0.0623753204540213,-0.15356913117203708,6.658695004113205,0.4650658479717797,0.5879554249614801
mturk,5lukl1r5qtcpaaxcy1z4k2pb,0.6666666666666666,52.0,0.9615384615384616,0.5135135135135135,0.2,1.2002326896711213,0.13439579860958062,-0.6069073924702953,12.002326896711214,0.3118166984815783,0.7724995533389345
mturk,5sg7gnocyd7oke5w09iyjmkw,0.4222222222222222,40.0,0.3333333333333333,0.84,0.4666666666666667,0.3093204910081703,-0.22684446173304706,0.7189727968290546,3.0932049100817025,0.6811827476616444,0.15749448889958617
mturk,5vfsoys60vdnkpwg6eycknxs,0.7444444444444445,60.0,1.0,0.33333333333333337,0.18666666666666668,0.8628957172390495,0.5143679813612521,0.4932255679229858,8.628957172390495,0.8418772274025659,0.5027772748430315
mturk,6anblbfay00uf1lrjuvta75s,0.6111111111111112,51.0,0.96,0.7692307692307692,0.16,0.29701586958321424,1.5367198050097315,-0.32698872004232626,2.9701586958321426,0.8719805276800008,0.9642600248796225
mturk,6ddzcn9af3ba6dv3c91n5enx,0.4444444444444444,41.0,0.675,0.7959183673469388,0.36,0.17951521129485457,0.8974589330291409,0.05449019987302295,1.7951521129485457,0.8304988956839523,0.7829132864729983
mturk,6ebn8yjdbepfbi3vshim0fa4,0.4444444444444444,51.0,0.45098039215686275,0.8421052631578947,0.24,0.12084515554149108,0.8224088020045637,0.2093931106913891,1.2084515554149107,0.8475358670937697,0.7227040781980254
mturk,6g0smxt28qc8rof31hj311l7,0.6777777777777778,50.0,0.98,0.5641025641025641,0.18666666666666668,0.7395457786481783,0.8524528059884918,-0.694950045224791,7.395457786481782,0.5406896869794733,0.9300276090969624
mturk,6kf2nrcsp1vlkc4ognfrvlg6,0.5555555555555556,47.0,0.9130434782608695,0.7209302325581395,0.14666666666666667,0.5593295518192534,0.8263544503294422,-1.5013171501878713,5.593295518192534,0.24640908499695235,0.9892559362260185
mturk,6o83uqmv0frbft9n0ojoh68u,0.4666666666666667,42.0,0.47619047619047616,0.9574468085106383,0.26666666666666666,0.2963197816197364,-0.2465571290643071,-1.0810182139211337,2.9631978161973636,0.05551100155749642,0.851762615017907
mturk,6tsrpsayz54lw11oc7xqro8j,0.5111111111111111,40.0,0.7948717948717948,0.84,0.25333333333333335,0.30462813999991245,1.1796289899308032,-0.836783687986091,3.0462813999991245,0.6191013972844893,0.9737777017393123
mturk,6u3el0wrisrdbl98ibq0opof,0.6,49.0,0.9591836734693877,0.975,0.21333333333333335,0.48531517858790424,1.239527640452363,-0.5231080876793008,4.853151785879042,0.7413511438092966,0.953418772704707
mturk,6xcrpdfmw33oggfcpop84jjc,0.6,57.0,1.0,0.36363636363636365,0.29333333333333333,1.7943256506743306,0.7809479532649379,0.09171048446783375,17.943256506743307,0.8051936077157609,0.7540513449279008
mturk,71r198qbputz56vycr57vwrj,0.6111111111111112,49.0,1.0,0.55,0.24,0.771346056714316,0.2417799075078561,0.5051960721055939,7.71346056714316,0.7669746029748916,0.3876654016367156
mturk,79wkgbbalgknlalvcbuej04n,0.37777777777777777,31.0,1.0,0.3448275862068966,0.3466666666666667,0.45064903221798364,1.4836635894060533,0.04624652170901592,4.506490322179836,0.9290027876930401,0.9115385038884432
mturk,7c2n6irhszcuommpxijsqo0m,0.5,46.0,0.6444444444444445,0.9318181818181819,0.26666666666666666,0.17021474207468867,1.0664304229759733,-0.3075772045188158,1.7021474207468867,0.7575684308409092,0.909403769042868
mturk,8268uvon5c4wg6cqy7jsgya1,0.7555555555555555,58.0,1.0,0.46875,0.18666666666666668,1.6850652492161684,0.29248880243786085,-0.22235490873387326,16.850652492161686,0.5223385872182477,0.696078817756947
mturk,8bis5casr4mjnn033kaxc4a9,0.8111111111111111,61.0,1.0,0.4482758620689655,0.13333333333333333,0.845571062586097,0.5565249802231238,0.5627970138452276,8.45571062586097,0.8632406397234447,0.496740477247235
mturk,8gms1x5mpu3zq71ytb9tjrss,0.5666666666666667,54.0,1.0,0.5,0.37333333333333335,1.5326232526733712,-0.10660085669429925,-0.292831514143599,15.326232526733712,0.3469602577781231,0.5706153565107119
mturk,8jsbtrhsjtr1f1g26cw3ybge,0.3333333333333333,37.0,0.13513513513513514,0.9230769230769231,0.3333333333333333,0.7078725093800171,-0.9658055981670912,-1.5915675196515844,7.078725093800171,0.004644052395715679,0.7027922228957243
mturk,8mn0ti7z45rkqyclbp3bkuox,0.6111111111111112,53.0,1.0,0.43243243243243246,0.2,1.4189222985260366,1.0677464084461312,0.26160949558094126,14.189222985260365,0.9100531128500392,0.7866216745162294
mturk,984rqmge2ibnb6ry6iy9u0zo,0.4666666666666667,42.0,0.7804878048780488,0.6875,0.26666666666666666,0.14185808881861817,1.21999039805896,0.4083853806917218,1.4185808881861819,0.9438885382992384,0.7731366860707656
mturk,9bx9aapx2af3ya9iqbfycexr,0.4777777777777778,49.0,0.4897959183673469,0.95,0.30666666666666664,0.788298345410982,-0.13390140548258145,-1.5259348513843412,7.88298345410982,0.043257000341652516,0.9126945930019932
mturk,9x3grmi9fq74uxr3ub097epz,0.7333333333333333,57.0,1.0,0.34375,0.22666666666666666,0.6321705969862343,0.5333849283217224,0.40906243814157417,6.321705969862345,0.8215788822926346,0.5460909287902946
mturk,aov6xe6od75nt5353uwbsp77,0.5666666666666667,42.0,0.9512195121951219,0.5833333333333333,0.25333333333333335,0.7106306071519789,0.9420449820216976,-1.1193332248524746,7.106306071519789,0.4143050472887212,0.9755087858142544
mturk,avr04c4gt8kmeq5i2jiisiyh,0.6444444444444445,49.0,1.0,0.41463414634146345,0.25333333333333335,1.3213725198333193,0.4945975489168335,0.13954627532033154,13.213725198333194,0.730178416055394,0.6277900444713449
mturk,avuxpoyolfbqqsskoym8iwxk,0.5333333333333333,37.0,0.6486486486486487,0.4807692307692307,0.26666666666666666,0.21448515458482392,0.43431926446613384,0.6561837772598924,2.1448515458482396,0.8618094005373227,0.4156822916040066
mturk,ayqvxud8iyhd449mhjpztndy,0.5888888888888889,51.0,0.94,0.5897435897435898,0.28,0.4884980792702531,0.9521344396557493,-0.9793647245802863,4.884980792702532,0.47612983490174615,0.9710535902884534
mturk,bgdjjadiljq5gtg3zd419eif,0.6777777777777778,70.0,0.8405797101449275,0.44999999999999996,0.21333333333333335,0.34425735539781227,-0.3814979660469052,0.008086908688776432,3.4425735539781224,0.34639803154340537,0.3436253323588362
mturk,bhoyosccpd9jwnfuwpgla7cg,0.37777777777777777,42.0,0.3170731707317073,0.75,0.28,0.044382890550893804,-0.6372367527376369,-0.40091836904034855,0.44382890550893805,0.13500311125691827,0.40107647743842145
mturk,borpj9kwayuoawc2db7wbyxj,0.5777777777777777,49.0,0.8367346938775511,0.875,0.30666666666666664,0.5125941450517069,0.12724937360099892,-0.6799607255025968,5.125941450517069,0.2878770801468118,0.7742051140429596
mturk,cdbeog6cjz4lt4fk2fsw9a6d,0.7111111111111111,55.0,1.0,0.23529411764705888,0.28,1.2049608118239687,-0.4325209261497377,-0.16173468448124925,12.049608118239687,0.2785359831593466,0.3952829283918362
mturk,cdx4de9mp88efzq0p2e2hq41,0.4666666666666667,36.0,0.75,0.679245283018868,0.37333333333333335,0.5464858876822017,0.25029778151059234,-0.8902816559193291,5.464858876822017,0.23971032215173746,0.8492861285775168
mturk,clm0rwz7njx098ktz0rq6tzj,0.5,44.0,0.7727272727272727,0.7555555555555555,0.26666666666666666,0.2380906576388295,1.129524937995925,-0.01154019573902549,2.380906576388295,0.8650428112279663,0.8546564504306504
mturk,ctnvg9z0u302ddk5abjypszu,0.7,59.0,0.9830508474576272,0.43333333333333335,0.10666666666666667,0.8831766916802468,-0.16015352361585755,-0.43794067963880623,8.831766916802469,0.28076887564223574,0.6068864635137755
mturk,cweobvm4evs54h8932qi6kqj,0.43333333333333335,45.0,0.4090909090909091,0.8,0.30666666666666664,0.12576964482149294,0.6533837341710931,-0.476454341599453,1.2576964482149295,0.5593651022273898,0.8466501518877422
mturk,cwjn0tx0m76gm35d8f4jnxrq,0.6444444444444445,45.0,1.0,0.4,0.17333333333333334,0.5445391699270823,1.4266084997679356,0.29220611868022617,5.4453916992708224,0.953300547468211,0.8639937569375604
mturk,czs7a87g24y6q0hq4ygiyrrl,0.6444444444444445,54.0,0.9622641509433962,0.5555555555555556,0.21333333333333335,0.42937090293742736,1.0143491858963187,0.034003980660651675,4.2937090293742735,0.8454383967254238,0.8255904751913818
mturk,d535ylen0c8wkaigri45rrml,0.6555555555555556,58.0,0.9824561403508771,0.375,0.24,0.9088483383996462,0.27910691030979784,-0.6665825865882027,9.088483383996461,0.3469761126716947,0.8152390656063563
mturk,dbuiumbyfl1ma1h69ta20xw8,0.4111111111111111,40.0,1.0,0.34693877551020413,0.3466666666666667,1.550477075000309,0.6360072358279137,-0.00668176200922814,15.50477075000309,0.7254695145539625,0.7394293300049435
mturk,deuoj5f7ihyov9fdc56skfam,0.5888888888888889,48.0,0.8333333333333334,0.7560975609756098,0.30666666666666664,0.7074902843222347,0.31313784882905227,-0.9607176941716264,7.074902843222347,0.25831646682171694,0.8894540984892605
mturk,dhdxn5ir5mjb94yjprcgwago,0.4666666666666667,43.0,1.0,0.42553191489361697,0.3333333333333333,1.5153223760368957,0.5777649763418726,-0.2120424872033727,15.153223760368958,0.6379675202905921,0.7862761338102597
mturk,dkfxcqyznu2etu3ycixgpuct,0.6222222222222222,77.0,0.5921052631578947,0.6153846153846154,0.26666666666666666,0.41032510320244286,-0.72160738663596,1.0523199685940363,4.103251032024429,0.6234883825215582,0.039758156661259675
mturk,e1zp3dh9u2801k50qm9h97c1,0.6111111111111112,50.0,1.0,0.675,0.26666666666666666,0.5635364171871231,1.4658984891439109,-0.014081969180149086,5.635364171871231,0.9247333921238376,0.9206710840978651
mturk,e3qgdoddsuhvnumamuxze5fo,0.3888888888888889,45.0,0.3111111111111111,0.8409090909090909,0.3333333333333333,0.11620052114441905,0.11464358885563804,-0.4267939651511671,1.1620052114441903,0.3948802142387089,0.6757345125293945
mturk,e8jii58m72v5f48f2rvcju86,0.5888888888888889,53.0,0.9811320754716981,0.33333333333333337,0.25333333333333335,0.5483294300129659,0.7463359839631898,1.0025451335219118,5.483294300129659,0.9590275602161547,0.39675356933881084
mturk,e9lartq70jdvtyo1tovgyi8r,0.7333333333333333,56.0,1.0,0.3939393939393939,0.17333333333333334,1.0222029170824103,1.017602945914636,0.3922525928371689,10.222029170824104,0.9163248144357901,0.740038974099376
mturk,eajz1vw10kitydeyf4zgtwzs,0.7,58.0,0.9298245614035088,0.4375,0.21333333333333335,0.5756252602317053,0.8712038226216856,0.7227768140670712,5.756252602317055,0.9449231750070108,0.5535933499691125
mturk,elw3bumjdsy00i3eny567iz0,0.5666666666666667,58.0,1.0,0.4193548387096774,0.24,0.8964200507769976,0.44785612040282785,0.0027713454132733536,8.964200507769977,0.6651435419119485,0.6830211978538382
mturk,f413rfthchh1liluwockcj93,0.5111111111111111,46.0,0.7608695652173914,0.8604651162790697,0.24,0.5914849191275775,0.5472154233284288,-1.3532879011093564,5.914849191275775,0.1928214774878303,0.9681519119201205
mturk,f4wl4bmtithmjc70e5p02q4q,0.7666666666666667,56.0,1.0,0.7058823529411764,0.16,0.5831565491078108,1.4223517862765278,-0.08017079910978875,5.831565491078108,0.9078413915323541,0.9195212566564914
mturk,f8d2kruoqk7otxvnhqd44ziz,0.7777777777777778,63.0,1.0,0.5384615384615384,0.17333333333333334,0.7615318162157562,0.611388034898303,0.053086571152778234,7.615318162157562,0.7398268785277814,0.7064721200216785
mturk,fexsj0u5oib0e90p5kvm0lal,0.7777777777777778,58.0,1.0,0.3125,0.12,0.8419824055016963,0.8292946992760053,0.517678587243833,8.419824055016964,0.908817130287535,0.6217383314850129
mturk,fgjk761asl4q1j9d46ivqdhk,0.4666666666666667,42.0,0.4878048780487805,0.5208333333333333,0.3466666666666667,-0.6344540640731211,-2.278882206977225,-0.5065560876536489,-6.344540640731212,0.0037926566560092315,0.0402929614595369
mturk,fl0bey18x3e1awvawxjz06jf,0.7,55.0,0.9814814814814815,0.34285714285714286,0.2,1.2918088636189413,0.17382308843064553,-0.669444128533202,12.918088636189415,0.30489763630802835,0.7996846825357148
mturk,fsig4dpz5iesxkjnc5e03ruv,0.5666666666666667,45.0,0.7954545454545454,0.8222222222222222,0.29333333333333333,0.439530489806774,0.12323014088236525,-0.18461378024969008,4.3953048980677405,0.4649712812343767,0.6187154697714605
mturk,fy3568ynzims1sa778zhdgsj,0.6555555555555556,51.0,1.0,0.3589743589743589,0.2,1.6421447743905944,0.505747296431714,-0.10776445446140064,16.421447743905944,0.6574893271149742,0.7333089356637745
mturk,g0hcri7lt06it7zaxn7bdehy,0.5777777777777777,43.0,0.8604651162790697,1.0,0.30666666666666664,0.5890613010983813,0.3135845715736967,-0.8302420822908505,5.890613010983813,0.28904600423760407,0.8542451696910732
mturk,g2j8r1fp1mfn0sdufesl7l2w,0.6666666666666666,54.0,1.0,0.4722222222222222,0.29333333333333333,0.5551206706930446,1.209887852637855,0.5006083972706613,5.551206706930445,0.953997993798746,0.7558055831510533
mturk,g7p583cf83iuo5tnssmqoom2,0.5222222222222223,46.0,0.8888888888888888,0.5909090909090908,0.25333333333333335,0.27125221291848656,2.0008084301181572,-0.05190136491133729,2.7125221291848653,0.9734495226780906,0.9773189591726414
mturk,g93kv8yzmln3bk1vikjphvig,0.6,50.0,0.9795918367346939,0.85,0.12,0.7831951710029023,1.137520637191981,-1.4550359603292928,7.831951710029022,0.36135004801275405,0.9944935260009338
mturk,gb9l1rxvfwpsridpzj2phab0,0.5777777777777777,43.0,0.7857142857142857,0.7659574468085106,0.28,0.21135208224008586,0.7056920540896492,-0.22946249219161652,2.113520822400859,0.6927228027981701,0.77689351630267
mturk,gi5el1yqgg66eawzpbt2cug6,0.6333333333333333,53.0,1.0,0.45945945945945943,0.37333333333333335,1.4749076938478147,0.21969999254168834,0.6457315373593833,14.749076938478147,0.8090313692279472,0.32961495640935745
mturk,gruwe2az316sg0lrtz6mop4m,0.2777777777777778,38.0,0.5945945945945946,0.28846153846153844,0.36,-0.19956640748833618,-0.4852943470949014,-1.3531910126210611,-1.9956640748833618,0.027965838291563412,0.7768796699334416
mturk,h1pemdlnh3c9vhbgryg1ixhn,0.5444444444444444,50.0,1.0,0.41025641025641024,0.12,0.9800688380236129,0.7183978957845585,0.6189524631210606,9.800688380236128,0.9046853837314848,0.5430687803096859
mturk,h1utmgv01tgofu4ja7y7he1r,0.6444444444444445,51.0,1.0,0.41025641025641024,0.22666666666666666,1.270921204945358,0.33945447621275043,-0.4954185808467763,12.709212049453582,0.4302368960249328,0.8029775512992543
mturk,h2ob40i8w8dt2pnbe0fjyz69,0.7,54.0,0.9811320754716981,0.4444444444444444,0.17333333333333334,0.5837279370801776,0.5100063618595216,-0.029432787130543293,5.837279370801776,0.6803634499818221,0.7074453236822738
mturk,hat45nuw60i6qp17myltiq6e,0.4111111111111111,36.0,0.8888888888888888,0.5094339622641509,0.26666666666666666,0.8299442847400487,0.25398320931293916,-1.7301526263483122,8.299442847400488,0.06347106218521095,0.974497939204863
mturk,hcikwtzf80rybffjd4nzmcqn,0.5777777777777777,41.0,0.9512195121951219,0.45833333333333337,0.26666666666666666,0.3873687576839885,1.5528197926291605,-0.7269544536450357,3.8736875768398846,0.7840630418843947,0.9874008022496823
mturk,he3bi0kweifzr3c3elm0xyx5,0.34444444444444444,43.0,0.8809523809523809,0.1063829787234043,0.5066666666666667,0.3689274988462695,-0.22355615352249666,2.0104233564576406,3.689274988462695,0.9624862881375933,0.014711813795220633
mturk,hjga6ro8xdcijnzxcabiekgh,0.6777777777777778,51.0,1.0,0.6923076923076923,0.14666666666666667,1.0910449031372056,1.2521318875422407,0.024128248169814764,10.910449031372053,0.8928575496292487,0.891172168657067
mturk,hp22ihu8hgb4l5p0ocf695wh,0.4777777777777778,43.0,0.7380952380952381,0.8723404255319149,0.30666666666666664,0.5679991697045241,-0.1783459967041348,-1.0855409819563024,5.67999169704524,0.09935443097876522,0.8104345912814623
mturk,hp9jlhcupmuyhjt2v5kzyeyo,0.4,42.0,0.35714285714285715,0.9574468085106383,0.3466666666666667,0.3421955928570626,-0.29084294371335084,-0.7244073108477735,3.4219559285706254,0.07933244744879198,0.6191683375285228
mturk,hr3fruz8unemddmhsargqdjo,0.6888888888888889,53.0,1.0,0.8918918918918919,0.25333333333333335,0.7817597738827341,1.26015014120697,-0.25268353286472867,7.817597738827342,0.8372574625817739,0.9213062439616932
mturk,hvp7r3m4nd4hnwcb8su5ste8,0.6222222222222222,53.0,0.9423076923076923,0.5945945945945945,0.28,0.5551462761713131,0.11509650441832894,-0.2000323720924575,5.551462761713131,0.4528844946956365,0.6226953063865611
mturk,hxlba4lafjaq254jq3x5hug0,0.5444444444444444,59.0,0.9827586206896551,0.5806451612903225,0.28,0.4187720307687972,1.018434864215574,-0.9150976201665195,4.1877203076879725,0.4894301864559899,0.9684786318905139
mturk,iij7l7ztcavt3v3b8beljv40,0.37777777777777777,46.0,0.1111111111111111,0.8636363636363636,0.29333333333333333,0.07365273573625492,-0.7850603187927653,-0.17226536007098192,0.736527357362549,0.13885737166792428,0.2275756420620641
mturk,ilccg6au6ebu6vrvwcnsxvnp,0.5777777777777777,52.0,1.0,0.5526315789473684,0.18666666666666668,0.5350096445972998,1.2263292667417542,0.3621229014332751,5.350096445972998,0.9416855301594814,0.7974495858785559
mturk,itgf2egc6lv9acekard2994a,0.32222222222222224,42.0,0.8571428571428571,0.36170212765957444,0.44,0.3587363441005065,0.8519811858516797,0.5070970409411306,3.587363441005065,0.909232489085765,0.610604934442375
mturk,j49ycui0iz38y7r8xtr8tnna,0.7333333333333333,59.0,1.0,0.3870967741935484,0.22666666666666666,0.9471294465767749,0.3423202663896543,0.566145310507856,9.471294465767748,0.8089524528522118,0.41371841840697554
mturk,j5uig6vo0a3bq4tw72necwg5,0.5444444444444444,50.0,0.9795918367346939,0.25,0.4266666666666667,1.174555062090981,-1.2148166935994567,0.1603285590996154,11.74555062090981,0.1487070649544854,0.08953849738499567
mturk,jyqbceyvrsxtbtis6813ecuq,0.7777777777777778,52.0,1.0,0.29729729729729726,0.08,1.2061060447182808,0.9765872978825759,-0.4710003263217032,12.061060447182808,0.6943800846809043,0.9144459012380226
mturk,k0jvnuk92lshedg61l3kgup4,0.4888888888888889,55.0,1.0,0.2941176470588235,0.4266666666666667,1.443668407364199,0.618591923250692,0.5454873917488839,14.436684073641988,0.8760285830779306,0.5316273893080216
mturk,kse3g3i8vm4uhmn2p4sfnyy0,0.6555555555555556,57.0,1.0,0.2727272727272727,0.32,1.0216380262320248,0.10059633775060392,0.41106137601538756,10.21638026232025,0.6927017707805854,0.3717523313359056
mturk,kz2mnejtguvxh70ucjcunti8,0.5888888888888889,45.0,1.0,0.40909090909090906,0.38666666666666666,0.6793805692906725,1.0409947518279856,0.33813550157603084,6.793805692906725,0.9168092781387454,0.7636169801594094
mturk,kzth30eqt6puh2fdm1xyqqcl,0.6777777777777778,51.0,1.0,0.4358974358974359,0.18666666666666668,1.0962255057148746,1.2668486300739812,-0.4812509837910083,10.962255057148747,0.773509655237163,0.9527136101942268
mturk,l4giixxbal8owtn90r4a0zmg,0.5111111111111111,40.0,0.725,0.5714285714285714,0.24,0.3772050899344012,-0.15367215509228568,-0.5971341315226782,3.7720508993440123,0.20292515464653835,0.6791187362621356
mturk,l768h0oa3rsy0s30wy81gx7w,0.5888888888888889,53.0,0.9811320754716981,0.8333333333333334,0.22666666666666666,0.5374072132457054,1.4617495310797077,-0.7747798046718213,5.374072132457053,0.7330188342998005,0.9861456949248271
mturk,lfmnxogaj6os5ptjy6jcrdx5,0.6444444444444445,49.0,0.9375,0.7073170731707317,0.25333333333333335,0.6197770241158846,0.1548112668633001,-0.11501339793988088,6.197770241158846,0.5189604974357168,0.6093085990758212
mturk,lq0d2xsr43y3la4p6u2kw6dk,0.5777777777777777,50.0,0.9591836734693877,0.975,0.22666666666666666,0.5869023827146682,1.0133079771121978,-0.8355423458768204,5.869023827146682,0.5615767883411769,0.9623557610926379
mturk,lrbgqwdhc5j9d3cfmhgrwfy1,0.43333333333333335,39.0,0.9230769230769231,0.7,0.24,0.4948586682291403,1.2984317414140736,-0.6591138660161906,4.948586682291403,0.742505106849443,0.9709977370521983
mturk,m94kxuxvt80yh510yh7slut7,0.5,39.0,1.0,0.37254901960784315,0.26666666666666666,0.5487559858828406,0.5940730778078978,0.26534875412814257,5.487559858828407,0.8073507897528872,0.5797371556669568
mturk,mc9b0kvhdjz7jqifqhgajsyr,0.6333333333333333,49.0,0.9791666666666666,0.7560975609756098,0.29333333333333333,0.481691611019759,1.5944195535760826,0.1120208213176172,4.816916110197591,0.951524307074046,0.9162100003685156
mturk,mynywo837risvkfygi19hhpg,0.7555555555555555,57.0,1.0,0.4375,0.14666666666666667,0.6994549762772171,1.0003317816673993,-0.0023040031700617613,6.99454976277217,0.8299621396787003,0.8329040602089097
mturk,n29vff3xy758kc4si86avrjk,0.5222222222222223,47.0,0.8260869565217391,0.9302325581395349,0.25333333333333335,0.2605673149828384,1.2665510827962316,-0.1944263796983345,2.6056731498283843,0.8636193030588017,0.911243067707568
mturk,n4ztb6292aou1l4jr8n0tezk,0.28888888888888886,37.0,0.43243243243243246,0.6346153846153846,0.26666666666666666,0.2917256400463424,-1.5854312286327268,0.47505087257846557,2.9172564004634234,0.14047132248451255,0.01990874068144025
mturk,nbisw5umh0isb2ixsbdr99q5,0.5888888888888889,54.0,0.9444444444444444,0.2857142857142857,0.29333333333333333,1.1007185556964623,-0.4824284926783291,-0.737547253853313,11.007185556964622,0.11030313048980335,0.5955383422415228
mturk,nf8od7h3v3autbl7bobc44vj,0.5666666666666667,55.0,0.9454545454545454,0.8529411764705882,0.18666666666666668,0.5410600597567878,0.9232649823996921,-0.9587307227607555,5.410600597567878,0.4711751676779863,0.9656895224271625
mturk,ngpbl2m7v35qr23mxqg4zq6j,0.6111111111111112,53.0,0.9807692307692307,0.6216216216216216,0.21333333333333335,0.4789038935328248,1.5551772522519665,-0.3501423983217194,4.789038935328248,0.8717861224311421,0.9656305756432662
mturk,nk20nova3ldcu67y76d1t9jz,0.4777777777777778,44.0,1.0,0.23913043478260865,0.4266666666666667,1.0081013227061182,0.8873507493329122,0.32323202230427206,10.081013227061181,0.8866368693493596,0.7114078890930233
mturk,ny6aiki69pl2sa6bs4po6ig5,0.36666666666666664,32.0,0.3225806451612903,0.7758620689655172,0.3466666666666667,0.4536813034957327,-0.7901207814111486,-1.118194690517006,4.536813034957327,0.028041152389441326,0.6029932259241976
mturk,o1vx5thxb89l44xmoqh1wwz0,0.6333333333333333,52.0,0.9411764705882353,0.7894736842105263,0.17333333333333334,0.889761192460594,0.787007117871378,-1.1990659671033337,8.89761192460594,0.33293694115661443,0.9722906430834981
mturk,oc0019i87h6mkoth39vmedqq,0.6888888888888889,68.0,0.6567164179104478,0.6818181818181819,0.12,0.1970622649355634,0.8094206036760141,0.5797749811812798,1.9706226493556342,0.9151431860315737,0.5398796711150684
mturk,ofcrkm8mve7t3y81h2ahi6tr,0.4888888888888889,49.0,0.8775510204081632,0.825,0.24,0.25819685074031773,1.5733668134390257,-0.20210540398257407,2.5819685074031775,0.9157640573106665,0.9536668287544191
mturk,ol0fexiw547u6gli6izgrus4,0.6,45.0,1.0,0.36363636363636365,0.25333333333333335,1.1278532284694895,1.0049872122867172,-0.258334723854617,11.278532284694897,0.7716567136479534,0.8823247015240782
mturk,ow3rmlf7ftv9o9jowr5pudue,0.7666666666666667,57.0,1.0,0.34375,0.17333333333333334,1.055260532807325,0.5556731180443006,0.5180871430948873,10.552605328073248,0.8537169418236943,0.5156788681578226
mturk,pbe1z8nw3u49kut6yzpm5d8d,0.6,50.0,1.0,0.975,0.21333333333333335,1.1268092500424514,1.4019635373342667,-0.6510152905730235,11.268092500424515,0.767108336878507,0.9740864230938835
mturk,pcbef4vi4t1k3os59yintjx7,0.6666666666666666,59.0,1.0,0.5483870967741935,0.25333333333333335,0.6591774159458672,1.1079816024150833,0.2563072550641264,6.591774159458672,0.9097379690354889,0.7968937483403942
mturk,phbhdjtlsux8o4b6lw205gdn,0.3888888888888889,39.0,0.38461538461538464,0.62,0.3333333333333333,0.14226705724771482,-0.833299070890049,0.132870109391181,1.422670572477148,0.19617677403264347,0.1380381247283934
mturk,pips94le21jq08pesfaiefxd,0.4666666666666667,37.0,1.0,0.32692307692307687,0.5333333333333333,-0.5029037931278938,-1.935306675256117,-1.0053972447070125,-5.029037931278938,0.0013659028490163204,0.1396675832251403
mturk,pnmept0z8agaln6bqziozweo,0.5444444444444444,45.0,0.8636363636363636,0.9111111111111111,0.26666666666666666,0.3406546690479636,0.9856698032952621,-0.7659741322792584,3.4065466904796358,0.5749301031235301,0.9574841348824572
mturk,poea2a28uml13k7mbk6w4ou5,0.5111111111111111,47.0,0.7391304347826086,0.9534883720930233,0.32,0.5162540671527668,0.25710563727592584,-1.009446566587242,5.162540671527668,0.20756144269630783,0.8912198713601944
mturk,pwjlt47u6xaxkcx5xnxonxjy,0.6222222222222222,54.0,0.9074074074074074,0.7142857142857143,0.21333333333333335,0.4540006623632843,0.6942231779701996,0.37482247142283814,4.540006623632843,0.8493910428864828,0.630705416839104
mturk,q7os2mbb6ijejlub0fmdwyth,0.5222222222222223,50.0,0.7755102040816326,0.8,0.30666666666666664,0.38804199188257504,-0.02012329065705983,-0.11512667928538584,3.8804199188257504,0.4524628215218166,0.5348209160053167
mturk,qlgapgx6bfkf4ff2uhuofcr6,0.32222222222222224,34.0,0.42424242424242425,0.4642857142857143,0.29333333333333333,-0.025193629340038142,-0.5815369572912148,-0.03686404295138879,-0.25193629340038143,0.26422828455216785,0.27222024108541654
mturk,qryxvy9232jetvwgtops3qjw,0.5,43.0,0.7857142857142857,0.7659574468085106,0.25333333333333335,0.23010165088197443,0.928192804842966,-0.43262818663482694,2.3010165088197443,0.6829643026911864,0.8954525823254393
mturk,req395sg5aaa99tgui0irfk8,0.5333333333333333,39.0,0.868421052631579,0.7254901960784313,0.18666666666666668,0.32453423765334244,1.2514646403240577,-0.6719396288648143,3.245342376533425,0.6960206755486543,0.9674403690018233
mturk,rnktpyd6ech7t9az85fcdscs,0.45555555555555555,40.0,0.8974358974358975,0.78,0.22666666666666666,0.49578820516236355,1.0915392095961136,-1.1282581525560804,4.957882051623636,0.476232156295016,0.9846675670364264
mturk,ru5ws3pu83q9tqcyqm9i66vg,0.34444444444444444,29.0,0.5172413793103449,0.6166666666666667,0.52,0.6669020805188342,-1.8891958520426875,0.9163894732526001,6.669020805188341,0.17278322624772266,0.002496786233124631
mturk,rvbvs8wupqk0cepnaw1go9bs,0.6333333333333333,53.0,0.9622641509433962,0.2222222222222222,0.29333333333333333,0.8101984471356374,-0.3205247116814517,-0.12374913385247742,8.101984471356374,0.3250855902507054,0.42380864236567495
mturk,rxk216v2u00knpik4144b379,0.4666666666666667,38.0,0.6756756756756757,0.8076923076923077,0.28,0.4681628599230179,-0.16413595957934884,-0.6912941082152995,4.68162859923018,0.2000040583612498,0.6948571500191802
mturk,s00v1x1d54te4umlyvvwaic6,0.6333333333333333,51.0,0.98,0.6923076923076923,0.24,1.1680787448123104,-0.22557417383201084,-0.287697020786984,11.680787448123104,0.30656270018507575,0.5277836447470454
mturk,s6skqzwsxbnuallv93zxt728,0.3333333333333333,44.0,0.09090909090909091,0.9777777777777777,0.36,0.042662699145413534,-0.6690837768832496,0.03949779704264564,0.4266269914541353,0.2836983551909337,0.20583716898502563
mturk,se99pdkqoizyh6c8lmlc05n3,0.35555555555555557,42.0,1.0,0.41666666666666663,0.21333333333333335,1.2691278165136888,0.6196720041166949,0.09490697775596252,12.691278165136886,0.7591561212256004,0.7072890574487023
mturk,sxgwt55mbktag0euyj5ck394,0.7666666666666667,66.0,0.9545454545454546,0.34782608695652173,0.24,0.7508727663651837,-0.04096346640507385,-0.4426070994431314,7.508727663651838,0.31642793222117155,0.6541140792475691
mturk,szygpouygrmb7vi2zvcsi7kj,0.6222222222222222,49.0,0.9795918367346939,0.5,0.2,0.8863374582542732,0.30990089281839506,-0.5876546798938882,8.863374582542733,0.38068039444381024,0.8085412070601592
mturk,t76x8ndbtxbx72lsb8ngqv1z,0.6222222222222222,54.0,1.0,0.5833333333333333,0.2,1.0404304022848874,1.4981283041198887,-0.620306825241127,10.404304022848876,0.7991573346779983,0.9804232153749426
mturk,t9d9ki02qf20po7hnalni8bs,0.7333333333333333,59.0,1.0,0.3548387096774194,0.21333333333333335,0.8319903965312799,0.304979634905826,0.8208583105301653,8.3199039653128,0.8668081060395834,0.29549968209350513
mturk,tcbpf1kmvs92g8t2x5iowvqs,0.34444444444444444,43.0,0.30952380952380953,0.7234042553191489,0.38666666666666666,0.22730107220908446,-0.7471136788884167,-0.6992052184321084,2.2730107220908446,0.05738472255944432,0.3836452162684304
mturk,th2b9q0wuq3762odsxe9y0kh,0.7888888888888889,63.0,1.0,0.4444444444444444,0.18666666666666668,0.8236286004125231,0.5152359054421713,0.22360289503132436,8.23628600412523,0.758300551871127,0.6113851952347142
mturk,tlw8dxp34gf5zt4nfb7yftnf,0.6111111111111112,53.0,0.9433962264150944,0.9444444444444444,0.21333333333333335,1.0477108181080461,0.5118461445673597,-1.2784386754005128,10.47710818108046,0.22346382503709017,0.9597523386392375
mturk,toz6nvp14zs7mfg4bwsaebd6,0.4777777777777778,38.0,0.8157894736842105,0.9215686274509804,0.29333333333333333,0.8195655991440991,0.404350220174162,-1.5235423881378554,8.19565599144099,0.12522866723789056,0.9700990311451079
mturk,tsid1av4r8o3dobjmikdnw6x,0.5777777777777777,48.0,0.8936170212765957,0.7142857142857143,0.28,0.3194101223530622,1.0325186241627011,-0.12861161672334348,3.194101223530622,0.8107251194113776,0.851888105182156
mturk,tw1nzqjjixjzlwy9kc1t7qdu,0.6333333333333333,51.0,0.96,0.6666666666666667,0.25333333333333335,0.3867493089331783,0.965154281812244,0.11122778667742228,3.8674930893317834,0.8458844465159159,0.7916890770554765
mturk,uabqljbqhtguwieaax9i9jbi,0.5444444444444444,48.0,0.9166666666666666,0.7804878048780488,0.24,0.37373413839949754,1.0031197914734162,-0.6876094800711777,3.737341383994975,0.6086196015776106,0.9496887012030588
mturk,ufzhw64z1nwocsg8k80i3y5r,0.5555555555555556,50.0,0.82,0.9230769230769231,0.18666666666666668,0.2906945601821018,1.0182078797090763,-0.3522998119376567,2.9069456018210182,0.7401939987507102,0.9101159458871182
mturk,us4jynu3a76tfb7zh5erygr0,0.4,38.0,0.2631578947368421,0.9803921568627451,0.29333333333333333,0.2980529028486072,-0.4670792772881118,-1.0128670075757609,2.980529028486072,0.051143438524716006,0.6349764528872122
mturk,usdq8rqhfvf4hnru7h6e1v0e,0.5777777777777777,48.0,0.8125,0.8780487804878049,0.26666666666666666,0.44556317984514027,0.5965858590528899,-0.3804287234218239,4.455631798451403,0.5696180026763817,0.8234007030210188
mturk,vh8uyrnltv4hh60dzg5r3n1i,0.37777777777777777,44.0,1.0,0.21739130434782605,0.32,0.5938136502434941,0.8777641358836081,0.9672251471383037,5.938136502434942,0.9664527842464917,0.4657226195139641
mturk,w1qbxw4ltfgr7ddtsf930nhc,0.7888888888888889,79.0,0.6538461538461539,0.6363636363636364,0.10666666666666667,0.3041190996388044,0.940781629092843,-0.008939362988028271,3.0411909963880444,0.7742570012964414,0.8070557873258142
mturk,w4ascja5gszgs3ox6eh471me,0.5222222222222223,44.0,0.7906976744186046,0.9130434782608696,0.25333333333333335,0.2835182030679858,0.6242717748873639,-0.771039527111608,2.8351820306798583,0.41784618363495907,0.9117047519696436
mturk,w8rp7rwwb638sy4r2hha3hud,0.6777777777777778,57.0,0.9824561403508771,0.5625,0.28,0.5393794050730133,1.6471523334758613,-0.26001439260229914,5.393794050730133,0.9103256822982948,0.9684678150501463
mturk,waigs5rf1gkl2y4f6yt2la5q,0.7,56.0,1.0,0.4411764705882353,0.22666666666666666,0.7606841673320506,0.19763349230020916,0.13828288663817653,7.606841673320505,0.6263265349188791,0.5187863753946254
mturk,wdsdynq3ht0uipzelqp7g0xd,0.25555555555555554,31.0,0.3225806451612903,0.6206896551724138,0.4266666666666667,-0.15905500189899677,-0.7004191008233955,1.1720451278174238,-1.5905500189899677,0.648535060486776,0.02918691018793558
mturk,wjo05xz5faw7ef8m6bu18ev5,0.6888888888888889,58.0,1.0,0.935483870967742,0.16,1.0513115424258808,1.5867051905544214,-0.7974651184808526,10.513115424258807,0.7800385062718727,0.9899444139881255
mturk,x12oo9pn58e61fflukvug2mr,0.6777777777777778,55.0,1.0,0.2941176470588235,0.29333333333333333,1.0151080945745883,1.5721397623892486,-0.5992567373044748,10.151080945745882,0.826317839092032,0.9841418781308242
mturk,x3lheipk8oq00fhkkfjrw6p1,0.6777777777777778,52.0,1.0,0.23684210526315785,0.24,1.0234288675250047,0.6674096924674281,0.4985465490667257,10.234288675250047,0.8797071954571778,0.5647145538627821
mturk,xe6oqx37xdawxlzrgixjkrxn,0.7333333333333333,63.0,0.9838709677419355,0.7037037037037037,0.14666666666666667,0.6668506327271843,1.6599434573859106,-0.6174297284485961,6.668506327271842,0.8428545957350657,0.987443204624445
mturk,xfte2nnmwo5forvvnhf147te,0.5777777777777777,46.0,0.9347826086956522,0.6976744186046512,0.26666666666666666,0.9839748053167392,-0.12426681312135049,-0.5863867576949651,9.83974805316739,0.2299867708127527,0.6591064137642832
mturk,xpy7msfhii19kauw617rabm7,0.7111111111111111,64.0,0.9841269841269841,0.5384615384615384,0.13333333333333333,0.6109092830276018,0.5998518933603976,0.08519118700792765,6.109092830276018,0.7357957663531137,0.6913101006432468
mturk,y0m7gu1o0uy9u4nmziwujofk,0.5666666666666667,53.0,1.0,0.45945945945945943,0.2,1.034827544957878,1.8222502902601116,-0.9816658491474892,10.34827544957878,0.7969862233331615,0.9973695464024839
mturk,y3o44ojrgzutttr3noil3v6m,0.5666666666666667,54.0,1.0,0.6571428571428571,0.30666666666666664,1.1623767320887657,1.741034938797059,-0.9605213131437248,11.623767320887659,0.7664167876792289,0.995690053457244
mturk,ycz8oq9t09kjdd31e6iws4zh,0.4,43.0,0.7619047619047619,0.7659574468085106,0.25333333333333335,0.21865033757703423,0.5237544612900463,-0.61125087730877,2.186503375770342,0.45596405131233786,0.8605053993894167
mturk,yr5vu6xys2fnolxie1e30c7h,0.5222222222222223,43.0,1.0,0.2978723404255319,0.28,0.9460677396723953,0.18180675282139466,0.3651317851912484,9.460677396723954,0.6954367093082094,0.42990362243216895
mturk,z2y2avzhhdgfqg8idm03titm,0.6,54.0,0.9814814814814815,0.6285714285714286,0.2,0.7929279721791459,1.110815656076177,-1.1358987049782545,7.92927972179146,0.47165148125375955,0.9854470627499893
mturk,z4quosqgyjnj8vmg4rc84q3i,0.5777777777777777,42.0,1.0,0.5833333333333333,0.28,1.0703983618271415,0.9961645260284582,-0.24089113939124215,10.703983618271414,0.770233082296103,0.8876321214232914
mturk,zakt1hcsgy0eh24ehvvxnf3b,0.5111111111111111,43.0,1.0,0.5319148936170213,0.32,0.47708784864449527,1.3845713127285113,0.25373725989530127,4.7708784864449525,0.9475202224507724,0.8588847662381148
mturk,zaz4ydbrsd4x6rstq0t1d95s,0.5888888888888889,56.0,0.8181818181818182,0.8529411764705882,0.21333333333333335,0.2825622360593862,0.6050852955391006,-1.097083177403182,2.8256223605938615,0.30081728084498016,0.9516148189877838
mturk,zhyatjv91vue1ejply55efv6,0.34444444444444444,34.0,0.696969696969697,0.4642857142857143,0.4,0.09953803912493936,-0.2324105130296607,-0.30516994499526795,0.9953803912493937,0.30949013563047567,0.4678841610180521
mturk,zwbaaowabh4qdkku0tqsmyc7,0.4666666666666667,45.0,0.7333333333333333,0.7954545454545454,0.26666666666666666,0.12220395135596379,0.23925183855358145,-0.4852973615402524,1.222039513559638,0.3985814759566253,0.6777098025712567
mturk,zwmgj98ty8oq9j77mhqho8gx,0.36666666666666664,33.0,0.9090909090909091,0.9642857142857143,0.29333333333333333,0.39377339094414054,1.1088627992399593,-0.6846582548077651,3.937733909441406,0.6613346141340196,0.9546589674626167
prolific,02hfkd0x4jtnoiwsds69adoq,0.6777777777777778,80.0,0.475,0.5555555555555556,0.17333333333333334,0.45611549775394367,-1.8269184619369196,0.7772183871025303,4.561154977539436,0.09353778294944667,0.008987366382927128
prolific,0do1x8qmwi6ok206agh1xqwb,0.6444444444444445,57.0,1.0,0.6060606060606061,0.24,1.1519333773683058,1.2505402500454206,-0.7666984309777826,11.519333773683059,0.666082561249122,0.9725395558312429
prolific,0imgqq6qokryvins8vmkeh7v,0.5666666666666667,50.0,0.88,0.9743589743589743,0.21333333333333335,0.2832602697603257,1.2438858134658168,-0.43194016340670105,2.8326026976032574,0.7798025796250903,0.9490362933002342
prolific,0kw0yjeyfmbqohivbcjol0y4,0.5777777777777777,50.0,0.86,0.7948717948717949,0.2,0.38852085430778094,0.7524606428410621,-1.0807891456069352,3.8852085430778094,0.3450622704660933,0.9649528071689996
prolific,0tztck6s2pmdsciuznilgj90,0.5333333333333333,47.0,0.9565217391304348,0.6511627906976745,0.28,0.4365146098747458,0.9742544873845627,-0.05336792125517796,4.3651460987474575,0.8084576295291294,0.8359309104038976
prolific,0vl2swi8jsl18qhae18l9lfn,0.7333333333333333,53.0,1.0,0.6216216216216216,0.2,1.1859282542901517,0.8507615953494474,-0.042237472777594404,11.859282542901518,0.7903197710180584,0.8114566561782715
prolific,12c8bstpywx1b84b0gh2tof4,0.6,46.0,0.9782608695652174,0.6046511627906976,0.24,0.9250086206509027,0.5156464653955828,-0.5347193712677558,9.250086206509028,0.4861512089612921,0.8431150008463404
prolific,1i545xikf02ck7ekr6psckaq,0.5222222222222223,37.0,0.8055555555555556,0.7735849056603774,0.25333333333333335,0.2725070059620006,0.6659853056585687,0.04139882396241146,2.7250700596200064,0.7455026257916307,0.7148819829631166
prolific,1id28gbzeshkr8a3rjqtu7gm,0.5777777777777777,53.0,0.8076923076923077,0.9459459459459459,0.2,0.3849986727408041,0.5513937040970018,-0.9819003222028133,3.8499867274080417,0.33401438647707055,0.9284355657861396
prolific,1sxr2nbpa4aj8f9ggyd14vjn,0.45555555555555555,48.0,0.3617021276595745,0.9523809523809523,0.25333333333333335,0.15744406520552756,0.6166443827110348,-0.4728489073218819,1.5744406520552756,0.5284565033465809,0.8442639600153699
prolific,1u2wyleqh3t6iqx93tokdv0k,0.6555555555555556,54.0,0.9811320754716981,0.9166666666666666,0.12,0.804047229972277,1.2798380898958577,-0.9690875054203232,8.040472299722769,0.6057669433482289,0.9858812275408313
prolific,25fuwx9wj8mwr4avjszslbbx,0.6333333333333333,53.0,0.9056603773584906,0.7222222222222222,0.2,0.44767065798502154,0.3595579863623664,-0.4570555422520927,4.476706579850216,0.4614007129924648,0.7819863935947919
prolific,2g95z4j2bkkzbjeeh5wex9qe,0.43333333333333335,35.0,0.8285714285714286,0.7777777777777778,0.22666666666666666,0.24813219264854783,1.5990565633727087,-0.6204543356944403,2.481321926485478,0.8219854544962262,0.9840754653889351
prolific,2leyyrsxpwbmugus6n9l7hgm,0.5777777777777777,56.0,0.8363636363636363,0.8823529411764706,0.22666666666666666,0.2800320859407742,1.3059188301333116,-0.5030959989409305,2.800320859407742,0.7640896790553433,0.9630823900032006
prolific,2sdnu1yjjuxyew3zpe8nwlhb,0.5888888888888889,51.0,0.98,0.20512820512820518,0.29333333333333333,0.8669944888957319,-0.5121474039738682,-0.11521527602869003,8.66994488895732,0.2686058245179713,0.34304978511204376
prolific,354ipv8jxmf3sgg4kl6iwjyg,0.5777777777777777,53.0,1.0,0.7297297297297297,0.2,1.2997365959031304,0.7016467994947575,-0.3992331972033204,12.997365959031303,0.6144103857757738,0.8658625209534563
prolific,3qz20dlryiffihwsltdnk6cn,0.32222222222222224,38.0,0.7567567567567568,0.15384615384615385,0.2,-0.5938866326298871,0.40516294962438293,1.6728680463492065,-5.938866326298871,0.9807440321710883,0.09880563854985568
prolific,3yg7loing1p7y2bbmo5b777o,0.4,37.0,0.9722222222222222,0.5471698113207547,0.30666666666666664,0.4341108743411511,0.863399560369396,-0.2285855912093147,4.34110874341151,0.7191198913584409,0.8436356943162675
prolific,4558saz9j220kta4eyyti4lz,0.6222222222222222,50.0,1.0,0.41025641025641024,0.21333333333333335,1.6613312247322227,0.9323673996792503,0.20434086002920437,16.613312247322227,0.8688569038775154,0.7704180685586894
prolific,465libnx33ipciqmfy8yh88w,0.6444444444444445,55.0,1.0,0.3142857142857143,0.24,0.5888295663397449,0.583198606008005,0.2981115368301487,5.888295663397449,0.8082477785410775,0.6056014181120528
prolific,4kfljupnt4llnjgshhe5xho5,0.5666666666666667,45.0,1.0,0.24444444444444446,0.25333333333333335,0.6560911887636576,0.4811368159614857,0.614508952795086,6.560911887636576,0.8587055360221749,0.44134293678780795
prolific,4szus5mziv7x6mwgfpa0oiq8,0.4222222222222222,40.0,0.925,0.6122448979591837,0.3466666666666667,0.7981878660364261,0.4802680835984625,-1.2395104898876457,7.981878660364261,0.22516391619325266,0.9535182857193074
prolific,4vw992lb5egmeaykdxcetamb,0.4888888888888889,39.0,1.0,0.8431372549019608,0.25333333333333335,1.0396348015665167,1.622017332059342,-0.8457196133675116,10.396348015665165,0.7765487608694664,0.9923764115851633
prolific,54j8pa9apq5tj4fkft6dso0v,0.7222222222222222,60.0,0.9661016949152542,0.5,0.12,0.4889895539772141,0.45517586510953645,-0.039247697509077265,4.889895539772141,0.6513884686912699,0.6878819841775649
prolific,54ju60u1l79ogrexh490fh3s,0.6555555555555556,55.0,0.9629629629629629,0.9714285714285714,0.14666666666666667,0.49535049525248287,1.5513722610487173,-0.42194520303171035,4.9535049525248285,0.8620615721032618,0.9731434118753592
prolific,5a7qv48urh69t3za7xww81ue,0.5111111111111111,37.0,0.7777777777777778,0.5849056603773585,0.36,0.8686751275015954,-0.0274536140109889,-0.6836980660414338,8.686751275015954,0.22813066447126024,0.7488986487499517
prolific,5m3nhzzzppo3vc3k6if20tnm,0.4111111111111111,42.0,0.6097560975609756,0.6875,0.30666666666666664,0.1462533249758223,1.2570815755144906,-0.6410754015164397,1.462533249758223,0.733082757754455,0.9654522577972423
prolific,5moe0thth6evd7ri4hpzlxwm,0.5777777777777777,55.0,0.9814814814814815,0.7142857142857143,0.2,0.6544565172125649,1.7750424688128899,-0.6895805087148824,6.544565172125649,0.8592990044176081,0.9922230681051367
prolific,5tqi72vno74hjnv7elkchmn7,0.5,46.0,0.9555555555555556,0.5454545454545454,0.32,0.457150374453693,0.1938714859850884,-0.2382475923578568,4.57150374453693,0.47925188251947315,0.6600118572950437
prolific,5vlapy2kltynt6q6usdmw53x,0.4222222222222222,46.0,0.7555555555555555,0.7272727272727273,0.29333333333333333,0.20210526969323922,1.1521491953687906,-0.6986983746455504,2.021052696932392,0.6399934461918984,0.9629024453509041
prolific,65z4s3erqhtq0y32l4ud5c77,0.7666666666666667,62.0,1.0,0.3571428571428571,0.18666666666666668,1.0808536213506597,0.6163066336327623,0.6528695889811758,10.808536213506596,0.8900208416883881,0.48442312189153447
prolific,6ueltttfobtmc33ejn29z66s,0.6555555555555556,56.0,0.8545454545454545,0.7647058823529411,0.17333333333333334,0.3163862523046389,0.8135067969111539,-0.49989429045016964,3.1638625230463893,0.6111816508041293,0.8983346921666606
prolific,77drfp2k71bu1i898kgrkloj,0.6555555555555556,48.0,0.9787234042553191,0.5238095238095238,0.25333333333333335,0.8405705804366272,0.3876142423947888,-0.3558833155184916,8.405705804366274,0.5057116333424798,0.767013055681987
prolific,7ezim729gp6n5w6uep9hptuu,0.6222222222222222,53.0,0.9807692307692307,0.5675675675675675,0.14666666666666667,0.5297896044888973,1.810403965251372,-0.35351250843063153,5.297896044888973,0.9237358870224404,0.9825960442795965
prolific,7onu45df12zkrxfc750nn4sa,0.5666666666666667,50.0,0.9591836734693877,0.75,0.25333333333333335,0.8323103321913248,0.4274114733022028,-0.6843545084091763,8.323103321913248,0.3963598855640322,0.852577185042196
prolific,7sw6swyfiqm06ookrrxv1ejk,0.32222222222222224,30.0,0.6666666666666666,0.6949152542372881,0.29333333333333333,0.1160699425054566,0.37203149729903007,0.04074095651584156,1.160699425054566,0.5845924777853764,0.6769172363178713
prolific,84vog25x6i4fgbjucffyhd5p,0.5111111111111111,44.0,1.0,0.3913043478260869,0.26666666666666666,1.06910764125622,1.9298772652132783,-1.0962507117153848,10.6910764125622,0.7943156661564972,0.9984290345628575
prolific,8lfe345vgkvurp8du9sfe3cu,0.7888888888888889,56.0,0.9821428571428571,0.5757575757575757,0.10666666666666667,0.9406226296141625,0.49853891526348015,-0.2863223701889196,9.406226296141625,0.5842881419401238,0.7881671457170045
prolific,8p2ni1ijdad6gblaeiq7rgzi,0.7111111111111111,59.0,1.0,0.3548387096774194,0.21333333333333335,0.8798278449319585,0.4637076455187653,0.3085947940532675,8.798278449319586,0.7746455608638002,0.5591719857940176
prolific,9k89ceqjj2pul71i5uhx7kt5,0.7777777777777778,60.0,1.0,0.8666666666666667,0.12,1.1692710912263276,1.4119032643024494,-0.5907867000165974,11.692710912263276,0.7903046018856918,0.9720971895336699
prolific,9kzs2lfi4bmyk5xz03ck58ne,0.6222222222222222,55.0,0.8363636363636363,0.9705882352941176,0.17333333333333334,0.6125231531774623,0.7841537279507936,-0.9943878369691999,6.125231531774623,0.4167377466161892,0.9567149732405184
prolific,9s73oel30gm6y0mvrbrhg5sl,0.6555555555555556,54.0,0.9811320754716981,0.5555555555555556,0.16,0.46053666046747677,0.6392456402259038,-0.0634021906338858,4.605366604674767,0.7069107977755643,0.7454713508774063
prolific,a2v38wfhjdt19iwmixx5ubbn,0.7333333333333333,78.0,0.6363636363636364,0.25,0.13333333333333333,-0.30418151368963786,-1.702197187612062,-0.9336996077071593,-3.0418151368963784,0.010118890530047938,0.22987770485972525
prolific,a4sq9uovavhzmy3ugpw14nes,0.5,50.0,1.0,0.32499999999999996,0.30666666666666664,1.14463910511624,0.7923985836434523,0.6256532379190018,11.446391051162397,0.9208124100718119,0.5646637681249049
prolific,acyid5qbf3sxlj6irj8rue2i,0.43333333333333335,33.0,0.6363636363636364,0.6428571428571428,0.32,0.18970765111986268,1.2559489598202083,-0.20347036248034264,1.8970765111986267,0.8510042312320973,0.910954847758074
prolific,adledzgxw4grcbjza71kl0bz,0.6333333333333333,57.0,0.9821428571428571,0.7575757575757576,0.2,0.8622651286917197,1.3826053329596966,-1.0822560495729907,8.622651286917197,0.5862722980068247,0.9926685811676934
prolific,as4opn0p6i53xieis0t6eqgj,0.6111111111111112,56.0,0.9818181818181818,0.7941176470588236,0.17333333333333334,0.49701377104463357,1.561946798081748,-0.5166805134973611,4.970137710446336,0.8369045728606579,0.9780573126682894
prolific,aw52ysj006w4svfzx022ho6a,0.6888888888888889,62.0,1.0,0.9642857142857143,0.2,0.6646967915191189,1.5393552978372909,-0.43682314465774164,6.646967915191189,0.8570315098464063,0.9720244715534334
prolific,b50ed6wgqvfuz39mn3dw9s5i,0.6777777777777778,59.0,1.0,0.29032258064516125,0.24,0.7188146910983406,0.5493249149528183,0.6364040079761178,7.188146910983406,0.8785890697351837,0.46196171049641754
prolific,b6ntfmchp7gcv2hhdnmy8dcx,0.5111111111111111,41.0,1.0,0.6458333333333333,0.36,0.6654241198041333,1.5546600338299932,-0.393222224560205,6.654241198041333,0.8686188869448613,0.9700734956598906
prolific,bd1lnrnygthu88n7uhqouupu,0.6555555555555556,52.0,1.0,0.368421052631579,0.17333333333333334,1.3903497150847741,0.349100659624015,-0.6032304681807936,13.903497150847741,0.39708744981792354,0.8296932732078368
prolific,bgdbxmyihscd8j5yck7zpncx,0.4444444444444444,39.0,0.6578947368421053,0.6666666666666667,0.3333333333333333,0.17907313885996257,0.4108151620360125,0.08059478657591987,1.7907313885996254,0.7263475479076434,0.6070523767414945
prolific,bglkgiekgvpk66wserkvszvn,0.7222222222222222,61.0,1.0,0.9310344827586207,0.17333333333333334,1.0639494685018964,1.357789718579452,-0.43851457366223756,10.639494685018963,0.8223586284597507,0.9589924842755857
prolific,bpx7zoh3jy0thvu8qzq8lf0w,0.6555555555555556,57.0,0.9649122807017544,0.5625,0.17333333333333334,0.894179675997189,0.30870611649133284,-1.3575222889305245,8.94179675997189,0.13790442856651908,0.9476644465017487
prolific,brbcu0xzd02uqsem1xrt52wr,0.7333333333333333,58.0,1.0,0.5,0.17333333333333334,0.7590860124597463,0.8869267894240831,0.5673037077243135,7.590860124597462,0.9251852747331188,0.6263247661504752
prolific,bzkr2dox2xt1y9h4s7wpssde,0.6555555555555556,54.0,1.0,0.9714285714285714,0.17333333333333334,1.0964612227095176,1.5652652296845369,-0.735399254249332,10.964612227095177,0.7790309130555069,0.9867080146698244
prolific,c0vajovs4eeyqef7vqaq0ae3,0.5444444444444444,38.0,0.9459459459459459,0.6730769230769231,0.32,0.5808000094445318,0.5921605943280346,-0.5550909950645297,5.808000094445318,0.4987123013587265,0.8654141548216637
prolific,clbuh3a2585h6gnz793fuy9c,0.5555555555555556,54.0,0.5660377358490566,0.6388888888888888,0.22666666666666666,0.14363166099495256,0.6501886961082819,-0.38276170742357046,1.4363166099495257,0.6094503623742478,0.8469892177433114
prolific,cng3i38r1jvcidbz5s9p6pw8,0.5,51.0,0.803921568627451,0.8947368421052632,0.22666666666666666,0.20741521945108865,1.2204522089942276,-0.03000148121611226,2.0741521945108867,0.879432743708277,0.8873144436114738
prolific,cwgfb4shdtmzip7h3libx8if,0.45555555555555555,40.0,0.8,0.7959183673469388,0.28,0.4922965327378947,-0.07721310493186238,-0.7362835979383855,4.922965327378947,0.21093888681996473,0.7370035123863963
prolific,cyf4lwt71hzndc26n3gok5gn,0.5222222222222223,47.0,0.5869565217391305,0.8372093023255813,0.3333333333333333,0.19064191766912025,0.39890959891273137,-0.07242710378111922,1.9064191766912026,0.6675109183096399,0.6820375602869349
prolific,d4kdo4b2j6sp5t7p2c7ay6u2,0.6555555555555556,58.0,0.9824561403508771,0.9375,0.18666666666666668,0.8507147985850676,0.9223673342211274,-0.7896205683881501,8.507147985850676,0.5407802863365502,0.9477553393226166
prolific,d548x9pit2z980gmf8mcce2g,0.6111111111111112,56.0,0.8909090909090909,0.9705882352941176,0.22666666666666666,0.36494202185462155,1.1186760921375885,-0.5244403926218364,3.649420218546215,0.6994826789315052,0.9428250880096396
prolific,d9hniznzrxs4dgpe5u2oh4gp,0.7111111111111111,57.0,1.0,0.4242424242424242,0.18666666666666668,0.9623062450238002,0.3762967568176816,-0.058945754687357944,9.623062450238002,0.6251828513776884,0.6677263913211593
prolific,ddmw598i3zvxrzwq9tinro14,0.6,45.0,1.0,0.2954545454545454,0.29333333333333333,0.5375731084018169,1.512111364996042,0.05726090092194891,5.3757310840181685,0.9380060727566538,0.91745697934621
prolific,dduz8pfhwdmhubex0xukns3v,0.6777777777777778,58.0,0.9824561403508771,0.75,0.14666666666666667,0.4228572819805937,1.8191982120617576,-0.3815733972143327,4.228572819805937,0.9161278025951368,0.9840379424448593
prolific,dfr3ft3vadd2ecq1pqhkiiid,0.5777777777777777,50.0,0.7551020408163265,0.975,0.17333333333333334,0.21991739265118,1.2380606771774774,-0.6324292894677324,2.1991739265117998,0.6990013095308059,0.9650223787921612
prolific,drsp05u7fyun1p5gbhu3a7r9,0.5333333333333333,47.0,0.8695652173913043,0.9767441860465116,0.26666666666666666,0.3114962249137614,1.4275095653961984,-0.1806548632252833,3.114962249137614,0.8863297879540432,0.9381728555828437
prolific,dz9dqzx96f5jbaaue75gaip4,0.4111111111111111,42.0,0.42857142857142855,0.8085106382978724,0.3333333333333333,0.1305440588706599,1.2000033775618202,0.0004047938813491166,1.305440588706599,0.8760698119842537,0.8718765364416599
prolific,e0nvk8pb717u3eqm3wsl2gkf,0.5,41.0,0.8292682926829268,0.8333333333333334,0.30666666666666664,0.22794039714263983,1.7939888188353152,0.10888552102641091,2.2794039714263983,0.9682394876857963,0.9489469300252611
prolific,ef4f7206jrf8matkgc345hmc,0.6111111111111112,46.0,1.0,0.41860465116279066,0.25333333333333335,1.0613323679156155,1.1756851912789046,0.20724834023190214,10.613323679156153,0.9174472936025183,0.8348762725686455
prolific,ehwkf4wl2iz2imaw3cx7ysx3,0.6888888888888889,50.0,1.0,0.5128205128205128,0.25333333333333335,1.3092878333417732,1.0197750283642795,0.2640616949362936,13.092878333417733,0.8987981674149919,0.7734164579298677
prolific,emabcgvxonq2ef9by0gz9zgi,0.4111111111111111,40.0,0.85,0.7959183673469388,0.30666666666666664,0.3206557899001907,0.8172466763551287,-1.0398952556268255,3.2065578990019072,0.38902461876488176,0.9662445400953776
prolific,evqas6s8izco827tpqjvoxcj,0.6666666666666666,58.0,0.9473684210526315,0.96875,0.18666666666666668,0.43995527315845484,1.1476688292550905,-0.5640620395589087,4.399552731584548,0.6951306150236862,0.9466469273445153
prolific,f9xjoighh0qfwmm86mqyv5f5,0.6111111111111112,55.0,0.9629629629629629,0.48571428571428577,0.32,0.7210645998416962,-0.24769639803789145,0.4154613941561358,7.210645998416963,0.5647133737028407,0.25038769409610306
prolific,ff6kgadu0qjiwk84rukj1h84,0.32222222222222224,40.0,0.9487179487179487,0.19999999999999996,0.56,0.29230798930248275,0.7475395404360377,0.44604765305118,2.923079893024828,0.871319141845624,0.5907975012113531
prolific,fiqso5uscn2zlqereap76xmw,0.5222222222222223,42.0,0.6829268292682927,0.7916666666666666,0.29333333333333333,0.25044739927301857,0.6308424007294317,0.4872321454289093,2.5044739927301856,0.8618979352887319,0.5436236000258705
prolific,fuqsuj8ayzevglbwkk56ps6r,0.6333333333333333,49.0,0.9591836734693877,0.95,0.13333333333333333,0.5595968856933986,1.105763111282846,-0.8781472135487332,5.595968856933985,0.5697856080080173,0.9721848394896719
prolific,g5eqvctv9id6b9ptz7kpkpcs,0.6777777777777778,52.0,1.0,0.5526315789473684,0.2,0.6680112911017426,0.786067430829348,0.2205603687090658,6.680112911017426,0.8344291775223999,0.7105912977656162
prolific,gg3va1kde4m54v1ewawz8bo7,0.6666666666666666,50.0,1.0,0.5128205128205128,0.21333333333333335,0.7483898877447641,0.70466173384709,-0.0798824014292799,7.48389887744764,0.7330630150141696,0.780148009898284
prolific,gm54uazasq1wwy757lnxv8a7,0.6222222222222222,57.0,0.8070175438596491,1.0,0.18666666666666668,0.30759264569226974,1.3655797407719583,-0.1778181103764926,3.075926456922697,0.8705863757817438,0.9297535560865966
prolific,grkd2z4k0wsugzpaadomco2b,0.6444444444444445,56.0,0.9636363636363636,0.47058823529411764,0.22666666666666666,1.0059441583833668,0.13211054885359275,-0.620208979282665,10.059441583833667,0.3088588222799435,0.7665796076859416
prolific,gt2taip1p76tvaqyb4294t47,0.6555555555555556,56.0,0.9272727272727272,0.4411764705882353,0.18666666666666668,0.5818973181826724,0.6968675981019201,0.8447456282023844,5.818973181826724,0.9367078409252076,0.448206260092
prolific,h3s7f80w8xa29f1pe7wotkx8,0.4777777777777778,46.0,0.9130434782608695,0.5116279069767442,0.25333333333333335,0.5268518161205726,0.9905860331703555,-1.3106206494380133,5.268518161205726,0.36335023511459674,0.9889199115604692
prolific,h5hs7yvdwt3561x7r3lb2ic3,0.45555555555555555,40.0,0.425,0.8775510204081632,0.29333333333333333,0.26652537213449007,0.2263158751765038,-0.7776602619373285,2.665253721344901,0.2823486850921303,0.8375569226394038
prolific,hhlynjf4hzepmv9w0mbcxqr6,0.5333333333333333,46.0,0.9333333333333333,0.6590909090909092,0.28,0.5421240105768291,0.3674473164508538,-0.4733708746844297,5.421240105768291,0.4528862491232686,0.7840635114652349
prolific,hrbrgwqw7co5zozydcd3fgrz,0.6666666666666666,55.0,1.0,0.8285714285714285,0.24,1.206386493986408,0.8508180829006032,-0.5923845496153085,12.063864939864079,0.5909755493031728,0.9146897559372589
prolific,i0ugmx5o8r0kmwjzjg0izrr6,0.6222222222222222,52.0,0.9607843137254902,0.9210526315789473,0.17333333333333334,0.8207747243088932,0.9594353446580546,-1.1208942365987247,8.207747243088932,0.427403771204518,0.9778901340819859
prolific,i25gjxbngzv1icp6foea9h68,0.6666666666666666,58.0,0.9824561403508771,0.71875,0.24,0.5002370340448599,1.059333460242378,-0.29032626411370877,5.002370340448598,0.7662603734952462,0.9003223535827742
prolific,i6affm1b3nhuvqtt5axqrbx9,0.4111111111111111,42.0,0.8048780487804879,0.6041666666666667,0.14666666666666667,0.2544140506009113,0.8196727104743975,-0.6456291676143538,2.5441405060091133,0.5151187055295356,0.9271791243666938
prolific,i7go7bwvda0otq6epxskd21k,0.5777777777777777,45.0,0.75,0.9333333333333333,0.21333333333333335,0.25440303310326046,0.7100046549616512,-0.5867478354242892,2.5440303310326047,0.5119626241137379,0.8868740439355147
prolific,ii6vjnrw5osveykviroi5sjs,0.6888888888888889,69.0,0.6956521739130435,0.65,0.13333333333333333,0.18062671609783162,0.354376651855562,0.1367784498017123,1.806267160978316,0.634672087384043,0.5786410756005933
prolific,jakm2wy22dv5pig2gfe7sip6,0.6444444444444445,50.0,0.96,0.9743589743589743,0.17333333333333334,0.8238037404828001,0.8900052431146306,-1.082231716268942,8.238037404828003,0.4027153848179877,0.9706655069058636
prolific,jenzwgz5xzbpfou39t519cbq,0.5888888888888889,49.0,0.9583333333333334,0.6341463414634146,0.22666666666666666,0.6808688700712162,0.4765647971944361,-1.0509632619203653,6.808688700712162,0.28081315136128693,0.9323556777116193
prolific,jfvqy4bcxgd0018eo9v0aemz,0.6555555555555556,60.0,1.0,0.3793103448275862,0.26666666666666666,1.8237003265697078,0.917986266756431,0.2940394394381831,18.237003265697076,0.8940447367631039,0.7405047493329344
prolific,jnabdy80h0q1gk2nwhrpcq4c,0.7333333333333333,54.0,0.9811320754716981,0.38888888888888884,0.16,1.0061360470353666,-0.2636547011668377,-0.23917691766756224,10.061360470353666,0.3064868731326916,0.48564495528803076
prolific,jpjqotrhlpgroq452sz8q1pp,0.6444444444444445,49.0,0.9795918367346939,0.95,0.18666666666666668,0.7575445951466049,1.0072613188539739,-0.8898175193004814,7.575445951466049,0.5304439727462152,0.9662371240679308
prolific,jsiz28uvujubuu9fh299yt2x,0.6888888888888889,59.0,0.9655172413793104,0.5806451612903225,0.2,0.46723741639440913,1.0469779990887802,0.42489793155694144,4.672374163944092,0.9265702518497152,0.722096666706275
prolific,jsqd8nqe3yz1wf39o073cupk,0.7222222222222222,59.0,0.9655172413793104,0.25806451612903225,0.16,0.9552869686950216,0.0515115551658551,0.5461201255720043,9.552869686950217,0.7245609951191208,0.30810201587585095
prolific,jwf8igqmhrzi0d5auaw283ge,0.5555555555555556,48.0,0.9574468085106383,0.40476190476190477,0.26666666666666666,0.2926796473401798,1.7599854138543702,0.2039638214069205,2.926796473401798,0.9725209398395364,0.9281932451529785
prolific,k20lt88h187bwdhylafnqt2u,0.5333333333333333,45.0,0.7727272727272727,0.6444444444444444,0.29333333333333333,0.374156573345268,-0.04616243039980916,-0.5521110931208077,3.7415657334526795,0.26125515092232154,0.6967905036490079
prolific,k4r8vpzt3fw549gr1ud5u95y,0.5666666666666667,51.0,0.84,0.9743589743589743,0.26666666666666666,0.4896217630271293,0.6045343679432456,-0.6556503801815463,4.896217630271293,0.4695311560097812,0.8852058086191612
prolific,k9loevk12co5ni85iv4n1nhy,0.4777777777777778,36.0,0.8571428571428571,0.5925925925925926,0.28,-0.038174383696149505,-0.7949024469497352,-0.9308059496048471,-0.38174383696149505,0.03283489189768511,0.5584007361012372
prolific,ko9z51q0qculkdsls68k4ph7,0.5111111111111111,44.0,0.7954545454545454,0.6222222222222222,0.29333333333333333,0.20260854335280704,1.3091551483288204,-0.04361631622424661,2.0260854335280705,0.8915088472647061,0.9032136776568159
prolific,kwiconcwj088eqixqr19bdvk,0.4888888888888889,42.0,0.926829268292683,0.6041666666666667,0.3466666666666667,0.43462745756581433,1.3207581644501867,-0.22554644820073683,4.346274575658143,0.853894501156977,0.9278258573120344
prolific,l3dgmgy4ntgblrflll7epil4,0.7333333333333333,62.0,0.9838709677419355,0.5185185185185186,0.14666666666666667,0.7973082605570427,0.8137411152122218,-0.1407410554769995,7.9730826055704265,0.7471526521283798,0.8379813947910422
prolific,lfefipdfxe5vmdz550ub6rab,0.5333333333333333,44.0,0.7674418604651163,0.6086956521739131,0.21333333333333335,0.2354128531497653,1.090055948488339,0.5021724140020787,2.3541285314976528,0.9424256580163877,0.6940938925164253
prolific,lhrpsrhtf4ubnk9dev13a55u,0.5222222222222223,51.0,0.7843137254901961,0.6578947368421053,0.36,0.38507905045955443,0.49314519226973963,0.3246716011548162,3.8507905045955444,0.7867389298809064,0.5579629482415516
prolific,ln0nrlca6tvkni2ac7xi7h7p,0.6666666666666666,49.0,0.9166666666666666,0.2195121951219512,0.13333333333333333,0.9315180615125238,-0.2938424500021236,-0.6190853456298342,9.31518061512524,0.17939024646893897,0.6251384527950506
prolific,m1nml3stwvbiv4tyez8791cz,0.7444444444444445,59.0,1.0,0.6774193548387097,0.14666666666666667,1.511364834464363,0.42456849524518286,-0.5319758401646937,15.113648344643632,0.4447794044874395,0.8293893361476055
prolific,m2d9cakvpjzfvssrwsue1l8x,0.7,57.0,0.8571428571428571,0.8787878787878788,0.16,0.30126908466837443,1.52209842259796,0.027180698905480825,3.012690846683744,0.9321083608891034,0.9240629665369291
prolific,m4wzuj1s8ja9agm0qoc2xj95,0.6666666666666666,58.0,0.9137931034482759,0.967741935483871,0.2,0.40252191600177384,1.5203841901163777,-0.14534268603057474,4.0252191600177385,0.9100409704040198,0.9439479693447206
prolific,mg7hs29j7m7upg6e67lt7xnc,0.5666666666666667,47.0,0.9782608695652174,0.5116279069767442,0.28,0.7385505442358214,0.6328834329106671,0.04130626502356354,7.385505442358214,0.7440195501818496,0.7223746209483721
prolific,miokf3xp31sodz9fu1ooo8rv,0.5,44.0,1.0,0.4,0.3333333333333333,0.8437132258794999,0.9984424600057079,0.5034337986253583,8.437132258795,0.9332964106682564,0.6912864989772393
prolific,mkx1kg37cbbam013vv3o4d5n,0.7777777777777778,62.0,1.0,0.6785714285714286,0.17333333333333334,0.8522642338714581,0.624855668006307,-0.28271875196475116,8.52264233871458,0.6318462460843948,0.8076721021907345
prolific,ml99dlvnxomrv0ljb817mo1s,0.6666666666666666,53.0,1.0,0.6216216216216216,0.2,0.664165515054031,1.228275055757837,0.09934012678812282,6.641655150540309,0.9046624575396061,0.8637168614836719
prolific,mn3egk3kcwj6f1iqo6txxdc8,0.4777777777777778,39.0,0.9743589743589743,0.78,0.37333333333333335,0.10099318289045761,-1.1226786012555976,-0.0013443719445430657,1.009931828904576,0.11973901906500978,0.08170282010071131
prolific,mw91qbdbkogx67zcyhafmq4o,0.7111111111111111,53.0,0.9807692307692307,0.43243243243243246,0.16,0.8294035446616765,0.17743424103855945,0.01300541237212182,8.294035446616764,0.5709777151497764,0.5790783534079059
prolific,mx811ate6r8f9iz7i54tx8qh,0.5333333333333333,46.0,0.9777777777777777,0.2954545454545454,0.30666666666666664,0.696816897829917,0.5355236517317586,0.441091065616862,6.968168978299169,0.830152786553375,0.5324933405259872
prolific,mzbjh9jcagvog8amt8gmj6l9,0.6555555555555556,56.0,0.9636363636363636,0.2941176470588235,0.16,0.34025579400305805,0.9279784162469308,-0.8300747312736882,3.4025579400305803,0.5302145362117381,0.955850161930013
prolific,ne5nmyju0k0oi4ez7ql5rkbc,0.4222222222222222,43.0,0.7674418604651163,0.6086956521739131,0.28,0.1980210590436849,0.7687778204791481,-0.8685507998493075,1.9802105904368488,0.3730398100748811,0.9448532986646587
prolific,neoj5f2tsstve521cz90zd7y,0.5888888888888889,53.0,0.8461538461538461,0.8378378378378378,0.17333333333333334,0.5463345870795036,0.4898548688582558,-1.2120044567219557,5.463345870795036,0.2350330670553496,0.9481639077210977
prolific,o1tws8uglfy7iud0zcdhb0of,0.4222222222222222,33.0,0.9393939393939394,0.6785714285714286,0.3466666666666667,0.411112376620882,1.3967229096517322,-0.12064707370056574,4.11112376620882,0.8945982322270032,0.917091324179854
prolific,o6kb7svqlmiv784yyvo82og9,0.43333333333333335,40.0,0.46153846153846156,0.76,0.3466666666666667,0.2136396600465188,0.3361967435066351,-0.8494486589543688,2.1363966004651878,0.24683284587684484,0.851536085751313
prolific,obyyqp9qfruwsd0srd1za801,0.28888888888888886,31.0,0.9032258064516129,0.22413793103448276,0.2,-1.9628492658792378,-2.3859839559013793,-0.5774259461401896,-19.628492658792375,0.0029104430856142617,0.047025814653050335
prolific,ofrox51pmggtdf039k1xu98q,0.7888888888888889,61.0,1.0,0.5714285714285714,0.12,0.666716099320191,0.7846863103210251,-0.10501185918329412,6.667160993201911,0.7515607424742023,0.7976758466635432
prolific,og5eiqhl4ell3pvt7e47zjx1,0.6,48.0,0.9166666666666666,0.5609756097560976,0.17333333333333334,0.5111010094174299,0.043792698511660316,-0.4860687271470092,5.111010094174299,0.32849905793508893,0.6957161302807422
prolific,ozklnmnvkoeg9rhy7e65pj31,0.5333333333333333,48.0,0.8936170212765957,0.9047619047619048,0.2,0.37533325935950873,1.3909009851029346,-0.5120274118620438,3.753332593595087,0.7882782266440601,0.9650311120046874
prolific,p63k33kd0va3yr9hsisv7nza,0.5444444444444444,44.0,0.9767441860465116,0.9130434782608696,0.25333333333333335,0.5778776049402374,1.4593958554307214,-0.6293804320227482,5.778776049402374,0.7883334105681035,0.9766583406167064
prolific,pfs02c9pkgwibojrw7huyt8j,0.6333333333333333,56.0,0.9090909090909091,0.9117647058823529,0.21333333333333335,0.4205033066263053,1.3086181247419897,-0.26793180526295335,4.205033066263053,0.8410321592679733,0.9257150012657109
prolific,pfvcy6m8s0xkkfd9llpty0gt,0.6444444444444445,47.0,1.0,0.4651162790697675,0.24,1.1167779966184643,0.8639763688925347,-0.021105549378990143,11.167779966184643,0.7984704906137565,0.8102298601943907
prolific,pinf9kszx4wbdkhy5l1hwa6c,0.5666666666666667,47.0,0.8695652173913043,0.8372093023255813,0.28,0.40190531645602867,1.5606965171229317,-0.5428437611483287,4.019053164560287,0.8308395363255543,0.9810404687947007
prolific,pj2juz9u4o3412tuhaaon2mx,0.7,74.0,0.5405405405405406,0.5333333333333333,0.22666666666666666,0.5378080532178735,-1.6845169730674519,0.6645924545578648,5.3780805321787355,0.05131506564868997,0.004613344584771888
prolific,pky1krp9005h74sp6c3uzav9,0.5111111111111111,47.0,1.0,0.2558139534883721,0.29333333333333333,0.6311545292934667,0.49097862055039965,0.5901334694900384,6.311545292934667,0.8541228582013485,0.4668670674607268
prolific,po1nb7atf5j4ghhdgotzdk87,0.7555555555555555,55.0,1.0,0.4117647058823529,0.16,1.4862340314721871,1.0972687720010197,0.28326419647456513,14.86234031472187,0.9184173591011502,0.790867065519596
prolific,prixwwn7ldvehxeuaw036cka,0.5444444444444444,42.0,0.975609756097561,0.6458333333333333,0.25333333333333335,0.8484689667691785,0.49885037133590177,-0.6058565444613186,8.484689667691786,0.45715093235771675,0.8612156510353972
prolific,ptz9jbgy1fhpy8jo3lpshxna,0.43333333333333335,43.0,0.5,0.9361702127659575,0.30666666666666664,0.14071046321581182,0.9587819740124746,0.4901684729683411,1.4071046321581182,0.9245408011805831,0.6674361946711964
prolific,pv0jxvb2357a5p0fwzibuqry,0.5444444444444444,49.0,1.0,0.24390243902439024,0.36,0.7286545230912675,0.3081422058332234,0.5669422991553619,7.286545230912676,0.8078321524532945,0.3985109411903931
prolific,pydsub3305ez6hew5ads85ge,0.5111111111111111,45.0,0.8222222222222222,0.7272727272727273,0.18666666666666668,0.8602405917486414,0.7257664413743117,-1.566524698469118,8.602405917486415,0.1935265856016795,0.9880165684598123
prolific,qcdk2tj1c6i20hiduqjeh67w,0.6111111111111112,45.0,0.9555555555555556,0.5909090909090908,0.17333333333333334,0.7317104485410604,0.6564466648415538,-1.178847361827759,7.317104485410605,0.29709883956174,0.9569809126996247
prolific,qqi5znxg9c08psfg0wbsi1jc,0.4777777777777778,44.0,0.8372093023255814,0.8260869565217391,0.26666666666666666,0.4341506252097456,0.6055071485535708,-1.168272748598806,4.3415062520974566,0.2830658414551325,0.9585058846873888
prolific,r8kvfvak4zlrwvn6pisn9vn3,0.6555555555555556,46.0,0.9555555555555556,0.7045454545454546,0.18666666666666668,0.4240247284017974,0.8909418997088591,0.5380296951391065,4.240247284017974,0.9184308801629051,0.6300240203772827
prolific,rajsvfwo2n9j6m1oj6c91rj3,0.6333333333333333,48.0,0.9574468085106383,0.5476190476190477,0.17333333333333334,0.5408215120013412,0.6336301803635707,-0.010203295050289869,5.408215120013412,0.73209225898811,0.7397994099242554
prolific,rd874rrg3n6blz5e2vmch8ks,0.7111111111111111,56.0,0.9818181818181818,0.5882352941176471,0.12,0.6280417172384078,0.6994067561425124,0.18460884371048075,6.2804171723840785,0.8112897234292757,0.6965123980174557
prolific,res0ruqjbr1gufnelh1gmu11,0.45555555555555555,50.0,0.94,0.5641025641025641,0.32,0.7293678121151197,0.4680443516701232,-0.4928265391850695,7.293678121151197,0.4842575662778525,0.8350294906408108
prolific,rlfnbchmxcdnmvh8rchpiker,0.6777777777777778,62.0,0.7377049180327869,1.0,0.17333333333333334,0.28459825854121473,1.3847451846077445,-0.09643943293543,2.8459825854121474,0.8955592943588999,0.9211314292896486
prolific,rz9oz1fa9mxw4p8xg1zex3dn,0.6777777777777778,53.0,1.0,0.6111111111111112,0.18666666666666668,0.6247171151819357,0.7441022015781846,-0.05153577651764044,6.247171151819357,0.7589831410896378,0.7760586565393577
prolific,s6dmy269v6v8tq2sxx6ijbsi,0.6333333333333333,55.0,1.0,1.0,0.16,1.0755162101485487,1.4931001733690183,-0.7281372517422109,10.755162101485489,0.7693851364673707,0.9841280010743991
prolific,s8xztpmugvi5i1hiiy0caf1l,0.6444444444444445,58.0,1.0,0.53125,0.26666666666666666,0.9035152457572313,0.14469355776754567,0.20698983659079478,9.035152457572313,0.6306349476634183,0.4697564642292033
prolific,scx3y6124yw45ct8lh80lxdm,0.4777777777777778,52.0,0.8823529411764706,0.4736842105263158,0.36,0.22817140765688995,1.7441938666963974,0.14721445563741906,2.2817140765688997,0.9652500464864893,0.9402062979845061
prolific,sfcoka8iitssmd15lnc8mb23,0.6,50.0,0.8163265306122449,0.85,0.21333333333333335,0.5224338193171107,0.7041987876656745,-1.2569099443426153,5.224338193171107,0.2606288571238155,0.9729193507865654
prolific,siqr7b26o4dl4t1qe59wdsyk,0.4111111111111111,37.0,0.7027027027027027,0.9230769230769231,0.3333333333333333,0.2240043980989236,0.8392912024288465,-0.8535149139349193,2.2400439809892365,0.46844528910699545,0.9450864449158538
prolific,swq3fvf9fr79ha3hyl3pseuu,0.4444444444444444,40.0,0.48717948717948717,0.92,0.30666666666666664,0.6885244975225572,-0.04905528876496866,-0.9753432309591333,6.8852449752255716,0.14367758201215566,0.8027695303747541
prolific,t1yzez4ovd27jbq0hyrpx1lm,0.5444444444444444,53.0,0.9056603773584906,1.0,0.24,0.3507656239829036,1.5859565304167833,-0.5284083344806683,3.507656239829036,0.8395589858859814,0.9804418736735927
prolific,tblx1m7ct4qr442pn677n41o,0.5555555555555556,50.0,1.0,0.8,0.22666666666666666,1.0580859021882634,1.3179915903136619,-0.41143938222814813,10.580859021882635,0.8087977232134271,0.9541349118329112
prolific,tgt0ui62axqihws96b9rp7q7,0.6222222222222222,53.0,0.9811320754716981,0.8055555555555556,0.28,0.7729262162856435,0.9877306273867993,-0.3780580038816237,7.729262162856435,0.7212018451646388,0.9095355812287549
prolific,tmm6coys6dyyzbvl87at5f2z,0.5444444444444444,46.0,1.0,0.9090909090909091,0.25333333333333335,1.0697045974489503,1.5171907831461406,-0.6971752373342097,10.697045974489502,0.7771268255794139,0.9849791228738971
prolific,u3985tl25civw7cwkponfq3v,0.6888888888888889,55.0,1.0,0.6571428571428571,0.17333333333333334,0.5796876167386491,1.049485609167428,0.47312440243747034,5.796876167386491,0.9346787245897772,0.7172421663720396
prolific,u4hewdfbi95vkie80f4arixr,0.6111111111111112,50.0,1.0,0.5,0.28,1.100633491784687,1.0695689625116662,-0.5469002038442806,11.00633491784687,0.6863506544200864,0.9355847405926985
prolific,u4llbg249clqj7gecwc19dj2,0.4444444444444444,31.0,0.7096774193548387,0.6379310344827587,0.25333333333333335,0.5102659857511391,0.4187125025586119,-1.2701987886746986,5.102659857511391,0.14483077096780894,0.9414685693708
prolific,u5gp53g7omv2ivz6ce9napx8,0.5333333333333333,54.0,0.9433962264150944,0.8333333333333334,0.3333333333333333,0.43161880550104165,0.7775432191432223,-0.7438614046822145,4.316188055010416,0.4930405433064948,0.9230439183225705
prolific,u8ugvmr32frcnzlceuo67kt0,0.6666666666666666,58.0,0.9824561403508771,0.8125,0.2,0.4570765572724942,1.3703309147866718,-0.7001037632482452,4.570765572724943,0.7330284096816828,0.9776777727667301
prolific,ucftdalpyct4hvytx6pvkp3n,0.5444444444444444,51.0,0.9019607843137255,0.8157894736842105,0.3466666666666667,0.43594071721127226,0.5307999881394162,-0.6462628382077173,4.359407172112722,0.46060006696304734,0.8671360326562707
prolific,ulg8tc0zx06x1i6z1sgm5t4z,0.5888888888888889,42.0,1.0,0.5833333333333333,0.24,1.3367272526222505,0.42208586882585475,-0.37070027247751636,13.367272526222507,0.5239945941684492,0.784335924825212
prolific,uuh7v8p7kao4kesi6uu6tvw9,0.36666666666666664,36.0,1.0,0.30188679245283023,0.38666666666666666,0.5172671857511332,0.33660618020960587,0.10690036585886893,5.172671857511332,0.6544895674891564,0.6038675848832804
prolific,uukqsvy7zzeqfqovqzd1pa64,0.6333333333333333,47.0,0.9574468085106383,1.0,0.2,0.7517195748550056,0.8629591611147316,-1.0849255158602302,7.517195748550055,0.4068983624515659,0.968978049301997
prolific,uy4dfkzf724ww53jtl7euz3e,0.45555555555555555,38.0,0.7368421052631579,0.7254901960784313,0.30666666666666664,1.1864259593543656,-0.32753773703654765,-1.2085940621654192,11.864259593543656,0.053211262022587864,0.8074482506095031
prolific,v2h8o96cg4bhv88n2a134lzf,0.6222222222222222,50.0,1.0,0.4,0.17333333333333334,1.2208556180570436,1.017723329822109,0.12249029841205632,12.208556180570437,0.8716019104019682,0.8060203536855901
prolific,v9ausuant19jns40jd4luox9,0.5888888888888889,50.0,0.7346938775510204,0.85,0.21333333333333335,0.2159676394348629,1.0535798645330683,-0.3494317003892664,2.1596763943486295,0.7548914223313825,0.9060168609607383
prolific,vagifv6u15xfnf6u3kh9vq6r,0.5555555555555556,46.0,0.9782608695652174,0.6976744186046512,0.30666666666666664,0.3993969649679701,1.4390558618148424,-0.18037505217707117,3.993969649679701,0.8884719912994394,0.9356828171244509
prolific,vjt1f5j28jg0m1mme6atp0jt,0.3333333333333333,30.0,0.9655172413793104,0.09999999999999998,0.3333333333333333,1.52616480449338,-1.6366757760434474,0.4195742806138822,15.2616480449338,0.11381887098115882,0.0193505551338036
prolific,w2mr1qy43bjo0tukpzsj8bem,0.5666666666666667,46.0,0.8888888888888888,0.5227272727272727,0.21333333333333335,0.25106545393932567,0.7203981031719207,0.10194696544746795,2.510654539393257,0.7799876762024105,0.6993757862930551
prolific,wbmh5irelure1ly1hmnbdml3,0.6666666666666666,60.0,0.864406779661017,0.7,0.24,0.38763127409802683,0.29050622049936303,-0.44453261609809325,3.8763127409802687,0.43477215549456333,0.7673206581325474
prolific,wdioev3k4jeqerrhvrwol0tb,0.5333333333333333,48.0,0.8723404255319149,0.8571428571428572,0.26666666666666666,0.3502351623496761,0.847400135186325,-0.6092228267940201,3.502351623496761,0.573425792740728,0.922734547672475
prolific,wff878hbkprp629llodp0m48,0.6111111111111112,44.0,0.8372093023255814,0.5652173913043479,0.22666666666666666,0.3598499295089321,0.25430809586684217,-0.23923775102975503,3.5984992950893204,0.4969489454814551,0.6851698528344109
prolific,wlj16w5ezr0c3vxwa8kpkei4,0.5222222222222223,41.0,0.975,0.4285714285714286,0.22666666666666666,0.4826770187619829,1.4564601108517534,-0.3522044309044793,4.826770187619829,0.8531364313910346,0.9593583088041866
prolific,wqv0k771mdewidtut1vlckwa,0.6,53.0,0.8653846153846154,0.6486486486486487,0.17333333333333334,0.2931145693060385,1.4438623235830637,-0.01970396863216727,2.9311456930603854,0.9161099284733203,0.9169977124765347
prolific,wxiwvk4ltgldotcyc6r0r4u2,0.6,48.0,0.9787234042553191,0.7380952380952381,0.24,0.8434765606396858,1.1468678540619672,-0.9856421325913907,8.434765606396859,0.539817899978394,0.9817927149995782
prolific,x0141yy1fat9j4de4yerqoeh,0.6222222222222222,45.0,0.9318181818181818,0.6444444444444444,0.14666666666666667,0.8859620307089182,0.663003932466073,-1.3967852127391482,8.859620307089184,0.22219609178168945,0.9787933837286653
prolific,x0tr8sfr0g0hf2wcinx2sltl,0.5777777777777777,48.0,0.9574468085106383,0.8095238095238095,0.22666666666666666,0.37413260887064526,1.5357579508117096,-0.4187402032575748,3.741326088706453,0.8544903566475571,0.9710796462707127
prolific,x9xony0cxtk8q4m0egvrv3p7,0.6111111111111112,53.0,0.8846153846153846,0.8648648648648649,0.2,0.3694931332736878,1.2852254161848644,-0.6285830576751248,3.6949313327368785,0.7271882244303938,0.967661301194457
prolific,xd78fudntrmkohbpq9cgjdik,0.7222222222222222,55.0,1.0,0.3142857142857143,0.21333333333333335,0.6801011798902838,0.8905045568191867,0.6483314153435651,6.801011798902839,0.9384429248078794,0.5908724144693045
prolific,xlvutciogdrl2r9g45gz7ldl,0.37777777777777777,43.0,0.9534883720930233,0.30434782608695654,0.52,0.6843880749716029,-0.0890454521430179,0.9508106093989392,6.843880749716028,0.7971156006399363,0.14884073208665477
prolific,xmcftp4w2e52rl9zsgzpyrxh,0.7444444444444445,61.0,0.9833333333333333,0.896551724137931,0.14666666666666667,0.8564321751178108,0.8773412572515352,-0.7013461457231005,8.564321751178108,0.5502900417676462,0.937335658577482
prolific,xod95zhzmdzosg5eoygdfe35,0.5333333333333333,43.0,0.9285714285714286,0.9361702127659575,0.25333333333333335,0.4354607847185703,1.213185739011144,-0.3855485198688283,4.354607847185703,0.7828690046894801,0.9314229403435856
prolific,xuoje6vh4hw7rm08jc79muav,0.6,52.0,0.8627450980392157,0.8157894736842105,0.28,0.32516732993971664,0.6128505788024727,0.26578336294127347,3.251673299397166,0.7833203982151907,0.6099680184318939
prolific,xus1hcgd5jscu5yugxpbjjus,0.4888888888888889,45.0,1.0,0.7333333333333334,0.18666666666666668,1.052509803573537,1.7048541695945034,-0.8810101201080469,10.525098035735368,0.8006538933404135,0.9942858137930068
prolific,xvpdzry1jqz4fq3gom48b9c6,0.6111111111111112,76.0,0.4533333333333333,0.7142857142857143,0.18666666666666668,0.11007338503047397,-0.20882511636146117,0.6599262722886017,1.1007338503047397,0.6907238624160943,0.17640875906749842
prolific,y20qesh4on6pf8bl4d8xnfxw,0.5555555555555556,48.0,0.9791666666666666,0.4390243902439024,0.41333333333333333,0.8198405575298626,-0.3993946300733582,-0.07221125507918086,8.198405575298626,0.3167491966179631,0.3667317261019314
prolific,y8t2sd3dutbsp5rki7byp72x,0.5555555555555556,49.0,0.7708333333333334,0.9024390243902439,0.21333333333333335,0.3326161518273779,0.6218255582650054,-1.0862446684169789,3.326161518273779,0.2954993754284136,0.9481485658486828
prolific,yfnacg4i0v7jifyfakxjbd1q,0.34444444444444444,36.0,0.0,0.9814814814814815,0.32,0.02342395360283387,-0.564048793189843,-0.17699063042857413,0.23423953602833872,0.20114503844175669,0.3414738381486381
prolific,yjylqgzycho9i25v2kjx1lo0,0.6333333333333333,57.0,0.9642857142857143,0.2727272727272727,0.25333333333333335,1.2847892024719139,-0.632286420536124,-0.07652419018732382,12.847892024719139,0.24060565975986783,0.27516809056454455
prolific,ym6mi7m98bwg02h1q56c9brf,0.5,45.0,0.9772727272727273,0.5333333333333333,0.4266666666666667,0.5614945888371818,0.5912947677516951,0.6742406468502367,5.6149458883718175,0.8914506668974902,0.46014808169023114
prolific,ypz0pdffitn3le2tum2n6vhx,0.4,45.0,0.4444444444444444,0.7045454545454546,0.4,0.21968040406207034,0.025014636681290094,0.059015354700561226,2.1968040406207034,0.5029232133342816,0.4302501870359118
prolific,yrfvdu0d1fl5g8994ej278vz,0.6777777777777778,55.0,0.8518518518518519,0.7142857142857143,0.22666666666666666,0.5871503302921279,0.10868842878973729,-0.6524859450755434,5.87150330292128,0.2902361658618422,0.764642809874707
prolific,yy3a6xvbwcgzufjmpng6wb3d,0.4777777777777778,45.0,1.0,0.8409090909090909,0.3466666666666667,1.0744973160046118,1.4822845804005014,-0.6333406611763774,10.744973160046118,0.7850853640584021,0.9780611976701272
prolific,z8a14walv6et4id5gwsv4s7t,0.6,56.0,0.9464285714285714,0.9696969696969697,0.17333333333333334,0.41605291465449057,1.7247675657323798,-0.1548921732713866,4.1605291465449055,0.9357596132544912,0.965341751701585
prolific,zk7jn70yddea3o8731mzpoz6,0.4888888888888889,59.0,0.3103448275862069,0.7096774193548387,0.2,-0.046605493522834246,-0.47497584065575266,0.6386123699320159,-0.4660549352283425,0.568084874224666,0.1318669031876477
prolific,zoaj7vekc9hzlt1rxkbt1f5h,0.6111111111111112,70.0,0.4492753623188406,0.65,0.16,0.04786728723065416,-0.5762066870377824,0.4528708208193472,0.4786728723065416,0.4901035066011004,0.13296188451743263
prolific,zs4sf8n0ws77fp0e0a75jflw,0.6777777777777778,53.0,0.9807692307692307,0.32432432432432434,0.25333333333333335,0.6477137442817741,0.6251993006704455,0.2050663321382082,6.477137442817741,0.7892157124689361,0.6562331689577032
