"subject","platform","prop_correct","win_stay_rate","lose_stay_rate","WSLS_ratio","reward_rt_diff","RW_symm_eta","RW_symm_beta","median_RT","n_long_RT","RW_asymm_eta","RW_asymm_beta","RW_asymm_kappa","mean_perseveration"
"02hfkd0x4jtnoiwsds69adoq","prolific",0.677777777777778,0.468354430379747,0.444444444444444,0.0261941448382127,0.184864978902954,0.630737334141849,1.25505716473418,0.493,6,-1.01311645007675,4.07404948820047,1.70593286367417,0
"0do1x8qmwi6ok206agh1xqwb","prolific",0.644444444444444,1,0.393939393939394,0.434782608695652,-0.020603354978355,0.971075514023383,7.62919211242288,0.2075,1,1.91052677230742,8.06698925201894,-0.89402468693111,3.2
"0imgqq6qokryvins8vmkeh7v","prolific",0.566666666666667,0.862745098039216,0.0263157894736842,0.940800928612885,-0.279789473684211,0.94071413849328,2.61739998203935,0.3815,20,1.7151149476319,2.73323657980163,-0.762146805882089,1.6
"0kw0yjeyfmbqohivbcjol0y4","prolific",0.577777777777778,0.86,0.205128205128205,0.614829080404429,0.0162651282051282,0.933512053443133,2.4790007653908,0.414,10,1.0129424781421,3.51784146372025,-2.15989022420868,1.2
"0tztck6s2pmdsciuznilgj90","prolific",0.533333333333333,0.956521739130435,0.348837209302326,0.465530596436871,-0.12396865520728,0.860215512683024,4.10835331211624,0.083,2,1.32447710069099,4.16506135386924,-0.0660219341488239,1.6
"0vl2swi8jsl18qhae18l9lfn","prolific",0.733333333333333,0.981132075471698,0.388888888888889,0.432287681713849,-0.0279748427672956,0.801379281380927,9.54574055950737,0.3835,7,1.08006370126843,9.10342631698088,0.526980258570401,1.4
"12c8bstpywx1b84b0gh2tof4","prolific",0.6,0.956521739130435,0.395348837209302,0.415108451757666,0.0542143579373104,0.808011088641726,6.28761699297516,0.262,4,0.78054910605099,7.22410255937538,-0.624427218162394,1.4
"1i545xikf02ck7ekr6psckaq","prolific",0.522222222222222,0.805555555555556,0.226415094339623,0.561198577958355,-0.117231656184486,0.800474331968132,2.57949061973853,0.1455,5,1.05802676491332,2.61600004531887,0.0811690449652255,0.6
"1id28gbzeshkr8a3rjqtu7gm","prolific",0.577777777777778,0.811320754716981,0.0555555555555556,0.871825876662636,0.0430366876310272,0.897001329245409,2.46471504278136,0.11,1,1.02933270659818,2.99879513744001,-1.62123993387551,1.6
"1sxr2nbpa4aj8f9ggyd14vjn","prolific",0.455555555555556,0.375,0.0487804878048781,0.769784172661871,0.177692581300813,0.837168410402637,1.29414738146091,0.398,4,0.975996826150962,1.49998577939606,-0.97438447038993,0.4
"1u2wyleqh3t6iqx93tokdv0k","prolific",0.655555555555556,0.962962962962963,0.0857142857142857,0.836528758829465,0.174394708994709,0.975678894185822,5.61768458417033,0.462,16,1.87460752015574,6.25605123017603,-1.25098295912704,0.8
"25fuwx9wj8mwr4avjszslbbx","prolific",0.633333333333333,0.888888888888889,0.285714285714286,0.513513513513514,0.083021164021164,0.726729085480252,3.57425855980709,0.543,23,0.530897835573466,4.17121689902128,-0.910423726038057,1.2
"2g95z4j2bkkzbjeeh5wex9qe","prolific",0.433333333333333,0.828571428571429,0.203703703703704,0.605330599692465,-0.0785661375661376,0.977535566619937,2.22864670047098,0.1475,3,2.05411901431392,2.38714921443393,-0.939383062004675,0.4
"2leyyrsxpwbmugus6n9l7hgm","prolific",0.577777777777778,0.833333333333333,0.114285714285714,0.758793969849246,0.0461396825396826,0.951163105572021,2.59519451268583,0.487,13,1.78153873368638,2.70940556783068,-0.921233406268145,1.8
"2sdnu1yjjuxyew3zpe8nwlhb","prolific",0.588888888888889,0.96,0.794871794871795,0.0940970192869667,0.0123353846153846,0.327432104757727,7.7006663218445,0.144,0,-0.46373105185952,8.09249342034349,-0.196170763440449,4.4
"354ipv8jxmf3sgg4kl6iwjyg","prolific",0.577777777777778,1,0.27027027027027,0.574468085106383,0.0461299376299376,0.856861675031537,8.96686046190634,0.2415,1,1.10302236898654,9.19714454134875,-0.158535008570348,2
"3qz20dlryiffihwsltdnk6cn","prolific",0.322222222222222,0.736842105263158,0.843137254901961,-0.0672762900065317,0.0684798761609907,0.578384957034514,0.266681005016028,0.158,4,0.154821215571757,1.23873531679678,-2.02850109270945,0.4
"3yg7loing1p7y2bbmo5b777o","prolific",0.4,0.944444444444444,0.452830188679245,0.351837959489872,0.280759433962264,0.829254927586409,3.90585980465553,0.4145,6,1.07268287466578,4.13676398446989,-0.305042770623052,2.8
"4558saz9j220kta4eyyti4lz","prolific",0.622222222222222,0.980392156862745,0.605263157894737,0.236576635209893,0.0692884416924664,0.743167620134801,12.5131742559052,0.4505,4,1.04865216275979,11.2720207776614,0.903545256204986,2.6
"465libnx33ipciqmfy8yh88w","prolific",0.644444444444444,1,0.685714285714286,0.186440677966102,-0.413342328042328,0.65099491965099,6.14743923791385,0.415,6,0.749555470670651,5.70873678295125,0.809108674222757,3.2
"4kfljupnt4llnjgshhe5xho5","prolific",0.566666666666667,1,0.755555555555556,0.139240506329114,0.127086868686869,0.501111028349092,7.35646984582935,0.3225,2,0.59974822077218,6.38888085700553,1.41362563494511,3.8
"4szus5mziv7x6mwgfpa0oiq8","prolific",0.422222222222222,0.902439024390244,0.395833333333333,0.390215264187867,0.0948399390243903,0.855497283390712,2.96167407875691,0.4405,13,0.724576112216796,5.80617808678784,-2.26459017757856,2.6
"4vw992lb5egmeaykdxcetamb","prolific",0.488888888888889,1,0.156862745098039,0.728813559322034,0.108131062951496,0.985268639588041,7.26970913710818,0.283,1,2.19455251821077,7.589472806272,-1.01771645361571,0.8
"54j8pa9apq5tj4fkft6dso0v","prolific",0.722222222222222,0.966101694915254,0.5,0.317919075144509,-0.00215367231638419,0.6981236079277,4.62431151655987,0.308,3,0.596174999774751,4.65996525908704,0.00496755500625011,1.8
"54ju60u1l79ogrexh490fh3s","prolific",0.655555555555556,0.962962962962963,0.0285714285714286,0.942369263607257,0.13191164021164,0.967232048561661,4.59344421002217,0.194,3,2.04010806662741,4.75172111154447,-0.660460602299254,0.2
"5a7qv48urh69t3za7xww81ue","prolific",0.511111111111111,0.756756756756757,0.423076923076923,0.282819383259912,0.230085758835759,0.818033442087558,3.53308472163201,0.2235,2,0.294124696907544,5.9219582609166,-1.13357245297289,2.6
"5m3nhzzzppo3vc3k6if20tnm","prolific",0.411111111111111,0.609756097560976,0.3125,0.322314049586777,0.298900914634146,0.962990526140594,1.26578447501069,0.4585,15,1.81400810735478,1.38135063712297,-0.996924913760973,0.6
"5moe0thth6evd7ri4hpzlxwm","prolific",0.577777777777778,0.981818181818182,0.294117647058824,0.538977367979883,0.077651871657754,0.987886061721949,5.65315676519884,0.1575,2,2.29849464442606,5.93973128693761,-0.978746671507076,1.2
"5tqi72vno74hjnv7elkchmn7","prolific",0.5,0.955555555555556,0.454545454545455,0.355300859598854,0.0154757575757576,0.619948936118702,3.95999545956888,0.2625,8,0.280042564953993,4.35237469547187,-0.445513594923106,2.6
"5vlapy2kltynt6q6usdmw53x","prolific",0.422222222222222,0.733333333333333,0.272727272727273,0.457831325301205,0.277629292929293,0.959407098492351,1.64460723372074,0.3645,5,1.66512839367438,1.83574927355811,-1.19537133948881,1.4
"65z4s3erqhtq0y32l4ud5c77","prolific",0.766666666666667,0.983606557377049,0.642857142857143,0.209503239740821,0.00337763466042157,0.61006854177939,9.98599001172715,0.2645,1,0.743159443927018,9.74240809502168,1.39633150496412,2.8
"6ueltttfobtmc33ejn29z66s","prolific",0.655555555555556,0.872727272727273,0.235294117647059,0.575289575289575,0.104458823529412,0.825513332446207,2.88490564603284,0.2945,2,1.02563233745947,3.06908158229432,-1.08725295089639,1
"77drfp2k71bu1i898kgrkloj","prolific",0.655555555555556,0.979166666666667,0.48780487804878,0.334949774852788,0.0412992886178862,0.731306721880063,6.24710677143844,0.2705,1,0.569387078982394,6.86081576545325,-0.292200260750913,3.2
"7ezim729gp6n5w6uep9hptuu","prolific",0.622222222222222,0.961538461538462,0.432432432432432,0.379567486950037,-0.067410602910603,0.979012264507235,5.03607972597628,0.4545,11,2.25582909829789,5.17536471859212,-0.570051254554253,1.6
"7onu45df12zkrxfc750nn4sa","prolific",0.566666666666667,0.94,0.256410256410256,0.57136733819117,0.150558461538462,0.792138124422534,5.0138434007014,0.4775,11,0.686714258864994,6.1304311514952,-0.838181812872759,2.4
"7sw6swyfiqm06ookrrxv1ejk","prolific",0.322222222222222,0.67741935483871,0.293103448275862,0.395988538681948,-0.2055,0.911713771840972,0.961238074325283,1.8,71,1.43320056816984,1.09911938296097,-0.534857615490262,1
"84vog25x6i4fgbjucffyhd5p","prolific",0.511111111111111,1,0.630434782608696,0.226666666666667,-0.132072295247725,0.996146159671993,7.19751548162831,0.307,3,2.46140627466518,7.65509211239947,-1.39823491286108,0.8
"8lfe345vgkvurp8du9sfe3cu","prolific",0.788888888888889,0.982142857142857,0.424242424242424,0.396691035013467,0.0978566017316017,0.777303116325823,7.61219568490982,0.5935,8,0.806965083002632,7.88996518966153,-0.00664165474530392,1.2
"8p2ni1ijdad6gblaeiq7rgzi","prolific",0.711111111111111,1,0.625,0.230769230769231,0.0126946271929824,0.582722508162969,9.19116872130235,0.5045,9,0.649107107564752,8.20183209575744,0.912520378502122,2.6
"9k89ceqjj2pul71i5uhx7kt5","prolific",0.777777777777778,1,0.133333333333333,0.764705882352941,0.101542372881356,0.963837692344494,8.51126321900818,0.1735,2,1.94380205213243,8.65581288045405,-0.709502331104893,0.4
"9kzs2lfi4bmyk5xz03ck58ne","prolific",0.622222222222222,0.836363636363636,0.0294117647058824,0.932056825200741,-0.0418058823529412,0.908889698762861,3.92345869996888,0.142,1,1.0937360728358,4.95135927793967,-1.65774573463082,1.4
"9s73oel30gm6y0mvrbrhg5sl","prolific",0.655555555555556,0.981132075471698,0.416666666666667,0.403824521934758,0.00739412997903566,0.748823372504339,4.45845824626708,0.3,4,0.753649730912733,4.50047009314811,-0.0666238822827433,1.4
"a2v38wfhjdt19iwmixx5ubbn","prolific",0.733333333333333,0.636363636363636,0.75,-0.0819672131147541,0.0635216450216451,0.0200381551374111,12.1831599302323,0.991,43,-2.31808096938374,9.361518221425,1.09487639386909,0
"a4sq9uovavhzmy3ugpw14nes","prolific",0.5,0.98,0.692307692307692,0.172033118675253,-0.00998358974358976,0.649365114755935,11.1170670377116,0.1595,1,0.892096634121385,10.1485607584349,1.39650938278496,4.6
"acyid5qbf3sxlj6irj8rue2i","prolific",0.433333333333333,0.636363636363636,0.357142857142857,0.281045751633987,0.149260281385281,0.936703902529622,1.79961834613736,0.37,10,1.77765112570772,1.868505601861,-0.286093501834752,1.6
"adledzgxw4grcbjza71kl0bz","prolific",0.633333333333333,1,0.235294117647059,0.619047619047619,-0.148019786096257,0.986562915823357,5.77300222471363,0.3355,3,2.02737310523116,6.46652826988502,-1.41217964620204,1.2
"as4opn0p6i53xieis0t6eqgj","prolific",0.611111111111111,0.982142857142857,0.212121212121212,0.644766651563208,0.0985784632034632,0.970218673817318,4.56648965471194,0.3615,4,2.03851630463908,4.78118418227236,-0.818256434949676,0.8
"aw52ysj006w4svfzx022ho6a","prolific",0.688888888888889,0.983870967741935,0.037037037037037,0.927442949093037,-0.131673835125448,0.965734620060724,5.97562904277729,0.2905,1,2.03286126496226,6.1831366748509,-0.603403647205241,1.6
"b50ed6wgqvfuz39mn3dw9s5i","prolific",0.677777777777778,0.983050847457627,0.7,0.168177240684794,0.127920338983051,0.543507619111179,7.5217852194378,0.345,5,0.66385258692148,6.91543813396437,1.39560863687256,3.6
"b6ntfmchp7gcv2hhdnmy8dcx","prolific",0.511111111111111,0.975609756097561,0.354166666666667,0.467329002674818,0.0999766260162602,0.964959050844476,5.98379234486706,0.2995,2,2.03442208941947,6.18904331435022,-0.573013180444983,2.6
"bd1lnrnygthu88n7uhqouupu","prolific",0.655555555555556,1,0.631578947368421,0.225806451612903,-0.175877708978328,0.86115195182324,7.95879241499864,0.3035,2,0.770613832340294,9.39701471151495,-0.617699018088235,2.6
"bgdbxmyihscd8j5yck7zpncx","prolific",0.444444444444444,0.657894736842105,0.333333333333333,0.327433628318584,0.224626418988648,0.901991754963936,1.41227899811842,0.4655,9,1.22421293858664,1.56146576147089,0.00934621985563024,1.6
"bglkgiekgvpk66wserkvszvn","prolific",0.722222222222222,1,0.0714285714285714,0.866666666666667,-0.102300351288056,0.946531257503304,7.85375538924087,0.321,8,1.75824884639483,8.04302820257954,-0.395963238010049,1.2
"bpx7zoh3jy0thvu8qzq8lf0w","prolific",0.655555555555556,0.948275862068966,0.451612903225806,0.354787445371474,0.00824972191323695,0.914774206030629,2.75093609075554,0.196,1,0.579097078385909,5.80389954281969,-2.47974210630651,2
"brbcu0xzd02uqsem1xrt52wr","prolific",0.733333333333333,1,0.515151515151515,0.32,-0.424438311688312,0.706453786197,7.61470977897455,0.3985,10,1.01335276578331,7.25667249776136,1.26986959159603,2.2
"bzkr2dox2xt1y9h4s7wpssde","prolific",0.655555555555556,1,0.0294117647058824,0.942857142857143,0.111986096256684,0.978404401402698,7.77675788634436,0.2635,1,2.07832545800591,8.19138230878705,-0.883141010046135,1.4
"c0vajovs4eeyqef7vqaq0ae3","prolific",0.544444444444444,0.944444444444444,0.320754716981132,0.492957746478873,-0.105964884696017,0.870575146484342,4.11422717644402,0.423,6,1.16650475258879,4.6007300159819,-0.599005072342369,2
"clbuh3a2585h6gnz793fuy9c","prolific",0.555555555555556,0.566037735849057,0.361111111111111,0.221028829847371,0.152858490566038,0.873491538786598,1.18364325745934,0.3475,3,1.14284300150583,1.31629054623012,-0.615177447796071,0.4
"cng3i38r1jvcidbz5s9p6pw8","prolific",0.5,0.788461538461538,0.0810810810810811,0.813508667065153,0.162035862785863,0.933700254565164,1.95140556580767,0.341,11,1.70141528692622,2.01560740998343,-0.0702329203219474,1.4
"cwgfb4shdtmzip7h3libx8if","prolific",0.455555555555556,0.8,0.224489795918367,0.561752988047809,0.0448637755102041,0.42619702255687,3.4161371419163,0.274,4,-0.0193023111009118,4.69200765554768,-1.48573348934002,1.4
"cyf4lwt71hzndc26n3gok5gn","prolific",0.522222222222222,0.577777777777778,0.159090909090909,0.568197395476354,0.0404545454545455,0.861049721536491,1.4206914463253,0.3,4,1.09278317066409,1.57958617063087,0.0708376363741078,1.2
"d4kdo4b2j6sp5t7p2c7ay6u2","prolific",0.655555555555556,0.982758620689655,0.0645161290322581,0.876792352628784,0.24286318131257,0.933520277476489,5.84570390822619,0.3945,11,1.48401905597203,6.57442705562108,-0.977817849236648,1.8
"d548x9pit2z980gmf8mcce2g","prolific",0.611111111111111,0.892857142857143,0.0303030303030303,0.934349355216882,0.0897029220779221,0.930717926626536,3.22852407563119,0.2885,1,1.55169142339993,3.42660941661984,-0.97724680706706,1.2
"d9hniznzrxs4dgpe5u2oh4gp","prolific",0.711111111111111,1,0.59375,0.254901960784314,0.0293163377192983,0.677395310416838,8.75352075082702,0.262,3,0.603927657812794,8.43076587761455,0.2505907375337,2.8
"ddmw598i3zvxrzwq9tinro14","prolific",0.6,0.977777777777778,0.704545454545455,0.162413689582708,0.0673818181818182,0.937061782674692,5.18738543617028,0.214,2,1.91215729551388,5.21055897845597,0.118238368341942,1.4
"dduz8pfhwdmhubex0xukns3v","prolific",0.677777777777778,0.982456140350877,0.21875,0.635782747603834,-0.205758771929825,0.980672366740776,4.08850633676883,0.2915,2,2.2573478144168,4.16123331820901,-0.703302554073332,0.8
"dfr3ft3vadd2ecq1pqhkiiid","prolific",0.577777777777778,0.755102040816326,0.025,0.935905820797907,0.113604081632653,0.958088941051752,1.97657989863309,0.3155,2,1.70709321700105,2.11382163831421,-1.10611300304835,1
"drsp05u7fyun1p5gbhu3a7r9","prolific",0.533333333333333,0.869565217391304,0.0232558139534884,0.947904869762174,0.114386248736097,0.950292237921188,2.95203925505476,0.34,8,1.89515979067817,3.02943494977276,-0.293978815079295,1.2
"dz9dqzx96f5jbaaue75gaip4","prolific",0.411111111111111,0.441860465116279,0.173913043478261,0.435139573070608,0.0469676440849343,0.932125886500651,1.26961522481891,0.165,4,1.76172095894586,1.31523918773903,-0.167257222391347,1.8
"e0nvk8pb717u3eqm3wsl2gkf","prolific",0.5,0.829268292682927,0.1875,0.631184407796102,-0.11247256097561,0.972545411395695,2.24297484670775,0.171,1,2.26400213530513,2.27951044202772,0.0314160639815109,2
"ef4f7206jrf8matkgc345hmc","prolific",0.611111111111111,1,0.581395348837209,0.264705882352941,-0.120025278058645,0.837895491237432,9.70664203274903,0.2095,1,1.30253695568906,8.88479646772635,0.811987784926707,2.2
"ehwkf4wl2iz2imaw3cx7ysx3","prolific",0.688888888888889,1,0.512820512820513,0.322033898305085,-0.0741164102564102,0.766873486111381,11.1087965002526,0.387,3,1.11446561842854,9.99276561814016,0.953342469638265,2.6
"emabcgvxonq2ef9by0gz9zgi","prolific",0.411111111111111,0.85,0.224489795918367,0.582146248812916,0.0663229591836735,0.932856186504339,2.02534425521785,0.336,1,1.06871042226978,2.86312194944958,-2.01883974194217,1.8
"evqas6s8izco827tpqjvoxcj","prolific",0.666666666666667,0.964285714285714,0.0303030303030303,0.939064200217628,-0.130311147186147,0.935595765492375,3.91527839446888,0.293,2,1.56224835676428,4.15136440366779,-0.983509182321801,1.2
"f9xjoighh0qfwmm86mqyv5f5","prolific",0.611111111111111,0.962962962962963,0.514285714285714,0.303724928366762,0.0875391534391534,0.404447616451371,6.60712045931309,0.14,4,-0.160630774357323,6.6932970765832,0.865382932318481,3.6
"ff6kgadu0qjiwk84rukj1h84","prolific",0.322222222222222,0.925,0.816326530612245,0.0624084383240551,0.091425,0.808805424897031,2.61799392665307,0.269,8,1.04285446887089,2.73267219736556,0.774153217365015,8
"fiqso5uscn2zlqereap76xmw","prolific",0.522222222222222,0.682926829268293,0.208333333333333,0.532497149372862,0.136321138211382,0.730842198266704,2.39793184239676,0.3535,4,0.815084659614254,2.4457293279847,0.961208307934637,2.4
"fuqsuj8ayzevglbwkk56ps6r","prolific",0.633333333333333,0.96,0.0512820512820513,0.898580121703854,0.00325435897435894,0.958962172940796,4.10193778126255,0.2895,5,1.62769119847531,4.68862489583795,-1.23564099489302,0.8
"g5eqvctv9id6b9ptz7kpkpcs","prolific",0.677777777777778,1,0.435897435897436,0.392857142857143,-0.101969230769231,0.740308432740611,6.66245944078641,0.3045,3,0.973666747581511,6.32515976117669,0.644869741227141,2.4
"gg3va1kde4m54v1ewawz8bo7","prolific",0.666666666666667,0.980392156862745,0.473684210526316,0.34847409510291,0.00239628482972137,0.786585928137398,6.85989757537849,0.295,6,0.957320660827042,6.92532833676427,0.202802702111002,2.4
"gm54uazasq1wwy757lnxv8a7","prolific",0.622222222222222,0.821428571428571,0,1,-0.0953035714285715,0.937189453825375,2.96017370065006,0.3845,5,1.84472060562883,2.99296796572785,-0.397900382896861,1.2
"grkd2z4k0wsugzpaadomco2b","prolific",0.644444444444444,0.963636363636364,0.558823529411765,0.26589392342817,-0.0675946524064171,0.776171522800772,5.38781028737628,0.222,1,0.318494484718289,8.00849491788229,-1.07141432583819,3
"gt2taip1p76tvaqyb4294t47","prolific",0.655555555555556,0.910714285714286,0.575757575757576,0.22533673097925,-0.0262943722943723,0.585760227258505,6.04160562608266,0.3385,4,0.802342396292652,5.71580719298639,1.72590046564932,2.8
"h3s7f80w8xa29f1pe7wotkx8","prolific",0.477777777777778,0.893617021276596,0.5,0.282442748091603,0.0691236068895644,0.952307137444768,2.75236152281625,0.3385,2,1.12617120809483,4.67925719092793,-2.52424894238635,2.4
"h5hs7yvdwt3561x7r3lb2ic3","prolific",0.455555555555556,0.425,0.142857142857143,0.49685534591195,-0.0577091836734694,0.663719813175138,1.63254065803711,0.103,3,0.437312283540559,2.50461927970871,-1.7126802581252,0.6
"hhlynjf4hzepmv9w0mbcxqr6","prolific",0.533333333333333,0.933333333333333,0.363636363636364,0.439252336448598,-0.0156434343434343,0.740171190689635,4.0692084062492,0.294,2,0.554115889415963,4.82815523604521,-0.795510710526662,3.2
"hrbrgwqw7co5zozydcd3fgrz","prolific",0.666666666666667,0.981818181818182,0.176470588235294,0.695290858725762,0.224694652406417,0.928065258492329,7.9796062466901,0.5275,15,1.49648902780345,8.24926901385154,-0.42999461322218,1.2
"i0ugmx5o8r0kmwjzjg0izrr6","prolific",0.622222222222222,0.96078431372549,0.0789473684210526,0.848138957816377,0.0391465428276574,0.957141011909285,4.74450453195509,0.3385,2,1.40529631917972,5.94395020635515,-1.67294374790724,1
"i25gjxbngzv1icp6foea9h68","prolific",0.666666666666667,0.96551724137931,0.258064516129032,0.578181818181818,0.0856212458286985,0.898022692744482,4.55742204761321,0.304,3,1.49398823987837,4.7064759044611,-0.521160613023202,2
"i6affm1b3nhuvqtt5axqrbx9","prolific",0.411111111111111,0.785714285714286,0.382978723404255,0.344603381014304,-0.241843465045593,0.88548938835955,1.81019451177936,0.131,9,1.17226012809419,2.28897976356231,-1.51680010061163,0.8
"i7go7bwvda0otq6epxskd21k","prolific",0.577777777777778,0.772727272727273,0.0666666666666667,0.84115523465704,0.134688383838384,0.846352412620321,2.0379537457678,0.312,8,0.98794767110489,2.33189458476002,-1.11401170146414,0.6
"ii6vjnrw5osveykviroi5sjs","prolific",0.688888888888889,0.710144927536232,0.35,0.339712918660287,0.199186956521739,0.795259514620321,1.47290096234924,0.491,25,0.93510712341442,1.53389741080653,0.00942244007955576,0.4
"jakm2wy22dv5pig2gfe7sip6","prolific",0.644444444444444,0.979591836734694,0.025,0.950228542407313,0.0807744897959184,0.947890636948511,4.57744974680984,0.3505,2,1.32374084757155,5.73336041668398,-1.59812313451881,1
"jenzwgz5xzbpfou39t519cbq","prolific",0.588888888888889,0.957446808510638,0.357142857142857,0.456647398843931,-0.0694468085106383,0.764261599124019,3.86104175175348,0.2945,1,0.639284782530239,5.76315585319112,-2.01211840039498,1.8
"jfvqy4bcxgd0018eo9v0aemz","prolific",0.655555555555556,1,0.642857142857143,0.217391304347826,0.07253981264637,0.718593649343732,13.5138296361585,0.1095,1,1.00946360478714,12.1486613870796,1.1077083714465,4
"jnabdy80h0q1gk2nwhrpcq4c","prolific",0.733333333333333,0.981132075471698,0.611111111111111,0.232389730085583,0.0560120545073376,0.418648422945415,8.05894669913125,0.889,27,-0.220128496341687,8.97501635305147,-0.363618538629772,2.2
"jpjqotrhlpgroq452sz8q1pp","prolific",0.644444444444444,0.96,0.0512820512820513,0.898580121703854,0.0637323076923077,0.937643267604238,4.98915584054641,0.2415,2,1.48478764657388,5.78470757737499,-1.11701268350534,1
"jsiz28uvujubuu9fh299yt2x","prolific",0.688888888888889,0.96551724137931,0.451612903225806,0.362637362637363,-0.0735100111234705,0.816549218778081,4.54783331070156,0.2745,3,1.24136603741791,4.5878400247342,0.965250646320937,2.4
"jsqd8nqe3yz1wf39o073cupk","prolific",0.722222222222222,0.96551724137931,0.741935483870968,0.130944625407166,0.013650723025584,0.414082884312762,9.12292425623694,0.3165,4,0.134910062102869,8.86849693009037,1.18394478388719,2
"jwf8igqmhrzi0d5auaw283ge","prolific",0.555555555555556,0.9375,0.585365853658537,0.231231231231231,0.148036585365854,0.969015903869218,2.85362880072389,0.313,2,2.18362161443743,2.89340969296627,0.241712877264298,2.4
"k20lt88h187bwdhylafnqt2u","prolific",0.533333333333333,0.777777777777778,0.340909090909091,0.390519187358916,0.0438535353535353,0.787492336245419,2.14013324475632,0.301,2,0.283922648665053,2.98492199907948,-0.920803848769297,0.8
"k4r8vpzt3fw549gr1ud5u95y","prolific",0.566666666666667,0.823529411764706,0.0263157894736842,0.938069216757741,0.104164086687307,0.814885136168233,3.55934799804658,0.1855,2,0.865847340409317,4.12427637618835,-1.05539042953495,1.6
"k9loevk12co5ni85iv4n1nhy","prolific",0.477777777777778,0.885714285714286,0.407407407407407,0.369885433715221,0.137366666666667,0.967438866928755,2.02840374638728,0.6435,29,1.52012051773881,2.54655616851906,-1.75523723183439,2.6
"ko9z51q0qculkdsls68k4ph7","prolific",0.511111111111111,0.8,0.386363636363636,0.348659003831418,0.271854545454545,0.94265758894413,1.93427563528831,0.314,3,1.8249025894274,1.9714907440593,-0.190518643170953,0.4
"kwiconcwj088eqixqr19bdvk","prolific",0.488888888888889,0.95,0.387755102040816,0.420289855072464,0.0561321428571429,0.928700436176032,4.06443336101013,0.573,14,1.7461077324512,4.17759389616921,-0.319195300671383,2.4
"l3dgmgy4ntgblrflll7epil4","prolific",0.733333333333333,0.984126984126984,0.5,0.32620320855615,-0.0113412698412698,0.834264248043576,7.04856645420998,0.1665,5,1.15401441206775,6.99371385215919,0.0182668602875756,2
"lfefipdfxe5vmdz550ub6rab","prolific",0.533333333333333,0.767441860465116,0.391304347826087,0.324607329842932,0.203190596562184,0.894709071600912,2.18916126665087,0.26,6,1.45981602733797,2.29479336804218,0.8556296384865,1.2
"lhrpsrhtf4ubnk9dev13a55u","prolific",0.522222222222222,0.769230769230769,0.351351351351351,0.37291280148423,0.218902806652807,0.71029291914414,3.5546682749474,0.387,12,0.805363341879719,3.56585752399195,0.719038686132299,3.6
"ln0nrlca6tvkni2ac7xi7h7p","prolific",0.666666666666667,0.916666666666667,0.780487804878049,0.0802395209580838,-0.0713328252032521,0.45299747068649,5.05244536479091,0.366,3,-0.223902947510227,7.6961686943864,-1.07327186057416,2
"m1nml3stwvbiv4tyez8791cz","prolific",0.744444444444444,1,0.333333333333333,0.5,0.114597740112994,0.813369035901662,9.44135636158406,0.3775,2,0.739350002266935,9.87777128831791,-0.331833558656952,1.8
"m2d9cakvpjzfvssrwsue1l8x","prolific",0.7,0.842105263157895,0.125,0.741496598639456,-0.31021326754386,0.952774861256648,2.93229123952379,0.308,11,2.03471545662298,2.9414332958084,-0.0661926175159409,1
"m4wzuj1s8ja9agm0qoc2xj95","prolific",0.666666666666667,0.913793103448276,0.032258064516129,0.93180482069371,0.168085650723026,0.955727240219432,3.86971487483904,0.2945,6,2.02283475376106,3.94531184695312,-0.248918516385033,1.4
"mg7hs29j7m7upg6e67lt7xnc","prolific",0.566666666666667,0.978260869565217,0.511627906976744,0.313199864268748,-0.0999322548028312,0.73658022296313,7.03902294773707,0.195,4,0.811001218251705,6.76334280935831,0.445846208506382,3.6
"miokf3xp31sodz9fu1ooo8rv","prolific",0.5,0.977777777777778,0.613636363636364,0.228816248809902,0.0780671717171717,0.738385507293504,8.65356711482712,0.1375,4,1.13103391271276,7.77007328621012,1.25759267933221,4.8
"mkx1kg37cbbam013vv3o4d5n","prolific",0.777777777777778,1,0.321428571428571,0.513513513513514,-0.0172412177985949,0.852818686291117,7.01673809443762,0.621,19,1.14581395588298,7.30334713084788,-0.148538168026357,1.8
"ml99dlvnxomrv0ljb817mo1s","prolific",0.666666666666667,1,0.361111111111111,0.469387755102041,0.0889711740041929,0.880242953866702,6.38370277471067,0.177,3,1.47604913652332,6.3725773439002,0.474695413657901,2
"mn3egk3kcwj6f1iqo6txxdc8","prolific",0.477777777777778,0.948717948717949,0.22,0.623519087319,0.200297948717949,0.883248013310067,1.3157395212641,0.485,10,-0.555516921899792,8.49133613929457,2.61800758080482,4
"mw91qbdbkogx67zcyhafmq4o","prolific",0.711111111111111,1,0.578947368421053,0.266666666666667,-0.243500515995872,0.588099939629164,7.87150704319999,0.327,9,0.356481819437797,7.37495148364026,0.347321243829229,2.4
"mx811ate6r8f9iz7i54tx8qh","prolific",0.533333333333333,0.956521739130435,0.720930232558139,0.140446051838457,0.0216491405460061,0.58647825913855,7.58479421300199,0.1575,1,0.69763434791622,6.6411348090086,1.07200269154983,4.6
"mzbjh9jcagvog8amt8gmj6l9","prolific",0.655555555555556,0.964285714285714,0.696969696969697,0.160912052117264,-0.281977272727273,0.86409388866321,2.71267042066123,0.2955,12,1.13251661324812,3.30892056335723,-1.77095271761489,2
"ne5nmyju0k0oi4ez7ql5rkbc","prolific",0.422222222222222,0.744186046511628,0.391304347826087,0.310774710596616,0.153095045500506,0.958234869225441,1.32017632100899,0.2965,6,1.44928055042291,1.59783151015664,-1.36346698739562,1
"neoj5f2tsstve521cz90zd7y","prolific",0.588888888888889,0.862745098039216,0.157894736842105,0.690596562184024,0.0186233230134158,0.804598445713809,2.91751878203109,0.5185,4,0.684222937754337,4.35243031109106,-2.15478441458808,0.8
"o1tws8uglfy7iud0zcdhb0of","prolific",0.422222222222222,0.909090909090909,0.321428571428571,0.477572559366755,0.151524350649351,0.947831887353945,3.87006484195739,0.2365,2,1.90191823637827,3.93953691343117,-0.132244568235686,2
"o6kb7svqlmiv784yyvo82og9","prolific",0.433333333333333,0.461538461538462,0.26,0.279317697228145,0.0458569230769231,0.933151420820468,1.08601985915176,0.2485,2,1.25412176215021,1.33464029382935,-1.07833289826622,0.6
"obyyqp9qfruwsd0srd1za801","prolific",0.288888888888889,0.875,0.789473684210526,0.0513833992094862,0.0333020833333333,0.900816019163296,0.154943485972275,0.225,12,-2.54466646625594,13.6869402753261,1.81608338868109,3.2
"ofrox51pmggtdf039k1xu98q","prolific",0.788888888888889,1,0.448275862068966,0.380952380952381,-0.0476649425287357,0.840637852738621,6.23052970604377,0.192,5,1.27337976262097,6.2151252008733,-0.0133959503272489,1.4
"og5eiqhl4ell3pvt7e47zjx1","prolific",0.6,0.936170212765957,0.452380952380952,0.348412987960598,0.31609219858156,0.657602264445014,3.53974054025289,0.187,20,0.137343408486564,4.61973923537585,-0.866973954004623,2
"ozklnmnvkoeg9rhy7e65pj31","prolific",0.533333333333333,0.91304347826087,0.116279069767442,0.774066797642436,-0.0352694641051567,0.955984009402729,3.34638732036924,0.449,12,1.8484765938418,3.50053630620637,-0.833704375574653,1.4
"p63k33kd0va3yr9hsisv7nza","prolific",0.544444444444444,0.976744186046512,0.0869565217391304,0.836501901140684,0.148793225480283,0.974864934087056,4.75600531157024,0.352,2,2.06787373406771,5.09889833434405,-0.826979710942086,0.8
"pfs02c9pkgwibojrw7huyt8j","prolific",0.633333333333333,0.910714285714286,0.0909090909090909,0.818476499189627,0.117583333333333,0.929071848579439,3.92979027933445,0.1665,1,1.78353092449052,3.9801717227946,-0.378853627390684,0.8
"pfvcy6m8s0xkkfd9llpty0gt","prolific",0.644444444444444,1,0.547619047619048,0.292307692307692,-0.00417477203647415,0.795435923556369,9.29451892715392,0.165,2,1.06705622270611,8.75801562398072,0.510975672862248,3.2
"pinf9kszx4wbdkhy5l1hwa6c","prolific",0.566666666666667,0.869565217391304,0.162790697674419,0.68462291870715,-0.0395768452982811,0.971814044912744,3.55670392550803,0.354,12,2.00094081972794,3.81641420942084,-0.931080601995813,0.2
"pj2juz9u4o3412tuhaaon2mx","prolific",0.7,0.540540540540541,0.466666666666667,0.073345259391771,0.0996135135135134,0.60301207567936,0.372558733224307,0.5435,7,-1.5784665432575,5.72582955108399,2.11845204890849,0.4
"pky1krp9005h74sp6c3uzav9","prolific",0.511111111111111,1,0.75,0.142857142857143,-0.0841888888888889,0.599319798079941,6.58287009122782,0.342,3,0.650117804453341,6.14834062814675,1.30555828704345,3.4
"po1nb7atf5j4ghhdgotzdk87","prolific",0.755555555555556,1,0.606060606060606,0.245283018867925,0.0591260822510823,0.779542092273297,11.8740662765919,0.252,1,1.14814848183047,10.6818377713656,0.98449885051996,2
"prixwwn7ldvehxeuaw036cka","prolific",0.544444444444444,1,0.346938775510204,0.484848484848485,-0.0738668367346939,0.850921923153281,5.26800954646098,0.299,3,0.917287624855407,6.24257344370279,-0.743155738349596,2.2
"ptz9jbgy1fhpy8jo3lpshxna","prolific",0.433333333333333,0.488372093023256,0.0652173913043478,0.764383561643836,0.234908493427705,0.934859542995143,1.2230553930144,0.2665,3,1.61874741580914,1.31692299685859,0.638617285576214,1.6
"pv0jxvb2357a5p0fwzibuqry","prolific",0.544444444444444,0.979591836734694,0.75,0.132743362831858,0.00413010204081632,0.470197848770497,8.16490599501698,0.283,2,0.399170986382159,6.99109727874042,1.26705681064911,5.4
"pydsub3305ez6hew5ads85ge","prolific",0.511111111111111,0.804347826086957,0.27906976744186,0.484834344377041,0.142875631951466,0.915635222724835,2.55303475508205,0.355,3,0.896580414595797,6.01960297482367,-2.85104941550465,0.4
"qcdk2tj1c6i20hiduqjeh67w","prolific",0.611111111111111,0.955555555555556,0.431818181818182,0.377502730251183,-0.0739363636363636,0.837918836480926,3.50254755720551,0.3565,2,0.890296146622703,5.12315420543367,-1.8436356687195,0.8
"qqi5znxg9c08psfg0wbsi1jc","prolific",0.477777777777778,0.837209302325581,0.195652173913043,0.621145374449339,-0.0153634984833165,0.820685740314754,2.3611650439148,0.298,2,0.761956603145769,3.87300728103943,-2.27124111590915,1.2
"r8kvfvak4zlrwvn6pisn9vn3","prolific",0.655555555555556,0.956521739130435,0.302325581395349,0.519678714859438,0.0625955510616784,0.728870894351896,4.37782625356435,0.174,1,1.02273591252138,4.22145727632337,1.15354399802001,1.4
"rajsvfwo2n9j6m1oj6c91rj3","prolific",0.633333333333333,0.957446808510638,0.452380952380952,0.358246496586417,0.188422492401216,0.752746657202695,5.11648303313876,0.392,3,0.856837024991741,5.04576312378838,0.223877343085723,1
"rd874rrg3n6blz5e2vmch8ks","prolific",0.711111111111111,0.963636363636364,0.411764705882353,0.401244167962675,-0.054727807486631,0.728933231299773,6.32214334847299,0.1905,6,0.880228802920226,6.02330563396243,0.690584097293937,1.6
"res0ruqjbr1gufnelh1gmu11","prolific",0.455555555555556,0.94,0.435897435897436,0.366380916884085,0.154283076923077,0.755676799814489,5.45271822696987,0.219,1,0.719230402352585,6.14027425190043,-0.704445416626556,4
"rlfnbchmxcdnmvh8rchpiker","prolific",0.677777777777778,0.733333333333333,0,1,-0.17458275862069,0.93559926163984,2.74339638620167,0.3015,3,1.83511595531584,2.76817117497028,-0.220785159239745,0.8
"rmj5e5y59rzx15cktxgyyfya","prolific",0.366666666666667,0.358974358974359,0.08,0.635514018691589,0.216073846153846,0.894858628140286,0.598620152326475,0.39,11,-0.3611114572814,2.93544819071815,-2.20427644767005,0.8
"rz9oz1fa9mxw4p8xg1zex3dn","prolific",0.677777777777778,1,0.361111111111111,0.469387755102041,-0.220020964360587,0.801935166794112,5.77069039508614,1.1315,47,1.10760137726621,5.77631288791011,0.171959335611299,1.8
"s6dmy269v6v8tq2sxx6ijbsi","prolific",0.633333333333333,1,0,1,-0.203661497326203,0.974169233479575,7.71964071958997,0.288,9,2.06320035784269,7.91766279135979,-0.821063467417021,0.8
"s8xztpmugvi5i1hiiy0caf1l","prolific",0.644444444444444,1,0.454545454545455,0.375,-0.172933982683983,0.520788000253413,9.18932954206999,0.343,1,0.258307477099071,8.26656440504688,0.557015378541565,3.8
"scx3y6124yw45ct8lh80lxdm","prolific",0.477777777777778,0.862745098039216,0.526315789473684,0.242199108469539,0.126732198142415,0.970894079858295,2.22410821938961,0.304,3,2.22601920639219,2.26119960773624,0.0487741844932386,4
"sfcoka8iitssmd15lnc8mb23","prolific",0.6,0.8,0.153846153846154,0.67741935483871,0.132241025641026,0.958994532099741,2.79116689857639,0.302,3,1.29848352967267,3.42061210047514,-1.86158437328922,1.6
"siqr7b26o4dl4t1qe59wdsyk","prolific",0.411111111111111,0.684210526315789,0.0784313725490196,0.794316644113667,0.374963364293086,0.944002729232538,1.49629066517213,0.2785,6,1.38565491519588,1.80558727012825,-1.31749231448036,0.8
"swq3fvf9fr79ha3hyl3pseuu","prolific",0.444444444444444,0.487179487179487,0.08,0.717902350813743,-0.072014358974359,0.719879955859622,2.17743634547526,0.3095,2,0.202758424189951,4.43701504799911,-1.64036683520618,2
"t1yzez4ovd27jbq0hyrpx1lm","prolific",0.544444444444444,0.924528301886792,0,1,0.163479559748428,0.97388763331149,3.22676985528458,0.2955,2,2.05687022327192,3.36094926309421,-0.89851482529804,0.8
"tblx1m7ct4qr442pn677n41o","prolific",0.555555555555556,1,0.2,0.666666666666667,0.0155576530612245,0.941635564339748,7.87278568182363,0.299,1,1.73922009760773,8.01199006462073,-0.41569167102954,2.6
"tgt0ui62axqihws96b9rp7q7","prolific",0.622222222222222,0.981132075471698,0.194444444444444,0.669193045028979,0.0179633123689728,0.887527422880521,6.31199871907489,0.307,2,1.35963221285552,6.62112033466973,-0.265790255075507,2
"tmm6coys6dyyzbvl87at5f2z","prolific",0.544444444444444,1,0.113636363636364,0.795918367346939,-0.163115656565657,0.977673755131847,7.45538695139567,0.2595,2,2.06903694729653,7.81432085692893,-0.831965953966709,1
"u3985tl25civw7cwkponfq3v","prolific",0.688888888888889,1,0.342857142857143,0.48936170212766,0.170261375661376,0.818095652245267,5.9150276444143,0.1725,6,1.25770804517582,5.71177689505346,1.02740010386544,1.6
"u4hewdfbi95vkie80f4arixr","prolific",0.611111111111111,0.98,0.512820512820513,0.312950875987633,0.131097435897436,0.938091583601262,7.6901094888597,0.299,2,1.64010357109503,8.06945830960776,-0.497200258180461,3.8
"u4llbg249clqj7gecwc19dj2","prolific",0.444444444444444,0.71875,0.368421052631579,0.322239031770045,0.246304824561404,0.951971632086348,1.51529732138122,0.346,10,1.26550171129027,1.95958126385831,-1.55775869558967,0.6
"u5gp53g7omv2ivz6ce9napx8","prolific",0.533333333333333,0.961538461538462,0.162162162162162,0.711378353376503,-0.0748258835758836,0.885165652494105,3.17932037252476,0.382,7,1.08067575402763,3.77833634277645,-1.35548909116249,2.2
"u8ugvmr32frcnzlceuo67kt0","prolific",0.666666666666667,0.982758620689655,0.193548387096774,0.670921985815603,0.0533203559510568,0.966930180739624,4.01685460351398,0.4135,5,1.8051984092849,4.30284808902859,-1.19968109486922,1.2
"ucftdalpyct4hvytx6pvkp3n","prolific",0.544444444444444,0.901960784313726,0.184210526315789,0.660807600950119,-0.633083591331269,0.77238288456332,3.39256531891866,0.463,19,0.806495333131414,3.83781282756691,-1.14975087807961,2
"ulg8tc0zx06x1i6z1sgm5t4z","prolific",0.588888888888889,1,0.416666666666667,0.411764705882353,-0.0235604674796748,0.76783620479616,9.02875721332518,0.6815,12,0.731514603903273,9.21304061480451,-0.0186720916925783,2
"uuh7v8p7kao4kesi6uu6tvw9","prolific",0.366666666666667,0.972222222222222,0.69811320754717,0.16410417320364,-0.00851886792452833,0.691970152726151,5.10707771980033,0.3225,3,0.851023824765955,4.84192729930466,0.300628483614878,5
"uukqsvy7zzeqfqovqzd1pa64","prolific",0.633333333333333,0.957446808510638,0.0238095238095238,0.951471347444502,0.00635460992907799,0.920280255673532,4.20151417708218,0.2745,1,1.2275418561573,5.36128821172971,-1.62100080999597,0.6
"uy4dfkzf724ww53jtl7euz3e","prolific",0.455555555555556,0.736842105263158,0.274509803921569,0.457142857142857,0.0393720330237358,0.782817440556188,1.60504742989984,0.3205,4,0.0791657742445185,6.39542481917447,-2.49157181473748,0.8
"v2h8o96cg4bhv88n2a134lzf","prolific",0.622222222222222,1,0.625,0.230769230769231,-0.0654811224489796,0.793523735850877,10.0878246094464,0.2645,2,1.14655442470639,9.31605154413673,0.739898269681205,2.6
"v9ausuant19jns40jd4luox9","prolific",0.588888888888889,0.72,0.128205128205128,0.69770253929867,0.0130461538461539,0.904701460439291,2.01287911517966,0.1885,5,1.48457713718232,2.10958210926909,-0.644993578616729,0.6
"vagifv6u15xfnf6u3kh9vq6r","prolific",0.555555555555556,0.957446808510638,0.30952380952381,0.511395441823271,0.178167679837893,0.948974264546703,3.77778995517936,0.3785,8,1.9220870345114,3.89802640864215,-0.280855301501096,2.8
"vjt1f5j28jg0m1mme6atp0jt","prolific",0.333333333333333,0.964285714285714,0.885245901639344,0.0427350427350427,-0.21018793911007,0.470257383839184,6.30331290102018,0.097,3,-1.55641881671896,11.2725291063123,1.05254077833489,4.6
"w2mr1qy43bjo0tukpzsj8bem","prolific",0.566666666666667,0.891304347826087,0.488372093023256,0.292048369366068,0.0679524772497472,0.761537671239553,2.42587253657949,0.231,1,0.981989998491447,2.43116781979929,0.289288388476294,2
"wbmh5irelure1ly1hmnbdml3","prolific",0.666666666666667,0.847457627118644,0.3,0.477104874446086,0.129301129943503,0.690391338711376,3.11442423289459,0.233,2,0.498102132804399,3.50469790997778,-0.87606417804622,1.8
"wdioev3k4jeqerrhvrwol0tb","prolific",0.533333333333333,0.893617021276596,0.142857142857143,0.724340175953079,0.131713779128673,0.843791502641069,2.83038511415264,0.143,2,1.09099737898682,3.30057849205832,-1.27876541833916,1.6
"wff878hbkprp629llodp0m48","prolific",0.611111111111111,0.840909090909091,0.422222222222222,0.331467413034786,0.0845863636363637,0.621373191163386,3.23296541415155,0.428,6,0.295201880593412,3.55287503280241,-0.511819370669293,2
"wlj16w5ezr0c3vxwa8kpkei4","prolific",0.522222222222222,0.951219512195122,0.5625,0.256797583081571,0.00727134146341463,0.947369299953191,4.3540961791477,0.2065,4,1.85642042502097,4.55690930861381,-0.49572014776665,2
"wqv0k771mdewidtut1vlckwa","prolific",0.6,0.849056603773585,0.361111111111111,0.403204850584669,-0.0186682389937107,0.94052734712157,2.86173693586298,0.431,1,1.91043758083748,2.88753964065736,-0.0935972784864011,1.8
"wxiwvk4ltgldotcyc6r0r4u2","prolific",0.6,0.958333333333333,0.268292682926829,0.562551781275891,0.272748475609756,0.974216104970786,5.44313815249101,0.586,15,1.78959614393715,6.29534357612178,-1.30569182668495,1.4
"x0141yy1fat9j4de4yerqoeh","prolific",0.622222222222222,0.954545454545455,0.355555555555556,0.457208943716268,0.0345530303030303,0.924299888268118,3.06964640764547,0.3975,2,0.908895875105758,5.98150137018709,-2.49811361185991,1.2
"x0tr8sfr0g0hf2wcinx2sltl","prolific",0.577777777777778,0.9375,0.195121951219512,0.655450874831763,0.185508130081301,0.964407387000561,3.45058019730339,0.435,9,1.99360054194026,3.58878946334608,-0.703584052939321,0.2
"x9xony0cxtk8q4m0egvrv3p7","prolific",0.611111111111111,0.884615384615385,0.135135135135135,0.734964322120286,0.194766632016632,0.948482541644477,3.20593306647627,0.334,3,1.68013394774013,3.447331929938,-1.04143907691874,1
"xd78fudntrmkohbpq9cgjdik","prolific",0.722222222222222,1,0.676470588235294,0.192982456140351,0.0925909090909091,0.708402816530503,6.79009881640211,0.3785,5,0.999226126029412,6.57618790875847,1.44177725138972,3.2
"xlvutciogdrl2r9g45gz7ldl","prolific",0.377777777777778,0.953488372093023,0.695652173913043,0.156345800122624,0.0351061678463094,0.385136738395772,4.90601130055454,0.4055,8,-0.0366948451799431,6.40589709175367,1.87057214792435,6.8
"xmcftp4w2e52rl9zsgzpyrxh","prolific",0.744444444444444,0.983050847457627,0.1,0.815336463223787,-0.243046327683616,0.917380036213217,6.06236109973185,0.3755,6,1.42323055385331,6.68368474533136,-0.847440994193495,1.6
"xod95zhzmdzosg5eoygdfe35","prolific",0.533333333333333,0.906976744186046,0.0652173913043478,0.865834633385336,0.041556622851365,0.927290678360805,3.85577574000386,0.343,6,1.6475822025064,4.05556710040202,-0.594504028794745,1.6
"xuoje6vh4hw7rm08jc79muav","prolific",0.6,0.843137254901961,0.184210526315789,0.641386238071321,0.169162022703818,0.749966538710899,3.04062452576509,0.4385,14,0.897530609991169,3.03197547040116,0.421488906905254,2.6
"xus1hcgd5jscu5yugxpbjjus","prolific",0.488888888888889,0.977777777777778,0.272727272727273,0.563812600969305,0.127140909090909,0.988874027605845,7.24159117702958,0.32,4,2.25021913550224,7.72120895149211,-1.09668481562294,1
"xvpdzry1jqz4fq3gom48b9c6","prolific",0.611111111111111,0.44,0.285714285714286,0.21259842519685,0.236841904761905,0.78735882131846,0.711362062612318,0.7515,25,0.347423439011984,1.22968025907296,1.21642106052041,0.8
"y20qesh4on6pf8bl4d8xnfxw","prolific",0.555555555555556,0.958333333333333,0.560975609756098,0.261538461538461,0.0590914634146341,0.379095520966343,7.16021579341448,0.2745,3,-0.260186082048286,6.88049188801794,0.133621840015879,6
"y8t2sd3dutbsp5rki7byp72x","prolific",0.555555555555556,0.770833333333333,0.0975609756097561,0.77530719719134,-0.183559959349593,0.903116004724188,2.05642190107652,0.148,2,0.927079479615905,2.76924737541373,-1.99026411441353,0.6
"yfnacg4i0v7jifyfakxjbd1q","prolific",0.344444444444444,0,0.0188679245283019,-1,0.364757337526205,0.863747100427616,0.454202073874853,0.501,12,0.310891544925507,0.87612353201371,-1.22569595744417,0.8
"yjylqgzycho9i25v2kjx1lo0","prolific",0.633333333333333,0.946428571428571,0.727272727272727,0.13094083414161,0.0591607142857143,0.310421085363392,10.6413659492115,0.4585,9,-0.504721319199939,10.5877109536189,-0.0345869902614349,3.6
"ym6mi7m98bwg02h1q56c9brf","prolific",0.5,0.954545454545455,0.466666666666667,0.343283582089552,0.0224500000000001,0.601304024478392,6.50555782728863,0.4755,7,0.735413398282842,5.56910363019927,1.46981385126473,3.6
"ypz0pdffitn3le2tum2n6vhx","prolific",0.4,0.444444444444444,0.295454545454545,0.201365187713311,0.06995,0.585282680502277,1.8312621681814,0.174,1,0.24992685593941,2.05347195544634,-0.0134700429022418,0.8
"yrfvdu0d1fl5g8994ej278vz","prolific",0.677777777777778,0.849056603773585,0.305555555555556,0.470721743077621,0.18389570230608,0.642127983467891,3.74122579030421,1.0915,57,0.250012920323038,4.90053502529345,-1.05311749271234,1.4
"yy3a6xvbwcgzufjmpng6wb3d","prolific",0.477777777777778,0.978260869565217,0.162790697674419,0.714665485157289,-0.0246198179979777,0.967739042993553,7.54112360553797,0.2245,2,1.9609202342344,7.87937394276651,-0.664171005946305,2.2
"z8a14walv6et4id5gwsv4s7t","prolific",0.6,0.945454545454545,0.0294117647058824,0.939659901261657,0.142290374331551,0.96574465081322,4.02493474238759,0.5695,27,2.15483079127025,4.07488785111278,-0.304687421283962,0.8
"zk7jn70yddea3o8731mzpoz6","prolific",0.488888888888889,0.315789473684211,0.28125,0.0578512396694215,-0.278015899122807,0.734667030127177,0.201782064463065,0.9975,44,-0.34972806498729,0.687572509480461,-1.86414594784876,0.2
"zoaj7vekc9hzlt1rxkbt1f5h","prolific",0.611111111111111,0.449275362318841,0.35,0.124206708975521,-0.0882355072463767,0.716550982852658,0.527238952259665,0.809,29,-0.0897872886422361,1.29314680679512,1.2099775619262,0.4
"zs4sf8n0ws77fp0e0a75jflw","prolific",0.677777777777778,1,0.675675675675676,0.193548387096774,-0.0828108108108108,0.708094438033152,6.5639789847003,0.308,4,0.820038677212122,6.24763845562636,0.697630382156849,3.8
"02rwq76tp9lcye8vrl41llnh","mturk",0.388888888888889,0.710526315789474,0.196078431372549,0.567444507683552,0.150098555211558,0.952586377760765,2.57486605208767,0.5465,14,1.88856223293804,2.69982457604264,-0.621083772264005,2
"0a8zkiu9rpf0mxo0h9ecdyzh","mturk",0.766666666666667,0.955223880597015,0.0454545454545455,0.909152542372881,0.0675461329715061,0.948489523318451,5.27815927725962,0.443,4,1.51008795989633,5.90133628529973,-1.21325737734302,1.2
"0g4fx9g2wryeio74yzgqwpq8","mturk",0.722222222222222,0.982758620689655,0.387096774193548,0.43483556638246,0.0965127919911012,0.823151387256455,10.219521284409,0.217,1,1.11108659060805,9.62535172221119,0.47395968999278,3.2
"0k1tzkzdb7dvx6z9q0nyovde","mturk",0.655555555555556,0.98,0.615384615384615,0.22854387656702,0.0491025641025641,0.546528556766561,11.7569369909256,0.2715,1,0.76446909737461,10.5685718563075,1.72568453485597,3
"0lq9i4x81dgnwglgvgnh34rj","mturk",0.666666666666667,0.964912280701754,0.53125,0.289849761817516,0.00835635964912279,0.385017278329902,11.4612976169031,0.32,1,0.0596432704596463,9.2216041424252,0.855313730292934,3
"0piu71owxiz9tgsitq7ktqh6","mturk",0.588888888888889,0.980769230769231,0,1,-0.666991683991684,0.971790911933232,5.04368893164527,0.4845,28,2.12981398114941,5.2549003560178,-0.550985176655194,0.6
"19h68mzzzd51m1ysm4jbmlml","mturk",0.644444444444444,0.925925925925926,0.114285714285714,0.780264496439471,0.364265079365079,0.954724542387905,3.13786480677924,0.704,26,2.01030662668677,3.18197132471424,-0.189931292026124,1.2
"1bkivj7fl2s7bnshyc0xs9xo","mturk",0.655555555555556,0.983050847457627,0.166666666666667,0.71007371007371,0.0951853107344632,0.903249396906588,3.96644824085053,0.249,11,1.07680414346615,5.01402960033863,-1.82996080949138,1.6
"1dhmst23cwb07eov3r1qc7i1","mturk",0.444444444444444,0.333333333333333,0,1,0.209906281661601,0.901054760704387,0.91041001832102,0.829,28,1.4482492136394,0.982498248955471,-0.0952208858029358,0.4
"1emkh8fj8n8ujo3jfrrswpna","mturk",0.622222222222222,0.980769230769231,0.216216216216216,0.638732088580113,0.226193866943867,0.97334469103839,4.67936107042765,0.43,7,2.21643842773007,4.79339378470976,-0.514479059732459,0.6
"1gzcp8taimbcpvzulsjo6w7a","mturk",0.644444444444444,0.9,0.0689655172413793,0.857651245551601,-0.104958620689655,0.878721717422552,3.23972368082043,0.1945,3,1.51178162058492,3.2358707700664,-0.0709321707515382,2
"1h67fnjgm45dzniy6y91vld7","mturk",0.733333333333333,0.941176470588235,0.421052631578947,0.381818181818182,0.0842038183694531,0.720907665569109,5.43959624589999,0.2135,1,0.430404278549476,6.60363990920047,-0.615941358733238,1.2
"1ujw1gehpdx2ufvvvly3gx69","mturk",0.722222222222222,1,0.75,0.142857142857143,0.126832285115304,0.512862322390016,10.7201432316929,0.278,4,0.709585211797247,10.6176609974361,1.77104021753269,2.2
"1ww0gs6eyl6uksonzztb0ezu","mturk",0.533333333333333,0.943396226415094,0.611111111111111,0.213755900202293,0.0749523060796645,0.972279347558693,2.67401323514836,0.637,8,2.2578483854287,2.71041585415494,-0.0663505105057828,2
"26drsd0sb4o6mw8hh3db4y8y","mturk",0.655555555555556,0.962962962962963,0.0857142857142857,0.836528758829465,0.259007936507937,0.944130747063439,5.75885410857139,0.256,2,1.6141213261604,6.41445394142556,-0.996694310633997,1
"2gbv6cbysitn0o9t9m53f3xi","mturk",0.611111111111111,1,0.704545454545455,0.173333333333333,-0.140777272727273,0.463457773361645,10.4412489369028,0.463,6,0.517249144508063,9.16099612064024,1.46872182426511,4.4
"2j7koq5arntmjpvv38xf6g5x","mturk",0.722222222222222,0.892307692307692,0.125,0.754253308128545,-0.311136538461538,0.7405486139632,2.79025970150925,0.849,34,0.66337122056536,2.91037965134576,-1.03874921790934,1.2
"2l792wi6dr04cwnd2lxldsg3","mturk",0.533333333333333,0.980769230769231,0.756756756756757,0.128926114268621,0.045016632016632,0.648911623058347,12.9870371850214,0.2545,0,0.891007451425799,11.4791817506074,1.12316252089444,6.2
"2n2791gfw1ojwu32i7nsvght","mturk",0.522222222222222,1,0.485714285714286,0.346153846153846,-0.0647137566137566,0.973299911793624,7.65049980568609,0.288,6,2.03993909466651,8.04552524600607,-0.755499889124821,2.2
"2tbdv5xl54zpvqubll7hx9xl","mturk",0.544444444444444,0.833333333333333,0.106382978723404,0.773584905660377,-0.171642857142857,0.959223319670743,2.41086974865838,0.1645,7,2.10378109978708,2.4373475308185,-0.075951784411883,1.2
"381z8zb2qt43qj83bpagb37k","mturk",0.6,0.816326530612245,0.05,0.884570082449941,0.459303571428571,0.933021404850157,2.4710894158711,0.743,27,1.72536169169827,2.5496276055697,-0.416543985296964,1
"3h1i9f440aazwely8ptjns7x","mturk",0.766666666666667,0.980392156862745,0.447368421052632,0.373328514636791,0.0163106295149639,0.636480772769832,7.85670056504617,0.0955,1,0.965342086665132,7.60065796505797,1.66056011134613,1.4
"3h34cgrzlp4wtlx1eo4tv73k","mturk",0.611111111111111,0.977272727272727,0.133333333333333,0.759890859481583,0.0587979797979798,0.929601089338153,4.56447679854847,0.312,2,1.59962661450764,4.87577597502526,-0.727774310081887,1.4
"3xzn2gdh051u5slem3dme6y4","mturk",0.633333333333333,0.978723404255319,0.261904761904762,0.577786851776235,0.0964964539007092,0.911050485905981,8.47865696038929,0.275,2,1.47339198521274,8.4695964321693,-0.170289590507926,1.8
"48kl2yj4bk3oit3lc8y2c8qf","mturk",0.411111111111111,0.282051282051282,0.18,0.220865704772475,-0.213314871794872,0.806535141656795,0.406128555058773,0.4165,8,-0.937868467592788,3.92833949182943,3.39665895091526,3.8
"49siubkt857w9wa5ym6zyrss","mturk",0.544444444444444,0.938775510204082,0.05,0.898864809081527,-0.105133163265306,0.895530807173564,3.34571412067742,0.1555,4,0.987316068644302,4.52174464908277,-1.78254061410355,0.6
"5ia4n00eepgph445l075pzvt","mturk",0.655555555555556,0.963636363636364,0.617647058823529,0.218802840716943,0.0228818181818182,0.579446392087412,5.87826300132397,0.452,2,0.137096533388449,6.27640586655112,-0.246467663081729,1.8
"5lc5w8l31px66g93vfq2rlcg","mturk",0.288888888888889,0.0256410256410256,0.04,-0.21875,1.07374512820513,0.782640694416282,0.266874517641569,0.948,43,-0.470187098790943,0.785150253207097,-0.181257185193344,0.6
"5lukl1r5qtcpaaxcy1z4k2pb","mturk",0.666666666666667,0.943396226415094,0.5,0.30718954248366,0.0444564989517819,0.765556313835955,6.48421368908552,0.271,2,0.330394199465251,8.70841390750377,-0.896936664839018,2.4
"5sg7gnocyd7oke5w09iyjmkw","mturk",0.422222222222222,0.315789473684211,0.156862745098039,0.336244541484716,-0.21947471620227,0.361365908980858,2.81734853068378,0.2155,2,-0.0759240979122988,2.88598288611963,1.5027687208651,1.8
"5vfsoys60vdnkpwg6eycknxs","mturk",0.744444444444444,1,0.655172413793103,0.208333333333333,0.0677229885057471,0.568730413628766,8.7078064047895,0.4165,5,0.667805775697619,7.97903892344644,1.23611431479898,2.8
"6anblbfay00uf1lrjuvta75s","mturk",0.611111111111111,0.96078431372549,0.236842105263158,0.604480827229642,-0.0135841073271414,0.959204770171582,2.82043930620092,0.2335,24,1.98835927378426,2.88250967815962,-0.596195293302351,0.4
"6ddzcn9af3ba6dv3c91n5enx","mturk",0.444444444444444,0.7,0.204081632653061,0.548532731376975,0.0975040816326531,0.893023468752302,1.62720562131621,0.4325,5,1.41820021516509,1.70870580846683,0.166052994070255,1.2
"6ebn8yjdbepfbi3vshim0fa4","mturk",0.444444444444444,0.450980392156863,0.157894736842105,0.48135593220339,0.0694246646026832,0.888230087382379,1.0682266607773,0.6065,20,1.32342705751551,1.16590060723465,0.212927437212504,0.6
"6g0smxt28qc8rof31hj311l7","mturk",0.677777777777778,0.98,0.435897435897436,0.38428105758783,0.0373584615384616,0.896301893038606,5.22351236367797,0.295,3,1.22091644804955,5.95957978558683,-0.901331871328057,1.6
"6kf2nrcsp1vlkc4ognfrvlg6","mturk",0.555555555555556,0.911111111111111,0.272727272727273,0.539249146757679,-0.0616065656565656,0.954297981364175,2.32383479440711,0.396,13,1.05447401598441,4.45935040373752,-2.84848155013968,0.8
"6o83uqmv0frbft9n0ojoh68u","mturk",0.466666666666667,0.476190476190476,0.0425531914893617,0.8359375,0.250661094224924,0.900375480988564,0.637929192386287,0.305,13,0.453472235359063,1.48131234829713,-2.2029268577498,1.2
"6tsrpsayz54lw11oc7xqro8j","mturk",0.511111111111111,0.789473684210526,0.156862745098039,0.668484187568157,0.0773797729618163,0.96263598679339,2.3613999618676,0.3235,5,1.7067889827042,2.64570707902851,-1.2510589384763,0.8
"6u3el0wrisrdbl98ibq0opof","mturk",0.6,0.94,0.0256410256410256,0.946893255443441,0.129028205128205,0.938151068923026,4.2163806399486,0.151,4,1.63983676127016,4.53267661421774,-0.969957315550422,1.2
"6xcrpdfmw33oggfcpop84jjc","mturk",0.6,1,0.666666666666667,0.2,-0.0597148268398269,0.719205220064224,13.4717137520725,0.472,2,0.942998197076441,12.3478029119092,0.745055718704584,3.6
"71r198qbputz56vycr57vwrj","mturk",0.611111111111111,0.98,0.461538461538462,0.35965848452508,0.077825641025641,0.508450558657663,8.23221270128769,0.306,3,0.370488171934835,7.28600813376457,1.16980603986941,2.8
"76znet129fvrpj732mz2wfkx","mturk",0.288888888888889,0.225806451612903,0.293103448275862,-0.129689174705252,-0.0814649610678532,0.844717522180764,0.112045784980182,0.1555,3,-0.394011695510213,0.353843938214231,-0.513541098833449,0.8
"79wkgbbalgknlalvcbuej04n","mturk",0.377777777777778,1,0.649122807017544,0.212765957446808,0.0737587719298246,0.93131802201684,4.41404498032798,0.327,1,1.8665013229718,4.41498910367307,0.0882020583855713,3.4
"7c2n6irhszcuommpxijsqo0m","mturk",0.5,0.659090909090909,0.0666666666666667,0.816283924843424,-0.0405510101010101,0.920171204164983,1.55180141967647,0.184,2,1.5725686900342,1.61810869923509,-0.571360769485857,0.8
"8268uvon5c4wg6cqy7jsgya1","mturk",0.755555555555556,0.982456140350877,0.53125,0.298080405650127,0.00624342105263165,0.682638271185107,12.2669046880036,0.4285,6,0.56432509185163,11.615467940348,0.157710109197434,2
"8bis5casr4mjnn033kaxc4a9","mturk",0.811111111111111,0.983606557377049,0.535714285714286,0.294797687861272,0.0328928571428571,0.602857526558637,8.45662786915955,0.107,1,0.731573978615278,7.92143902050247,1.31007037223418,1.6
"8gms1x5mpu3zq71ytb9tjrss","mturk",0.566666666666667,0.981481481481482,0.514285714285714,0.312345242306332,0.0772407407407407,0.566657838291166,10.1855245410164,0.26,2,0.119867892080746,10.6473643869404,-0.159119652382074,3
"8jsbtrhsjtr1f1g26cw3ybge","mturk",0.333333333333333,0.131578947368421,0.0784313725490196,0.253071253071253,0.054718782249742,0.819115217565006,0.400876193200586,0.0955,1,-0.737256145583652,5.13748710787713,-2.9794727524755,0.6
"8mn0ti7z45rkqyclbp3bkuox","mturk",0.611111111111111,1,0.567567567567568,0.275862068965517,-0.0272136174636175,0.775599771139081,11.6237082843554,0.095,1,1.13247849810853,10.3403346173372,0.968090404541532,3
"984rqmge2ibnb6ry6iy9u0zo","mturk",0.466666666666667,0.761904761904762,0.319148936170213,0.409559512652296,0.289844984802432,0.930992182399753,1.34126694223378,0.257,16,1.71439215909028,1.39228550963995,0.468272644594576,0.8
"9bx9aapx2af3ya9iqbfycexr","mturk",0.477777777777778,0.489795918367347,0.05,0.814744801512287,-0.150889795918367,0.902529009205224,1.24155912197346,0.708,18,0.152009595915031,4.53828634915584,-2.7812076948861,1
"9x3grmi9fq74uxr3ub097epz","mturk",0.733333333333333,1,0.666666666666667,0.2,-0.0480362554112554,0.670812031455462,6.32661513429729,0.248,1,0.733454201873855,5.97598515466323,0.942374421259691,2.4
"aov6xe6od75nt5353uwbsp77","mturk",0.566666666666667,0.951219512195122,0.416666666666667,0.390787518573551,-0.0181880081300813,0.933185681662311,4.01970071992752,0.261,4,1.30970200262313,5.15543385614293,-1.70491269188762,1
"avr04c4gt8kmeq5i2jiisiyh","mturk",0.644444444444444,0.979591836734694,0.6,0.24031007751938,-0.391410714285714,0.618343959257731,11.8376428029786,0.493,15,0.603164937783039,10.4991938273917,0.643999547033739,3.4
"avuxpoyolfbqqsskoym8iwxk","mturk",0.533333333333333,0.631578947368421,0.529411764705882,0.088,0.0222910216718267,0.630045995945003,2.02952486004495,0.3125,2,0.568805672087209,2.1045241246075,1.27579406509268,1.6
"aw0v60s7vif90ifki5jvje15","mturk",0.333333333333333,0.6,0.76271186440678,-0.119402985074627,-0.0601638418079096,0.895052702435722,0.221743594935389,0.177,9,-1.78976494883916,6.57336934570451,2.7981946616246,0.2
"ayqvxud8iyhd449mhjpztndy","mturk",0.588888888888889,0.938775510204082,0.425,0.376730265619155,-0.206571428571429,0.886046378926596,3.25712377703491,0.829,30,1.11604327251679,4.65284383455601,-2.09275611422078,1.2
"bgdjjadiljq5gtg3zd419eif","mturk",0.677777777777778,0.826086956521739,0.55,0.200631911532385,0.0351217391304348,0.38050291250889,3.17570883325326,0.781,23,-0.276886220528795,3.15729115963933,-0.0678048088984428,2.4
"bhoyosccpd9jwnfuwpgla7cg","mturk",0.377777777777778,0.30952380952381,0.25531914893617,0.0959641255605382,0.136937183383992,0.877948365295545,0.375989660097658,0.2025,10,-0.0474468847324707,0.841958844477764,-1.45099844662047,0.2
"borpj9kwayuoawc2db7wbyxj","mturk",0.577777777777778,0.82,0.128205128205128,0.729583558680368,0.000238461538461521,0.672248270657622,3.15525647435825,0.1495,1,0.264986951132238,4.52939886266092,-1.2970423475102,2
"cdbeog6cjz4lt4fk2fsw9a6d","mturk",0.711111111111111,1,0.771428571428571,0.129032258064516,-0.0744010582010582,0.414968680312921,9.12906680572836,0.3015,1,-0.262072296561722,9.69264579805029,-0.219355660837089,4.2
"cdx4de9mp88efzq0p2e2hq41","mturk",0.466666666666667,0.75,0.339622641509434,0.376623376623377,0.135509433962264,0.830404502815062,2.31837559505948,0.322,4,0.75936472902665,3.15869924024804,-1.3289783607928,2.4
"clm0rwz7njx098ktz0rq6tzj","mturk",0.5,0.767441860465116,0.239130434782609,0.524861878453039,0.0423139534883721,0.898958680082491,2.3359850342798,0.346,4,1.57389945528202,2.37161951126186,-0.0438241426830591,2.6
"ctnvg9z0u302ddk5abjypszu","mturk",0.7,0.983050847457627,0.566666666666667,0.268683922712359,-0.346087570621469,0.45950221325806,7.28250349557879,0.1105,1,-0.114394645949913,8.15634192499015,-0.80283071927295,1.4
"cweobvm4evs54h8932qi6kqj","mturk",0.433333333333333,0.418604651162791,0.217391304347826,0.31637519872814,-0.0244747219413549,0.930728454342825,1.03950665701446,0.477,5,1.52135363179951,1.17026005055974,-0.540330628767078,0.4
"cwjn0tx0m76gm35d8f4jnxrq","mturk",0.644444444444444,0.977272727272727,0.6,0.239193083573487,-0.0532424242424243,0.909343536838629,5.32610360314211,0.1985,2,1.67291568382076,5.25761141356349,0.595020707006874,1.4
"czs7a87g24y6q0hq4ygiyrrl","mturk",0.644444444444444,0.944444444444444,0.457142857142857,0.347678369195923,0.0255804232804232,0.882275449697378,4.0288807202528,0.6105,10,1.43201432326688,4.08465478294978,0.154449380757241,2
"d535ylen0c8wkaigri45rrml","mturk",0.655555555555556,0.964912280701754,0.625,0.213793103448276,0.0728711622807018,0.683226375958953,5.49750536888626,0.247,1,0.425600201680623,7.88897827230933,-1.32357445353671,3.6
"dbuiumbyfl1ma1h69ta20xw8","mturk",0.411111111111111,1,0.666666666666667,0.2,0.0760655487804878,0.703472662294496,11.6944917515408,0.4105,2,0.802185670906578,10.8336268259977,0.501768661155365,4.4
"deuoj5f7ihyov9fdc56skfam","mturk",0.588888888888889,0.851063829787234,0.238095238095238,0.562790697674419,-0.174924518743668,0.725377720748927,3.56669524462867,0.3995,5,0.496775023588286,5.34510373241272,-1.59246278766891,2.6
"dhdxn5ir5mjb94yjprcgwago","mturk",0.466666666666667,1,0.574468085106383,0.27027027027027,-0.118647922998987,0.763328858110773,10.9475665372838,0.311,7,0.848139889734937,10.4513113054876,0.25483036548959,4.8
"dkfxcqyznu2etu3ycixgpuct","mturk",0.622222222222222,0.592105263157895,0.384615384615385,0.212435233160622,0.276533400809717,0.856317355617942,0.915424174992225,0.619,15,-0.484683980359239,3.68431531068364,1.93430285084979,0.2
"e1zp3dh9u2801k50qm9h97c1","mturk",0.611111111111111,0.98,0.333333333333333,0.492385786802031,0.0545128205128205,0.934304163520783,5.3500385409165,0.12,1,1.86318269859018,5.40788451436162,-0.028424624091501,2
"e3qgdoddsuhvnumamuxze5fo","mturk",0.388888888888889,0.311111111111111,0.159090909090909,0.323308270676692,0.237564646464646,0.85146590743896,0.819072494111136,0.2875,7,0.789250658251191,1.04146488881499,-0.828115676473063,1
"e8jii58m72v5f48f2rvcju86","mturk",0.588888888888889,0.981132075471698,0.638888888888889,0.211258492397282,0.00044549266247379,0.692371710086571,4.28714850201801,0.356,2,0.856957742980897,5.21661911410549,2.03443703218989,3.8
"e9lartq70jdvtyo1tovgyi8r","mturk",0.733333333333333,1,0.636363636363636,0.222222222222222,-0.0944420995670995,0.788644858974579,9.67980161913868,0.297,2,1.09903897787118,8.72065229980029,1.07045284949665,2
"eajz1vw10kitydeyf4zgtwzs","mturk",0.7,0.928571428571429,0.545454545454545,0.259911894273128,-0.0751304112554113,0.733460019403912,5.48870754740887,0.1475,1,1.01358786179899,5.5596990336802,1.54200576603223,1.8
"elw3bumjdsy00i3eny567iz0","mturk",0.566666666666667,0.982758620689655,0.580645161290323,0.257203842049093,-0.0401395995550612,0.713751470356036,8.32910298791983,0.1605,1,0.720608391062566,7.85764026995432,0.194008271421388,3.6
"eo9co1hgmoaamlnqgma3ktjl","mturk",0.566666666666667,1,0.268292682926829,0.576923076923077,-0.0233470528455285,0.911929482556672,6.42333222155196,0.1655,2,1.64644780824207,6.42849210126357,0.0226565109518999,3
"eq0izxtfrsskhbao16tcq4lv","mturk",0.322222222222222,0.393939393939394,0.267857142857143,0.190515126737531,-0.114478354978355,0.831742920463455,0.219890211881608,0.0585,2,-0.0813716471761537,0.490851046815587,-0.384635564804508,0.6
"f413rfthchh1liluwockcj93","mturk",0.511111111111111,0.739130434782609,0.13953488372093,0.682393555811277,0.0166526794742163,0.946872477048388,2.38163315355228,0.633,12,0.916532552714386,3.84574227817645,-2.32082629488154,0.8
"f4wl4bmtithmjc70e5p02q4q","mturk",0.766666666666667,1,0.294117647058824,0.545454545454545,-0.0208112299465241,0.929684258665645,5.6315704952346,0.156,1,1.79410783357773,5.69290326675257,-0.0244852838984093,1.2
"f8d2kruoqk7otxvnhqd44ziz","mturk",0.777777777777778,1,0.44,0.388888888888889,0.02347375,0.747665461939891,7.23153974527965,0.1155,1,0.96083824149368,6.85359400285155,0.303036767222161,1.8
"fexsj0u5oib0e90p5kvm0lal","mturk",0.777777777777778,1,0.65625,0.207547169811321,-0.130512061403509,0.674923235584198,8.28726501730212,0.363,4,0.948289954013563,7.88744153951232,1.22329097608223,1.8
"fgjk761asl4q1j9d46ivqdhk","mturk",0.466666666666667,0.48780487804878,0.479166666666667,0.00893326326852335,0.259044207317073,0.813791902464665,0.369567290561348,0.1345,4,-2.24310646242944,7.80430557250712,1.49679759927649,1.6
"fl0bey18x3e1awvawxjz06jf","mturk",0.7,0.981481481481482,0.657142857142857,0.19793348401679,0.0830222222222222,0.772598234563193,6.03995294705375,0.3125,1,0.324193201958919,9.01356233850466,-1.0117467411444,3
"fmivxe7rg2s9ylzoqntzivua","mturk",0.311111111111111,0.4375,0.43859649122807,-0.00125156445556943,0.12012774122807,0.727977592115564,0.265481179182346,0.1175,4,-0.77382729801758,0.907678596527814,-0.121913287910116,0.4
"fsig4dpz5iesxkjnc5e03ruv","mturk",0.566666666666667,0.790697674418605,0.195652173913043,0.603280369041517,-0.0499261880687563,0.604708943092336,3.76908468196879,0.4325,3,0.278481635731025,4.04993395632177,-0.281508540558949,1.8
"fy3568ynzims1sa778zhdgsj","mturk",0.655555555555556,0.980392156862745,0.657894736842105,0.196850393700787,0.00196646026831787,0.705019667104084,12.7340436897091,0.12,1,0.703381222474518,11.5285524497074,0.389957250774112,2.4
"g0hcri7lt06it7zaxn7bdehy","mturk",0.577777777777778,0.86046511627907,0,1,-0.0540904954499495,0.85943551472131,3.02337753567859,0.491,10,0.836570680795801,3.83542267565473,-1.2319749005356,2
"g2j8r1fp1mfn0sdufesl7l2w","mturk",0.666666666666667,1,0.513513513513513,0.321428571428571,-0.283102390852391,0.855881012070731,5.64923231667456,0.15,2,1.38783600984049,5.4728673762565,1.08627313966318,3.4
"g7p583cf83iuo5tnssmqoom2","mturk",0.522222222222222,0.869565217391304,0.418604651162791,0.350078492935636,0.0957654196157736,0.980911109281289,2.70034638037141,0.3315,2,2.42196629668289,2.72487609377081,-0.174316296623514,0.2
"g93kv8yzmln3bk1vikjphvig","mturk",0.6,0.959183673469388,0.15,0.729530818767249,0.136605612244898,0.980675702787216,4.08482986635182,0.6935,6,1.48659757697802,5.60331510609975,-2.38897179888496,0.6
"gb9l1rxvfwpsridpzj2phab0","mturk",0.577777777777778,0.785714285714286,0.234042553191489,0.540983606557377,-0.0835015197568387,0.891192634023872,1.80732679684621,0.5845,32,1.40798292326452,1.89896459829997,-0.0784541267662828,0.8
"gi5el1yqgg66eawzpbt2cug6","mturk",0.633333333333333,0.980769230769231,0.540540540540541,0.289374786470789,0.0370431392931393,0.337854936236499,14.701807337582,0.2205,4,0.396983792135877,12.0280304707329,1.64610070158081,3.8
"gruwe2az316sg0lrtz6mop4m","mturk",0.277777777777778,0.621621621621622,0.711538461538462,-0.0674463937621833,0.0795077962577962,0.800920830134907,0.214629202744243,0.1355,2,-0.553677487309416,0.695843767117666,-0.0460100926006412,3
"h1pemdlnh3c9vhbgryg1ixhn","mturk",0.544444444444444,0.98,0.58974358974359,0.248611564848089,0.0193071794871795,0.655213204382874,10.1033666699998,0.1135,1,0.839935899781504,9.05713146302121,1.36243805668316,1.8
"h1utmgv01tgofu4ja7y7he1r","mturk",0.644444444444444,1,0.58974358974359,0.258064516129032,-0.0322671794871795,0.802318436091609,7.89599210586403,0.1415,0,0.643703495127347,9.10571959905743,-0.527696659469006,3
"h2ob40i8w8dt2pnbe0fjyz69","mturk",0.7,0.962962962962963,0.542857142857143,0.278988053408292,0.0146026455026455,0.711432836551782,5.52798330703099,0.2115,1,0.6397898568007,5.49556142728905,0.0660723083660521,2
"hat45nuw60i6qp17myltiq6e","mturk",0.411111111111111,0.888888888888889,0.490566037735849,0.288753799392097,0.377770964360587,0.957686476788787,1.47622619850487,0.377,12,0.474020002816004,5.39881889231497,-3.17565698895917,2.4
"hcikwtzf80rybffjd4nzmcqn","mturk",0.577777777777778,0.975,0.551020408163265,0.277833500501505,-0.0932035714285714,0.979527538637835,3.30354011224324,0.3105,16,1.98198995866801,3.65742376932728,-1.2723912013747,2.4
"he3bi0kweifzr3c3elm0xyx5","mturk",0.344444444444444,0.878048780487805,0.895833333333333,-0.0100257805786308,0.160887195121951,0.778826513743954,0.731163755798243,0.4955,11,-0.173649230574551,3.66747591298564,3.7931627453886,7.8
"hjga6ro8xdcijnzxcabiekgh","mturk",0.677777777777778,1,0.315789473684211,0.52,0.155329205366357,0.884159507559343,8.92815118882173,0.4685,2,1.43882578664034,8.45834973342481,0.517435878439308,1.4
"hp22ihu8hgb4l5p0ocf695wh","mturk",0.477777777777778,0.720930232558139,0.130434782608696,0.693586698337292,0.0315121334681497,0.802599597347536,1.78834067936842,0.177,2,-0.0369445973525361,5.07531416501078,-2.20333716026691,0.6
"hp9jlhcupmuyhjt2v5kzyeyo","mturk",0.4,0.348837209302326,0.0434782608695652,0.778350515463917,0.314555106167846,0.886560540196131,1.13832602382704,0.4155,8,1.00658895719648,1.38492074775035,-0.409664742792136,1.2
"hr3fruz8unemddmhsargqdjo","mturk",0.688888888888889,1,0.105263157894737,0.80952380952381,0.0242311661506708,0.927111686768946,7.16862130509386,0.4315,2,1.68013262406699,7.26089885725984,-0.203311725703633,1.6
"hvp7r3m4nd4hnwcb8su5ste8","mturk",0.622222222222222,0.943396226415094,0.416666666666667,0.38728323699422,0.120993186582809,0.63915360541441,4.77617855307177,0.1635,3,0.29803866875256,5.0745125831171,-0.286422366823166,3.4
"hxlba4lafjaq254jq3x5hug0","mturk",0.544444444444444,0.983050847457627,0.433333333333333,0.388113282808137,0.0204858757062147,0.972768998872318,3.19633607844602,0.216,1,2.0307031722723,3.3678700534832,-0.586683691837973,3
"icgpg7hk8l4t8vf3fi5rwhpy","mturk",0.388888888888889,0.314285714285714,0.240740740740741,0.132507149666349,1.06237248677249,0.610739829452256,0.415434998700416,0.2165,21,-0.0921798984251423,2.38034538626307,-2.69441025393811,0
"iij7l7ztcavt3v3b8beljv40","mturk",0.377777777777778,0.111111111111111,0.159090909090909,-0.177570093457944,-0.0724242424242424,0.822954646241494,0.439492166083875,0.174,10,-0.176556863442406,0.960296174510498,-0.798810284187795,1
"ilccg6au6ebu6vrvwcnsxvnp","mturk",0.577777777777778,0.980392156862745,0.447368421052632,0.373328514636791,0.0702048503611971,0.859323708077496,5.41649288887817,0.216,2,1.43148450168516,5.29602422999573,0.831224947573759,2.6
"itgf2egc6lv9acekard2994a","mturk",0.322222222222222,0.837209302325581,0.630434782608696,0.140888735790561,-0.00507229524772498,0.847849400954134,3.3840136850762,0.139,2,1.24429008491676,3.40423079497077,0.96522059611595,5.8
"j49ycui0iz38y7r8xtr8tnna","mturk",0.733333333333333,1,0.59375,0.254901960784314,-0.0505866228070175,0.516769131129432,9.48940270314939,0.24,2,0.481021602472467,8.78535351147851,1.27256061604417,3
"j5uig6vo0a3bq4tw72necwg5","mturk",0.544444444444444,0.96,0.769230769230769,0.110320284697509,0.148777435897436,0.102384228449995,14.5547856701461,0.16,8,-1.10803690207327,11.1124995124111,0.500379308578716,5.4
"jyqbceyvrsxtbtis6813ecuq","mturk",0.777777777777778,1,0.722222222222222,0.161290322580645,0.0427636268343816,0.916477295543002,8.45100576267413,0.3015,1,1.49505485565295,8.55580685408697,-0.162672007264766,1.2
"k0jvnuk92lshedg61l3kgup4","mturk",0.488888888888889,1,0.705882352941177,0.172413793103448,-0.0714331550802139,0.564586519585163,12.6219449758533,0.5085,1,0.745385280638752,11.3035662164857,1.37343094602916,6.6
"k266fuoev3tmaxz85c4l07j7","mturk",0.433333333333333,0.738095238095238,0.425531914893617,0.268611232041794,-0.0951231003039513,0.902133458477734,0.958200516187145,0.26,22,-0.288680525155384,5.0280428264027,-2.95748154041779,1.8
"kkj6xz9h7v18suqjh1915mno","mturk",0.322222222222222,0.352941176470588,0.272727272727273,0.128205128205128,0.200918181818182,0.489283020308525,0.899778802965068,0.131,3,-0.611963589551826,1.99392153523312,0.393059173500297,3.4
"kse3g3i8vm4uhmn2p4sfnyy0","mturk",0.655555555555556,1,0.757575757575758,0.137931034482759,-0.0268349567099567,0.412774489014161,11.1542899038156,0.1065,1,0.307975830646443,9.02149685276185,1.12938962109141,4.8
"kz2mnejtguvxh70ucjcunti8","mturk",0.588888888888889,0.977777777777778,0.590909090909091,0.246619446233097,-0.14189595959596,0.806386418906323,7.04992612239739,0.3095,16,1.19915314790747,6.48042158056902,0.89787882881424,4.6
"kzth30eqt6puh2fdm1xyqqcl","mturk",0.677777777777778,1,0.58974358974359,0.258064516129032,-0.0583651282051282,0.944374830199173,7.94799015827722,0.3775,3,1.76040317436054,8.26861464331488,-0.436253191734294,1.4
"l4giixxbal8owtn90r4a0zmg","mturk",0.511111111111111,0.707317073170732,0.4375,0.235685752330226,0.16532012195122,0.818995494652726,1.72697201216071,0.5355,4,0.692621273912195,2.05681853421883,-0.656942274573034,1.4
"l768h0oa3rsy0s30wy81gx7w","mturk",0.588888888888889,0.980769230769231,0.189189189189189,0.676588183029765,-0.232231808731809,0.976550472760379,4.56543918763926,0.704,16,1.93434387301814,4.90959595968487,-1.16906788237445,1.8
"lfmnxogaj6os5ptjy6jcrdx5","mturk",0.644444444444444,0.9375,0.292682926829268,0.524163568773234,-0.0280020325203252,0.588311427514612,5.56426469458234,0.294,1,0.231500156124778,5.78156376399254,-0.0911730649930442,2.8
"lq0d2xsr43y3la4p6u2kw6dk","mturk",0.577777777777778,0.96,0.0256410256410256,0.947970863683663,0.135532820512821,0.948523650174759,4.20853268907001,0.3035,4,1.57702982794978,4.74978577824841,-1.17408378355965,1.4
"lrbgqwdhc5j9d3cfmhgrwfy1","mturk",0.433333333333333,0.925,0.306122448979592,0.50269374222959,0.206929591836735,0.951635198075848,3.96631044632334,0.333,2,1.81849356046843,4.33021070133986,-0.765190412974774,1.2
"m94kxuxvt80yh510yh7slut7","mturk",0.5,1,0.615384615384615,0.238095238095238,-0.126245322245322,0.717062902595062,6.75884062250841,0.129,4,0.961767688801956,5.9687756561248,1.00062275329675,2.8
"mb5e0hve2rlscxyhkntk34bl","mturk",0.366666666666667,0.0357142857142857,0.131147540983607,-0.571929824561404,0.0775351288056205,0.627319623234354,0.280572146736363,0.213,20,-1.10727202559263,1.65253527320868,-0.858429042523237,0.4
"mc9b0kvhdjz7jqifqhgajsyr","mturk",0.633333333333333,0.958333333333333,0.24390243902439,0.59425190194421,0.106185975609756,0.944442382276866,4.71250615478493,0.3985,2,2.00229216460828,4.71027326321601,0.156690661154089,1.4
"mxvivkh38e0o23x08txfpnxn","mturk",0.577777777777778,0.87037037037037,0.0285714285714286,0.936433195997646,-0.0739116402116403,0.946741985203068,2.56172880536716,0.159,10,1.16490539156287,3.49374590629963,-2.22397401806466,1
"mynywo837risvkfygi19hhpg","mturk",0.755555555555556,1,0.59375,0.254901960784314,0.0105646929824561,0.850940618271258,6.56239887298678,0.2675,1,1.31155046932579,6.53392833059098,0.213834495796694,1.2
"n29vff3xy758kc4si86avrjk","mturk",0.522222222222222,0.826086956521739,0.0697674418604651,0.844243792325056,-0.294984833164813,0.941094397107979,2.38975386499249,0.856,34,1.83403577990751,2.42993641047809,-0.157199680811069,1.4
"n4ztb6292aou1l4jr8n0tezk","mturk",0.288888888888889,0.421052631578947,0.372549019607843,0.0611183355006502,0.160298761609907,0.40974011354019,0.900822936087226,0.0645,3,-1.3664330088862,2.66326218221898,0.816034724475999,1.2
"nbisw5umh0isb2ixsbdr99q5","mturk",0.588888888888889,0.944444444444444,0.714285714285714,0.138755980861244,-0.174815873015873,0.356938539504241,5.42082095035656,0.5395,9,-0.418409105022643,8.75143492067777,-1.24748297101409,4.4
"nf8od7h3v3autbl7bobc44vj","mturk",0.566666666666667,0.962962962962963,0.171428571428571,0.697761194029851,-0.0729402116402116,0.915913346429353,3.67522845141612,1.117,57,1.26352474596341,4.40945658633643,-1.57124404871215,0.8
"ngpbl2m7v35qr23mxqg4zq6j","mturk",0.611111111111111,1,0.368421052631579,0.461538461538462,-0.0425727554179566,0.965210370245855,4.4744945295204,0.195,3,2.01649753567729,4.60263566002542,-0.608770915177824,1.6
"nk20nova3ldcu67y76d1t9jz","mturk",0.477777777777778,0.977272727272727,0.777777777777778,0.113669064748201,0.0906075757575758,0.729265118364503,10.1220006628522,0.3895,3,0.988528110615588,8.61916948811044,0.999015410018367,6.6
"ny6aiki69pl2sa6bs4po6ig5","mturk",0.366666666666667,0.3125,0.228070175438596,0.156186612576065,0.826081688596491,0.683187148630229,0.677406446051954,0.7975,32,-0.455662234757825,3.79873069976776,-2.36866350739738,1.6
"o1a5ftr9a4e138psg4vt96xo","mturk",0.4,0.6,0.142857142857143,0.615384615384615,1.01139285714286,0.812806676047141,1.74438518254514,1.6495,72,0.968086721870122,1.8995998292783,-0.584548859993939,4.2
"o1vx5thxb89l44xmoqh1wwz0","mturk",0.633333333333333,0.941176470588235,0.236842105263158,0.597897503285151,-0.00376315789473686,0.91892906160226,4.47974260197484,0.306,2,1.04888285805216,6.43765066052024,-1.97208616576934,1
"oc0019i87h6mkoth39vmedqq","mturk",0.688888888888889,0.656716417910448,0.318181818181818,0.347251217814892,0.184603120759837,0.895705116615081,1.59656373831768,0.8305,35,1.33712289393045,1.76694533477638,0.81491328840438,0.2
"ofcrkm8mve7t3y81h2ahi6tr","mturk",0.488888888888889,0.877551020408163,0.175,0.667474551623849,-0.0731392857142857,0.960987003884753,2.46904910892441,0.346,6,2.05878390823426,2.50054496113058,-0.337101654168674,0.4
"ol0fexiw547u6gli6izgrus4","mturk",0.6,1,0.659090909090909,0.205479452054795,0.0119616161616162,0.884343728304174,8.49691692549155,0.3775,5,1.3459942494993,8.40530196647607,0.0704202918093642,2
"olovtqotk8ct27eww19gc1k2","mturk",0.544444444444444,0.780487804878049,0,1,0.0700757113821138,0.853729937073304,1.95950809351869,0.4045,20,0.850926412748134,2.85283338663938,-2.06735145077899,0.4
"ow3rmlf7ftv9o9jowr5pudue","mturk",0.766666666666667,1,0.65625,0.207547169811321,-0.0821299342105263,0.561045021584163,10.508811162268,0.2475,1,0.672449742579581,9.58520048850884,1.2054208969988,1.8
"pbe1z8nw3u49kut6yzpm5d8d","mturk",0.6,1,0.025,0.951219512195122,0.114438265306122,0.967773277561549,8.17264853489536,0.27,1,1.9312104820539,8.44385691272752,-0.722851687248144,1
"pcbef4vi4t1k3os59yintjx7","mturk",0.666666666666667,0.982758620689655,0.451612903225806,0.370298565335401,0.110899888765295,0.865980127293951,6.49539510519562,0.301,6,1.42154166997221,6.32859436732745,0.579305916875223,1.8
"phbhdjtlsux8o4b6lw205gdn","mturk",0.388888888888889,0.375,0.387755102040816,-0.0167224080267558,-0.0345581632653061,0.720484852539679,0.606795155971429,0.099,5,-0.303566230570376,1.37339479405765,-0.192633636348244,0.2
"pips94le21jq08pesfaiefxd","mturk",0.466666666666667,1,0.679245283018868,0.191011235955056,-0.0985141509433962,0.47036866811901,3.6798677209918,0.2335,2,-0.598596065936437,8.17681140369371,1.53092411346743,6.2
"pnmept0z8agaln6bqziozweo","mturk",0.544444444444444,0.863636363636364,0.111111111111111,0.772020725388601,-0.194953535353535,0.931758959965084,2.72458107482391,0.6555,13,1.40074291072891,3.04863067720385,-1.31047257274862,1.2
"poea2a28uml13k7mbk6w4ou5","mturk",0.511111111111111,0.723404255319149,0.0476190476190476,0.876478318002628,0.0267234042553192,0.815639928001888,2.21420085595783,0.3885,13,0.498684095296178,4.25912751620973,-2.06327413468884,1.2
"pwjlt47u6xaxkcx5xnxonxjy","mturk",0.622222222222222,0.890909090909091,0.294117647058824,0.503610108303249,0.0286572192513369,0.732163867345262,4.56955910256407,0.2235,1,0.888475454166818,4.43999782030547,0.846617694046496,1.8
"q7os2mbb6ijejlub0fmdwyth","mturk",0.522222222222222,0.770833333333333,0.195121951219512,0.596002104155707,0.142450711382114,0.518662307901779,3.60726900527347,0.2855,9,0.0409047030675601,3.73454759992933,-0.293550310493298,2
"qhmczq0e1c0s4t3mpthy0kan","mturk",0.511111111111111,0.958333333333333,0.390243902439024,0.421250941974378,-0.139576219512195,0.985358622193806,4.47747037446806,0.384,6,2.32977304069769,4.62798470048846,-0.716281483517937,1.8
"qlgapgx6bfkf4ff2uhuofcr6","mturk",0.322222222222222,0.40625,0.543859649122807,-0.144835545297173,-0.420383771929825,0.731038858890099,0.215469477068533,0.1365,7,-1.05879459718825,1.44156872704612,1.07600784960243,2
"qryxvy9232jetvwgtops3qjw","mturk",0.5,0.785714285714286,0.234042553191489,0.540983606557377,0.00780445795339413,0.910927774085559,2.02661108204467,0.125,1,1.47932498880556,2.16166538974328,-0.619788140019517,2.2
"r928h1js9k0sfrlcv2wbiosz","mturk",0.466666666666667,0.923076923076923,0.46,0.334816462736374,-0.22032717948718,0.902744655616777,1.0517582336565,0.376,13,1.55543445581155,1.10480490910924,-0.484432669898443,0.8
"req395sg5aaa99tgui0irfk8","mturk",0.533333333333333,0.868421052631579,0.294117647058824,0.494007989347537,0.0440330237358101,0.945822676029738,2.73311212621789,0.7455,30,1.60239921120777,3.05644318607032,-1.20129817506161,1.2
"rnktpyd6ech7t9az85fcdscs","mturk",0.455555555555556,0.875,0.224489795918367,0.591647331786543,0.285572448979592,0.965839587075221,3.24598390642938,0.3915,5,1.646557591784,3.79333443775941,-1.52505153512164,1.2
"ru5ws3pu83q9tqcyqm9i66vg","mturk",0.344444444444444,0.5,0.389830508474576,0.123809523809524,0.0569011299435029,0.959071429621054,1.26022105982675,0.5005,28,-1.79563698655492,6.56325764038502,1.72892089984856,6.2
"rvbvs8wupqk0cepnaw1go9bs","mturk",0.633333333333333,0.962264150943396,0.777777777777778,0.106024096385542,-0.0582452830188679,0.400940814390362,6.94142319174676,0.3535,2,-0.261058446334537,7.43435571104793,-0.187616887670605,4.6
"rxk216v2u00knpik4144b379","mturk",0.466666666666667,0.675675675675676,0.192307692307692,0.55688622754491,0.0409080041580042,0.335142032286748,3.56371461758376,0.3665,0,-0.0581277325296715,4.47230034683412,-1.49162611619801,1.4
"s00v1x1d54te4umlyvvwaic6","mturk",0.633333333333333,0.96078431372549,0.315789473684211,0.505254648342765,-0.0112358101135191,0.469296714269951,8.40075896823654,0.3215,5,-0.126224168303863,9.73818156024935,-0.427731534335578,3
"s6skqzwsxbnuallv93zxt728","mturk",0.333333333333333,0.0909090909090909,0.0222222222222222,0.607142857142857,0.553794444444444,0.809158005988578,0.449902211428113,0.283,9,-0.00678004238053775,0.864037955462315,-0.451258983966608,0.8
"se99pdkqoizyh6c8lmlc05n3","mturk",0.355555555555556,1,0.583333333333333,0.263157894736842,-0.0264888211382114,0.699952340824799,11.4561606856706,0.118,1,0.826891440849507,9.54383906179301,0.771807864719187,3.4
"sxgwt55mbktag0euyj5ck394","mturk",0.766666666666667,0.954545454545455,0.652173913043478,0.188191881918819,0.0313544137022398,0.468239886928414,6.9998929943057,0.1835,1,-0.0129983164069974,7.18045569247105,-0.880792441662127,3
"szygpouygrmb7vi2zvcsi7kj","mturk",0.622222222222222,0.979166666666667,0.48780487804878,0.334949774852788,0.0657809959349593,0.760184151382669,5.42870856986495,0.415,8,0.53275230656581,6.58872035568507,-0.710021183968162,2
"t76x8ndbtxbx72lsb8ngqv1z","mturk",0.622222222222222,1,0.416666666666667,0.411764705882353,-0.136165618448637,0.966226211196133,7.65959737084489,0.318,3,1.99348838352215,7.8978019495334,-0.727248973557749,2.2
"t9d9ki02qf20po7hnalni8bs","mturk",0.733333333333333,1,0.666666666666667,0.2,0.0621830508474576,0.51397290379896,7.73924089376709,0.3965,1,0.375678803891087,7.70573070416331,1.63680575102575,3
"tbi53v4723zampua525gigey","mturk",0.344444444444444,0.717948717948718,0.64,0.0574018126888217,0.150453333333333,0.850092836449824,0.167065162407153,0.1515,3,-2.29323071067099,11.511469581704,2.01629900829712,2.8
"tcbpf1kmvs92g8t2x5iowvqs","mturk",0.344444444444444,0.30952380952381,0.297872340425532,0.0191826522101752,-0.100172239108409,0.397434621400649,0.712023551709717,0.329,4,-0.589624723308854,2.66440956979496,-1.72024174941185,1.4
"th2b9q0wuq3762odsxe9y0kh","mturk",0.788888888888889,0.983870967741935,0.555555555555556,0.278230500582072,0.0565890083632019,0.650918955670872,8.35801678104624,0.121,2,0.687797001345284,7.67797245384354,0.666704163445465,2.4
"tlw8dxp34gf5zt4nfb7yftnf","mturk",0.611111111111111,0.943396226415094,0.0555555555555556,0.888772298006296,-0.0747746331236897,0.890325124949957,4.17573196764203,0.3765,4,0.657569101918428,8.09441620336068,-2.36760961779213,1.4
"toz6nvp14zs7mfg4bwsaebd6","mturk",0.477777777777778,0.815789473684211,0.0784313725490196,0.824581650317369,0.0168431372549019,0.824071338689843,2.0343703937475,0.35,10,0.570440370102558,5.79438684623308,-2.85154463641417,1.2
"tsid1av4r8o3dobjmikdnw6x","mturk",0.577777777777778,0.91304347826087,0.27906976744186,0.531806615776081,-0.0248159757330637,0.886970300144377,2.96012765646594,0.29,3,1.49483768998167,3.01567439993787,-0.0939135804443899,2
"tw1nzqjjixjzlwy9kc1t7qdu","mturk",0.633333333333333,0.941176470588235,0.315789473684211,0.497536945812808,0.084827657378741,0.848529233431215,3.76959271929843,0.121,1,1.35802916497526,3.74696827872652,0.24800824101626,2.2
"uabqljbqhtguwieaax9i9jbi","mturk",0.544444444444444,0.897959183673469,0.225,0.599273057701045,0.206672959183673,0.870272444095352,3.19912715282461,0.4475,13,1.25387185238203,3.51556952768917,-1.36861523592757,1.6
"ufzhw64z1nwocsg8k80i3y5r","mturk",0.555555555555556,0.82,0.0769230769230769,0.828473413379074,-0.00895487179487181,0.885538135560758,2.723631620025,0.1365,1,1.40642226256823,2.78128647745409,-0.634287450552582,0.8
"us4jynu3a76tfb7zh5erygr0","mturk",0.4,0.263157894736842,0.0196078431372549,0.861313868613139,0.0357389060887513,0.823379329302048,0.762460377282715,0.446,4,-0.0722880159366415,2.38648911068108,-2.07573820330159,0.6
"usdq8rqhfvf4hnru7h6e1v0e","mturk",0.577777777777778,0.8125,0.121951219512195,0.738988580750408,0.0335284552845528,0.778204236711573,3.78070910145303,0.26,2,0.789665390831374,4.14289392339855,-0.680388742803465,1.8
"v282ua4fcihshurm6znabfd3","mturk",0.433333333333333,0.380952380952381,0.361702127659574,0.0259208731241473,-0.159174265450861,0.82287544971405,0.330385325318368,0.088,2,-0.117026467936045,1.01826130585717,-1.406806763432,0.6
"v9ep9v5q2l33kle8h2gpb8z4","mturk",0.422222222222222,0.543478260869565,0.581395348837209,-0.0337078651685394,0.122151162790698,0.793445200444362,0.263207440423886,0.0965,3,0.15417673860797,0.62264817612391,0.782011589468814,0.2
"vh8uyrnltv4hh60dzg5r3n1i","mturk",0.377777777777778,1,0.777777777777778,0.125,-0.0259505050505051,0.656383188456167,6.00820456663552,0.3335,3,0.950831265198911,5.82496533360168,1.97520821994741,5
"w1qbxw4ltfgr7ddtsf930nhc","mturk",0.788888888888889,0.653846153846154,0.363636363636364,0.285223367697594,0.281820512820513,0.904183596481801,2.72204504934712,0.665,21,1.60136685759047,2.74830442622848,-0.130386726738275,0
"w4ascja5gszgs3ox6eh471me","mturk",0.522222222222222,0.790697674418605,0.0869565217391304,0.80184331797235,0.0726521739130435,0.837627231697962,2.07300676839416,0.108,2,0.842213523823876,2.702159717317,-1.65598886592044,0.6
"w8rp7rwwb638sy4r2hha3hud","mturk",0.677777777777778,0.96551724137931,0.451612903225806,0.362637362637363,-0.081579532814238,0.96440501326934,5.08500739842036,0.3765,12,2.08168085198833,5.15661346508235,-0.404060577761747,1
"waigs5rf1gkl2y4f6yt2la5q","mturk",0.7,1,0.542857142857143,0.296296296296296,-0.153484656084656,0.557766806210783,7.80681052971028,0.303,1,0.367183227314229,7.09311100663713,0.500658320634004,3
"wdsdynq3ht0uipzelqp7g0xd","mturk",0.255555555555556,0.3125,0.385964912280702,-0.105180533751962,0.128429276315789,0.669706010477114,0.202906439206429,0.2285,8,-0.528760217961938,1.04696626257544,-1.82413009519189,0.6
"wjo05xz5faw7ef8m6bu18ev5","mturk",0.688888888888889,1,0.0967741935483871,0.823529411764706,-0.0799360400444939,0.982245420174535,7.5742433166643,0.2805,4,2.12421016585693,7.95220724733874,-0.962717364924329,0.8
"x12oo9pn58e61fflukvug2mr","mturk",0.677777777777778,1,0.735294117647059,0.152542372881356,-0.171643315508021,0.971706788534437,7.73318192598259,0.1545,2,2.01894158432221,7.92405020509618,-0.774355914029544,4
"x3lheipk8oq00fhkkfjrw6p1","mturk",0.677777777777778,1,0.743589743589744,0.147058823529412,-0.075725641025641,0.59773148142619,10.1923831279294,0.2205,2,0.816551577738257,9.18959632650102,1.26805808268258,3.6
"xe6oqx37xdawxlzrgixjkrxn","mturk",0.733333333333333,0.984126984126984,0.307692307692308,0.523629489603025,0.0515775335775336,0.982037884272618,5.9356057090592,0.2985,5,2.19084277596724,6.17888106487661,-0.869172713536278,1
"xfte2nnmwo5forvvnhf147te","mturk",0.577777777777778,0.936170212765957,0.30952380952381,0.503050020333469,0.122074974670719,0.620171995804302,5.15316459599721,0.323,3,0.14150440370786,6.22989160066711,-0.530367624486273,2.8
"xpy7msfhii19kauw617rabm7","mturk",0.711111111111111,0.983870967741935,0.481481481481481,0.342845495311863,-0.121452210274791,0.752241361151198,5.7528426609883,0.4,1,0.966798403866741,5.58580941045398,0.174276149713472,2
"y0m7gu1o0uy9u4nmziwujofk","mturk",0.566666666666667,0.981132075471698,0.555555555555556,0.276944065484311,-0.165987421383648,0.993612285969921,7.35081715714394,0.3695,11,2.39230084573324,7.87724908862549,-1.24844084620422,0.6
"y3o44ojrgzutttr3noil3v6m","mturk",0.566666666666667,0.981818181818182,0.352941176470588,0.471153846153846,-0.0721764705882353,0.990611245796639,8.38711717604665,0.3995,6,2.26886620773667,8.70841546706378,-1.21889751296053,1.6
"ycz8oq9t09kjdd31e6iws4zh","mturk",0.4,0.761904761904762,0.234042553191489,0.53001017293998,0.215158054711246,0.767124214596236,1.68265467042062,0.562,25,0.751015552224349,2.07309054362141,-1.26761031381032,1.2
"yr5vu6xys2fnolxie1e30c7h","mturk",0.522222222222222,0.976744186046512,0.717391304347826,0.153088630259624,0.0403907987866532,0.552595767239266,10.6267599859501,0.301,2,0.291614488293457,8.54385972700471,1.01851761298748,4.2
"z2y2avzhhdgfqg8idm03titm","mturk",0.6,0.981818181818182,0.382352941176471,0.439435515484124,0.0648470588235294,0.967168923008478,5.02019626222715,0.5355,4,1.60708385203424,5.92038409185857,-1.59998304045531,1
"z4quosqgyjnj8vmg4rc84q3i","mturk",0.577777777777778,1,0.416666666666667,0.411764705882353,-0.0162886178861789,0.881944554604206,8.1603984532427,0.328,3,1.3428958919705,8.13607536394744,0.155330348328351,2.6
"zakt1hcsgy0eh24ehvvxnf3b","mturk",0.511111111111111,1,0.478260869565217,0.352941176470588,0.0698063700707786,0.903946165361036,4.72577229289857,0.236,1,1.65181847216749,4.68008202331655,0.6069862423701,3
"zaz4ydbrsd4x6rstq0t1d95s","mturk",0.588888888888889,0.821428571428571,0.151515151515152,0.688542825361513,0.0571704545454546,0.890039482127979,1.92456781188407,0.4865,6,0.845174805889614,2.58361920476361,-2.14359433471339,0.4
"zhyatjv91vue1ejply55efv6","mturk",0.344444444444444,0.705882352941177,0.545454545454545,0.128205128205128,0.0462604278074866,0.846137668389962,0.673484697818958,0.168,4,0.751842101269122,0.957258843561358,-0.928522255020078,1.4
"zwbaaowabh4qdkku0tqsmyc7","mturk",0.466666666666667,0.717391304347826,0.209302325581395,0.548281505728314,0.0880141557128411,0.786023158079607,1.21627533912481,0.8665,36,0.891509483743323,1.33617133654876,-0.805687711806768,0.8
"zwmgj98ty8oq9j77mhqho8gx","mturk",0.366666666666667,0.909090909090909,0.0357142857142857,0.924398625429553,-0.0116764069264069,0.95119397750463,3.04222933431802,0.6195,2,1.72643487947673,3.32289446368102,-0.815099614773157,1
