platform,subject,infreq_mania,infreq_depression,infreq_anxiety,infreq_artistic,infreq_greed,infreq,isd,reliability,mahalanobis,mania_rt,depression_rt,anxiety_rt,artistic_rt,greed_rt,survey_rt,side_var,choice_var,wsls,task_rt
mturk,0045gif7edk9f2xf02awgem7,0,0,0,0,0,0,1.632993161855452,0.975016868949872,3.35074420224158,4.871625,3.41725,1.634125,1.827142857142857,1.6618571428571427,13.412,0.01741293532338306,0.007462686567164201,0.393939393939394,0.01507537688442211
mturk,06ntcl2kvfi7bvkwh6jkfbim,1,1,1,0,0,3,4.563775746008765,0.8521033956151843,7.435956694769109,1.2525,1.463125,1.264,1.6048571428571428,3.4702857142857146,9.054767857142858,0.07213930348258701,0.06716417910447764,-0.01012323943661966,0.8869346733668342
mturk,0alf8i2e9cadaz5lo47eetnz,0,0,0,0,0,0,2.902680955150953,0.9686770266265649,4.345193239448017,38.92725,15.1845,7.8135,7.851,11.759428571428572,81.53567857142858,0.057213930348258724,0.04228855721393032,0.5089898989898992,0.0
mturk,0hmxkgz0256twawpa08920xp,0,0,0,0,1,1,1.8521691749071587,0.9897777823927733,3.4794739150464733,6.210625,4.93125,1.711375,2.095428571428571,1.8872857142857142,16.835964285714287,0.007462686567164201,0.03233830845771146,0.4678469678469678,0.17336683417085427
mturk,0iqpc0511ptbmyjtk64u2bkm,0,0,0,0,0,0,4.572930397233104,0.7392474870324054,5.002438369257086,4.54025,3.9155,2.3035,2.2235714285714283,2.6997142857142857,15.682535714285715,0.062189054726368154,0.027363184079602032,0.3888150609080842,0.0
mturk,0l0i5msatotpryxe9dcs8r5l,0,0,0,0,0,0,4.076548752841969,0.8396930060915854,5.914071489139196,5.424625,2.065875,2.87125,2.6215714285714284,3.3404285714285713,16.32375,0.022388059701492546,0.03233830845771146,0.43193345506187825,0.002512562814070352
mturk,0lt45tglu4s9134zggqigit7,0,0,0,0,0,0,2.3553668807211636,0.985161899184192,5.172839695787768,8.988,5.112875,2.0655,2.039,3.129,21.334375,0.03233830845771146,0.12189054726368159,0.1536674075570821,0.0
mturk,0mi6uxcj88pskln4f8p4dkqm,0,0,0,0,0,0,2.600990420428494,0.9663272222278264,3.3047296750952593,4.76475,2.65975,1.921375,3.130857142857143,3.302857142857143,15.779589285714284,0.11194029850746268,0.04228855721393032,0.21813576494427567,0.0
mturk,0mto4pny0cqh8yhugrfq2f22,0,0,0,0,0,0,3.0243029255728,0.9769679848464125,4.861577782627594,6.61125,4.48975,1.80225,2.383142857142857,2.8442857142857143,18.13067857142857,0.04726368159203975,0.03233830845771146,0.2766564729867485,0.0
mturk,0nmy4z1w8nhd6repxq9g8o8x,1,1,1,0,0,3,5.7445960802606235,0.8528574142676028,9.427596530007197,1.3705,1.09775,1.01175,2.8449999999999998,2.3997142857142855,8.724714285714285,0.18159203980099503,0.04228855721393032,0.22307536876136613,0.31155778894472363
mturk,0p1csq1dz8ykxa27pjpyp3pa,0,0,0,0,0,0,3.025352871489183,0.9484143509486499,4.01156917672846,7.719625,3.169875,2.279125,2.3737142857142857,3.545714285714286,19.08805357142857,0.05223880597014924,0.02238805970149249,0.47943498130452833,0.0
mturk,0wfrmfgryj5nf97gih0ydlbh,0,0,0,0,0,0,4.961130333376316,0.877800673468483,8.198706687195559,8.906875,3.98075,2.271625,17.163142857142855,3.338142857142857,35.660535714285714,0.04228855721393032,0.27611940298507465,0.09798887462558842,0.135678391959799
mturk,0x1rufmexx9ekx7grno16lgm,0,0,0,0,0,0,4.416507474750942,0.6438011719201118,6.331135689270977,7.339875,6.10675,2.57775,3.4819999999999998,2.6675714285714283,22.173946428571426,0.01243781094527363,0.13681592039800994,0.4945344129554654,0.0
mturk,16qney8vyc6336wz3rvfost2,1,1,0,0,0,2,2.942223188866721,0.9866404142073799,5.930737728596185,1.57625,1.624125,1.9,3.2277142857142858,1.6532857142857142,9.981374999999998,0.04228855721393032,0.04228855721393032,-0.034984520123839014,0.19095477386934673
mturk,1dfxing7uzcljv31e32gw7bx,0,0,0,0,0,0,3.6732041210209143,0.961315691409227,5.154594990703992,6.5815,3.6645,2.405375,2.662857142857143,2.6445714285714286,17.95880357142857,0.027363184079601977,0.14179104477611937,0.3264016309887871,0.0
mturk,1hg66hcevxi5a0g3dg3u9ktf,0,0,0,0,0,0,1.947816735642387,0.9893531935437028,3.940389459907868,7.84975,3.83725,1.971,1.999285714285714,3.710714285714286,19.368000000000002,0.03731343283582089,0.02238805970149249,0.2764356855265948,0.0
mturk,1jcd8vwkfvisxjhdq01w91u6,0,0,0,0,0,0,1.786653165672885,0.9801953391764547,3.1612001611832796,8.41625,4.388125,2.922875,2.9238571428571425,3.2265714285714284,21.87767857142857,0.31094527363184077,0.06716417910447764,0.39989648033126307,0.0
mturk,1ls815kvytlzmq5eu9oedcf9,0,1,1,0,0,2,4.4455093649189035,0.8318040358989321,7.8635259282406595,3.335875,5.066875,2.662125,1.8724285714285713,1.9268571428571428,14.864160714285713,0.2462686567164179,0.022388059701492546,0.04985841423948222,0.6482412060301508
mturk,1o2ubz0hvr6m3vp7lovn2lsj,0,0,0,0,0,0,3.001064389666757,0.9729477037125162,4.277023480060226,7.731875,7.15575,3.20275,3.6671428571428573,7.613285714285714,29.370803571428574,0.1616915422885572,0.12189054726368159,0.18265075118337087,0.0
mturk,1wjfmekjlpimwasxu0rgzo9g,0,0,0,0,0,0,2.8677186935294827,0.9735743795994036,5.973585349133034,7.0115,5.566375,2.700625,3.0294285714285714,4.792714285714285,23.100642857142855,0.027363184079601977,0.01243781094527363,0.5136559139784947,0.002512562814070352
mturk,1xag83k9pmul55titc0yn6b5,1,0,0,0,0,1,4.683804740693842,0.9476525378260441,7.112125994442874,2.131625,3.87625,2.4405,2.4908571428571427,2.5767142857142855,13.515946428571429,0.47512437810945274,0.02238805970149249,0.33524004085801823,0.1306532663316583
mturk,1yxwg14w52aubqggx5gdgwep,0,0,0,0,0,0,2.947322154478572,0.9658017465941402,4.247527630859253,6.9005,5.8415,3.61325,2.2377142857142855,3.043428571428571,21.63639285714286,0.08208955223880599,0.14179104477611937,0.3466220328667072,0.0
mturk,23roarl5lmi0mvinzpuf1set,0,0,0,0,0,0,3.771671330947462,0.9146458074822029,4.372153078270285,6.08875,4.372375,1.591875,1.8987142857142858,2.1054285714285714,16.057142857142857,0.01741293532338306,0.02238805970149249,0.4271580778430091,0.04773869346733668
mturk,26umv502g01h2zn7nv9vodj3,0,0,0,0,1,1,3.0414911909258224,0.9395634575807738,6.66460273642099,3.811875,6.576375,3.15575,2.226,1.8022857142857143,17.572285714285712,0.09203980099502485,0.0024875621890547706,0.18156028368794322,0.06532663316582915
mturk,2afu43wgwak7ijursn68u4fd,0,0,0,0,0,0,4.815015405888172,0.9069980484543109,6.772885766543429,3.850375,4.778,2.56325,3.4304285714285716,2.9854285714285713,17.607482142857144,0.007462686567164201,0.04228855721393032,0.33830391560154166,0.0
mturk,2d4fbu9ox76w3ifwsfdb0c2a,0,0,0,0,0,0,2.1479523457288456,0.983385178619738,5.065325263295368,10.579,6.654625,2.5995,2.7457142857142856,4.582,27.160839285714285,0.03233830845771146,0.08208955223880599,0.5175962132125954,0.20603015075376885
mturk,2f30zpz2mz0coozy0isyiz5k,0,0,0,0,0,0,3.425389815731711,0.9626480354219211,4.456995420463698,8.891625,5.436875,2.5805,2.3921428571428573,3.956285714285714,23.25742857142857,0.06716417910447758,0.12189054726368159,0.2696287279367013,0.0
mturk,2j8m8w6b2mj1mw6vz6mhtjv3,0,0,0,0,0,0,2.5767733429147697,0.9834857050815374,3.528237735275648,14.6975,8.6045,4.293,3.8882857142857143,3.5414285714285714,35.02471428571428,0.19651741293532343,0.01741293532338306,0.30291085506367516,0.0
mturk,2vyd0ohyce67zdz760klr57i,0,0,0,0,1,1,3.3721512102773,0.9633545887240739,5.201145610981467,7.434625,4.818375,2.28925,5.221428571428571,2.7854285714285716,22.549107142857142,0.22139303482587064,0.057213930348258724,0.42362093352192387,0.0
mturk,31n1hq2mauxgnxl0izmsnpmv,0,0,0,0,0,0,3.4914174360202783,0.9681989664045951,5.907012767008521,4.353625,4.248125,2.5035,1.8482857142857143,2.333142857142857,15.286678571428569,0.03233830845771146,0.062189054726368154,0.3208375893769156,0.002512562814070352
mturk,341ny9ov0p4kuggcmxp557cr,0,0,0,0,0,0,4.548053331195902,0.9345731886720364,8.17997118332505,6.30425,7.47825,3.290125,3.040857142857143,3.626142857142857,23.739624999999997,0.027363184079601977,0.01243781094527363,0.5739864169582227,0.07035175879396985
mturk,36b1389gkdwjz4a89l6pez8r,0,0,0,0,0,0,1.6990101781132634,0.9757270097985591,3.654394593900462,5.39225,4.40425,1.93725,2.3338571428571426,2.3617142857142857,16.42932142857143,0.06716417910447758,0.12686567164179102,0.306917324470295,0.0
mturk,3a6dyg66j65n70qr1pl9pjd5,0,0,0,0,0,0,1.855257731122788,0.9889985226702558,4.887703446280825,16.015625,7.467125,4.294875,2.865285714285714,2.291,32.933910714285716,0.01243781094527363,0.0920398009950249,0.17525879917184237,0.0
mturk,3brtagj6mceqw49h7u53tweo,0,0,0,0,0,0,2.2927749037431706,0.9672825755570817,4.437122314386285,7.294125,6.725875,2.86525,2.125142857142857,3.8114285714285714,22.82182142857143,0.03233830845771146,0.11194029850746268,0.3452380952380952,0.0
mturk,3cc0axr3z0cygaht0v3yo50s,0,0,0,0,0,0,3.716560456133785,0.9565127996500679,4.680781679770354,2.7795,3.100625,1.5635,3.1791428571428573,2.4052857142857142,13.02805357142857,0.04228855721393032,0.08706467661691542,0.38958120531154233,0.0
mturk,3yo7g2nyb1apz1cidqqezdz3,1,0,1,0,0,2,1.0690449676496976,0.9959053948394981,6.557240419577873,2.940875,5.251625,1.900125,5.359428571428571,3.979714285714286,19.431767857142855,0.07711442786069655,0.027363184079601977,0.2219640331380076,0.30904522613065327
mturk,41ru6wihpstz8ayui2dvfl3n,0,0,0,0,0,0,3.0720524088438967,0.853083864081009,5.422788023816266,3.7225,3.257375,2.812625,2.498,3.3614285714285717,15.651928571428574,0.03233830845771146,0.18656716417910446,0.2151809177279161,0.01507537688442211
mturk,48merez0zsw5pv6n5hyuipoi,0,0,0,0,0,0,5.678017937872945,0.8747652266155788,8.156482617602911,5.359625,5.713375,2.37425,2.596,2.7734285714285716,18.81667857142857,0.007462686567164201,0.12189054726368154,0.29035194174757306,0.26884422110552764
mturk,4ba3uiyk5if6c05wgzs1ouk0,0,0,0,0,0,0,4.414669384436608,0.6240186413135083,7.655947621961713,5.28075,3.282625,2.3065,2.1037142857142856,2.025571428571429,14.999160714285715,0.23631840796019898,0.04726368159203981,0.39438043258540545,0.23366834170854273
mturk,4damne6idlvok1helaxjwf9i,0,0,0,0,0,0,3.90439971755925,0.9345723664722484,5.765231054003305,5.432625,7.747125,4.012125,3.0294285714285714,3.684,23.905303571428572,0.24129353233830847,0.04726368159203981,0.23239436619718282,0.07035175879396985
mturk,4mjnvu0ajydrlp4uvxpkmvjq,0,0,0,0,0,0,1.781308843561674,0.9813434123835624,3.5507087606007963,5.593,4.1615,3.018,2.0685714285714285,2.9411428571428573,17.782214285714286,0.007462686567164201,0.02238805970149249,0.4241590214067281,0.0
mturk,4udxqmvw1zv6yoqtr3a2l10a,0,0,0,0,0,0,0.0,0.9999999999999999,2.9342614709477064,4.43525,4.124375,1.834375,1.9822857142857142,2.5384285714285713,14.914714285714286,0.03233830845771146,0.44029850746268656,0.36468446601941784,0.002512562814070352
mturk,53ozqolox83l00y3ie9d8lcj,0,0,0,0,0,0,2.3490385075318145,0.8937519497753342,6.413206796829494,4.460375,5.192625,2.49625,2.666571428571429,2.126142857142857,16.941964285714285,0.03233830845771146,0.1616915422885572,0.39567510548523177,0.0
mturk,53teasevio3ayklsi6z5hy3t,0,0,0,0,1,1,2.875036069913593,0.9764719309544245,7.272840287073872,3.082,2.970375,3.344625,1.7865714285714287,2.326,13.50957142857143,0.10199004975124376,0.002487562189054715,0.32502532928064837,0.03768844221105527
mturk,541udcdxb1s3ttpkgrz54sh4,0,0,0,0,0,0,4.681263205761512,0.7261951088248104,6.900132141760513,4.553625,2.267625,2.58575,2.1275714285714287,5.217428571428571,16.752,0.007462686567164201,0.07213930348258707,0.410112359550562,0.0
mturk,5b6xqwr3z4t2z1y3sm1u60km,0,0,0,0,0,0,0.5163977794943222,0.9976642858239638,2.8609457109526915,3.40925,2.345,1.418,1.5915714285714286,1.5295714285714286,10.293392857142857,0.3805970149253731,0.02238805970149249,0.345266990291262,0.4824120603015075
mturk,5jukimd941zqcryswb1skzpx,1,1,1,0,0,3,2.4350686267315678,0.980993909275071,5.151124756160984,2.125625,2.008875,1.51175,2.442285714285714,3.0547142857142857,11.143250000000002,0.17164179104477612,0.0024875621890547706,0.07228017883755573,0.7135678391959799
mturk,647ruylfxseijknnr8bbm5f2,0,0,0,0,0,0,2.4751740770775896,0.9642758896628106,3.669318211292416,8.979375,10.004625,2.975375,2.7905714285714285,4.241714285714286,28.991660714285715,0.052238805970149294,0.08208955223880599,0.2594185094185093,0.002512562814070352
mturk,6f5rr3zly2ul5t110l5b7xk6,0,0,0,0,0,0,2.8132695427868715,0.9689982924935984,5.367035138601098,3.46525,2.955125,2.0375,1.4152857142857143,2.636142857142857,12.509303571428571,0.01741293532338306,0.03233830845771146,0.05462184873949572,0.44221105527638194
mturk,6myrp1y7m42waecwz2iz8d9z,0,0,0,0,0,0,2.8698581519869375,0.9782261456463691,5.103967511002602,5.994375,4.70775,1.650875,2.5581428571428573,3.2137142857142855,18.12485714285714,0.03233830845771146,0.07213930348258701,0.1694623655913978,0.1507537688442211
mturk,6wrgg0eq7yluo0pm8rgljl2t,1,0,0,0,0,1,3.2176092413354973,0.9593719061131272,5.819813179431386,4.820125,5.187375,2.128375,2.095428571428571,4.458857142857143,18.690160714285717,0.027363184079602032,0.06716417910447758,0.264932954083706,0.40703517587939697
mturk,6x6ewrf60bie2thzzq2gmfmu,1,0,1,0,0,2,5.347772421143548,0.9021382370039029,9.2695506215211,5.7165,11.451875,4.742125,8.795142857142858,5.692285714285714,36.39792857142857,0.062189054726368154,0.06716417910447758,0.10902103559870556,0.10050251256281408
mturk,78p39d3i2kp72ux5yyxn1bte,0,0,0,0,0,0,3.064549116940505,0.985898347305719,4.924561560959375,10.517125,4.766,2.6155,3.144142857142857,3.251428571428572,24.29419642857143,0.03233830845771146,0.03731343283582089,0.47251970094968665,0.002512562814070352
mturk,7azgmo2rh8l9h3appuq8k0o9,0,0,0,0,0,0,2.6536296077199872,0.9761324604287899,4.042365033398578,18.4305,5.917875,3.55225,5.741714285714286,4.078142857142857,37.72048214285714,0.04228855721393032,0.14179104477611937,0.2513677811550151,0.0
mturk,7b2sclga9stlmjzmklna3ozk,0,0,0,0,0,0,4.28992692770113,0.9224790299402562,7.604450255541334,4.411125,5.022125,1.975375,4.057571428571428,2.164142857142857,17.630339285714285,0.022388059701492546,0.04228855721393032,0.330668016194332,0.0
mturk,7jt8n4iselziw5v041bfl58t,0,0,0,0,0,0,0.0,1.0,3.047236931060086,6.475625,3.75175,1.532375,2.8581428571428575,2.559285714285714,17.17717857142857,0.007462686567164201,0.08208955223880599,0.44117647058823534,0.0
mturk,8ehs3ohffbjv8gjqgptt9d1t,0,0,0,0,0,0,3.500794860888381,0.9699659032132427,5.998830456886893,7.60825,6.29475,3.06625,2.189,2.706857142857143,21.86510714285714,0.027363184079602032,0.19154228855721395,0.18076688983566655,0.005025125628140704
mturk,8h48j37z89ct17rp42osqxge,0,0,0,0,0,0,4.065605146195042,0.9520109363325173,6.037336426884805,7.583,8.455125,2.28825,2.791571428571429,3.367142857142857,24.485089285714288,0.13681592039800994,0.002487562189054715,0.3116619260463227,0.16834170854271358
mturk,8map1iet5ddnonpumqe7o9av,0,0,0,0,0,0,3.6132654089366323,0.9376204356358364,6.488147850571078,3.9945,3.21825,2.184125,2.1324285714285716,2.147,13.676303571428571,0.007462686567164201,0.01243781094527363,0.5138546798029556,0.007537688442211055
mturk,8npip6bkhytavwzz40v9xr3n,0,0,0,0,0,0,2.76373028757376,0.937186036333797,4.822216150090659,6.68675,12.155,3.504,4.497142857142857,3.7841428571428573,30.627035714285714,0.05223880597014924,0.12686567164179102,0.09728964401294488,0.0
mturk,8r3zvypk0bnvql2q8ow7kcb0,0,0,0,0,0,0,4.534214971861599,0.933052313741635,6.554996726475822,4.031,10.429375,14.616375,1.5477142857142856,14.340857142857143,44.96532142857143,0.052238805970149294,0.007462686567164201,0.04320607553366164,0.6306532663316583
mturk,932nd2fkjzq8o1uvi0s0r6vw,0,0,0,0,0,0,2.008695631937178,0.991594781195599,3.757466526691564,5.06975,3.53775,1.6335,1.8030000000000002,1.885142857142857,13.929142857142857,0.10696517412935325,0.022388059701492546,0.4352525252525251,0.0
mturk,9kppcbxt5yd74k68o9ojna5l,1,0,0,0,0,1,2.6685926790610615,0.987651053371897,6.248032336668806,5.0025,3.334625,1.880375,1.9342857142857142,2.537714285714286,14.6895,0.11194029850746268,0.007462686567164201,0.006523955147808314,0.03015075376884422
mturk,9lj76u5t16q8p5em57ghbd3m,0,0,0,0,0,0,3.733730044094533,0.547826223621423,6.139960204542914,7.057,4.1735,3.283125,2.955714285714286,3.204285714285714,20.673624999999998,0.43532338308457713,0.03233830845771146,0.2177518427518425,0.5100502512562815
mturk,9pvy5dx33eiw5s376mkqah3w,1,0,0,0,0,1,1.8269165859706291,0.9911344518694355,3.7539925422746228,24.557,13.902625,6.751125,8.877571428571429,5.999857142857143,60.08817857142858,0.027363184079601977,0.10696517412935325,0.5203201970443352,0.0
mturk,9sofaz55jn70p37kkyrwfs7h,0,0,0,0,0,0,2.972327808340624,0.9558788977894752,3.377269343132802,6.2465,5.4975,2.353875,2.737142857142857,2.721285714285714,19.556303571428572,0.022388059701492546,0.2512437810945274,0.3663748175943299,0.0
mturk,9triih2u2jyp9z4it4nztit8,1,0,0,0,0,1,5.094245095225866,0.8930071481063452,6.574538576421482,6.82625,3.657625,1.823375,3.4528571428571433,3.0207142857142855,18.78082142857143,0.01741293532338306,0.07711442786069655,0.12966360856269107,0.04271356783919598
mturk,9u9iluu4er47b16ydcetlrri,0,0,0,0,0,0,3.403256112652447,0.9768831870014527,5.36165710253637,11.697875,5.182125,4.473375,3.4875714285714285,3.966,28.80694642857143,0.0920398009950249,0.01741293532338306,0.4277108433734942,0.01256281407035176
mturk,9xmesfr8fle9kunau40wmoev,0,0,0,0,0,0,3.008014295676854,0.8588149282947269,4.676502611440094,10.793875,5.9715,4.5105,4.148285714285715,2.9202857142857144,28.344446428571427,0.01741293532338306,0.09203980099502485,0.27154126213592256,0.0
mturk,a0v3jzo92of3zjvwoeo6vmpg,0,0,0,0,0,0,2.025015815618727,0.9913668563936288,4.949726116863175,6.034375,3.607,2.608375,2.2435714285714288,2.4057142857142857,16.899035714285716,0.03233830845771146,0.057213930348258724,0.25641025641025667,0.0
mturk,a67jyfn6po846n718npgj607,0,0,0,0,0,0,1.5833951514845988,0.9961143516428499,3.6243966843091227,19.42125,8.390375,9.572125,6.395142857142857,6.866428571428571,50.64532142857143,0.01243781094527363,0.01741293532338306,0.27867494824016564,0.0
mturk,aolor455qvlnq3vmcb974ps5,1,1,0,0,0,2,4.184454177624416,0.8516451101647143,7.965717795847027,8.069875,1.423,4.211,3.432714285714286,1.8538571428571429,18.99044642857143,0.02238805970149249,0.022388059701492546,-0.016202742002492825,0.6256281407035176
mturk,avfujzgtegxt24dd8f2chcnc,0,0,0,0,0,0,4.970445883172708,0.876280427236068,6.357950325276831,5.783,4.51275,2.031375,1.7611428571428571,2.84,16.928267857142856,0.03731343283582089,0.02238805970149249,0.2565883554647599,0.007537688442211055
mturk,aws11s2jo537qnscvnb30a3v,0,0,0,0,0,0,3.212127939385967,0.9678365883241835,6.390930964379948,4.53075,3.6695,2.040375,1.7754285714285716,2.623285714285714,14.639339285714287,0.01243781094527363,0.12189054726368159,0.3264573070607553,0.06281407035175879
mturk,ax7h5iawpe2fevn24tagkpkc,0,0,0,0,0,0,4.757080579200011,0.8809311991404857,6.228042192437325,17.818875,17.434,5.988,4.126571428571428,7.783571428571428,53.15101785714286,0.01243781094527363,0.40049751243781095,0.3805363673303538,0.002512562814070352
mturk,b4i8xjo1y67ver8ih3m9d06n,0,0,0,0,0,0,3.247168491325927,0.9478407048594082,4.834507918617336,7.973125,6.52675,2.379,3.282285714285714,3.7425714285714284,23.90373214285714,0.027363184079601977,0.027363184079601977,0.5519296827641947,0.0
mturk,beqcc6ncidwpngxy9blbmwwg,0,0,0,0,0,0,1.9766072938335646,0.9922861200186434,3.7143168238516697,8.906375,12.45475,4.963125,2.514,2.629714285714286,31.467964285714285,0.04726368159203981,0.16666666666666669,0.5560275080906152,0.0
mturk,bk21s6rw0enc8kqvq5g55f1d,1,1,0,0,0,2,2.4364828160228167,0.9666677531286113,5.889852619872615,7.1025,2.295,1.727875,2.601714285714286,3.2607142857142857,16.98780357142857,0.06716417910447764,0.0771144278606965,0.09752804320731207,0.1407035175879397
mturk,c7x9th55z7scxc7v94r3frmq,0,0,0,0,0,0,3.694138605881512,0.9076079059183746,4.442094285155703,5.147875,3.300625,2.9645,2.6517142857142857,2.822,16.886714285714287,0.04726368159203975,0.10199004975124382,0.16212921576594894,0.0
mturk,cfs7l0pcmq8ocktzfwwr5s1k,0,0,0,0,1,1,3.6562712262467287,0.8796018835409971,5.800644839396652,3.223125,2.88075,1.473625,1.542,1.3711428571428572,10.490642857142857,0.08208955223880599,0.01243781094527363,0.3136288998357964,0.017587939698492462
mturk,cgnuq1quygnikvf0tmld80gx,0,0,0,0,0,0,4.058348406007154,0.818641352325952,6.522272174012872,64.431875,27.146375,1.410625,5.0161428571428575,2.411142857142857,100.41616071428571,0.02238805970149249,0.01243781094527363,0.3133540372670809,0.002512562814070352
mturk,cjlkgbnhyrvwabk5u104j2ni,0,0,0,0,0,0,2.382740251544262,0.9878503367620928,3.862546298736735,9.82475,7.29975,2.9035,2.363,4.472857142857142,26.863857142857142,0.03233830845771146,0.08208955223880599,0.2586206896551725,0.0
mturk,cjy6pckoe7elutfjvjspz899,0,0,0,0,0,0,2.204881058979857,0.9853105040612644,3.92615866997372,9.9325,6.13975,3.98125,3.604,3.2199999999999998,26.877499999999998,0.15671641791044777,0.007462686567164201,0.4460483210483212,0.0
mturk,cl0hfgf11jot3ikjnsruivcz,0,0,0,0,0,0,4.589828724401251,0.9317043177834183,7.235495956463214,6.50925,4.5185,2.499375,2.3278571428571433,3.4817142857142858,19.33669642857143,0.04228855721393032,0.14179104477611942,0.32145748987854217,0.0
mturk,cszj0l6uqdkurp4dmbcw8fwi,1,0,0,0,0,1,6.4147434864901465,0.7641814686249782,10.853950336637226,2.858,2.681125,2.316875,2.0291428571428574,3.041714285714286,12.926857142857141,0.03731343283582089,0.04726368159203981,0.1825099020220973,0.27638190954773867
mturk,cv17bxobn4cdhrgotg3ap1aw,0,0,0,0,0,0,2.250754475595012,0.9821674942580046,5.208038322285139,8.258375,4.80775,2.31525,2.6732857142857145,3.2635714285714283,21.31823214285714,0.04228855721393032,0.17661691542288555,0.21458880581935755,0.0
mturk,dj19ieorj50cs6dperszsw5j,0,0,0,0,0,0,3.058852335163579,0.9643944572717535,5.270477962474246,5.37,11.32,11.176125,1.6128571428571428,3.1108571428571428,32.58983928571429,0.10696517412935325,0.007462686567164201,0.37356674856674843,0.12311557788944724
mturk,djqa2e4nnihalyvpo44hkx1x,1,1,1,0,0,3,4.805249508088071,0.8337309513346858,7.909252464867202,2.56925,1.775375,2.490375,1.5191428571428571,2.369428571428571,10.723571428571427,0.027363184079601977,0.002487562189054715,-0.11704063068526371,0.9120603015075377
mturk,dqs9bnj9w6begliewhe7ycbo,0,0,1,0,0,1,3.203522864089276,0.9786960991430299,6.643829041050313,5.0225,3.030375,4.374875,8.279714285714286,5.5721428571428575,26.279607142857145,0.08208955223880599,0.03233830845771146,0.0740515317508624,0.11557788944723618
mturk,e27j7r2ly0oyl984w1n0h2qm,0,0,0,0,0,0,2.559295224433132,0.971026251482962,4.4874747500296275,9.149,4.063125,3.517125,2.0594285714285716,3.8724285714285713,22.661107142857144,0.12686567164179108,0.2064676616915423,0.3493122977346282,0.1457286432160804
mturk,e5iqml6t63g9mfk6fylwc197,0,0,0,0,0,0,1.161020943172944,0.9979796356057492,2.761367486535163,3.40175,4.43325,2.231,1.9861428571428572,2.540857142857143,14.593,0.04228855721393032,0.03731343283582089,0.261770054556476,0.12311557788944724
mturk,e6dhkkt1f8gqesyuukd1s1eh,0,0,0,0,0,0,1.41363706698866,0.9946950861458307,4.708921842957831,5.788375,4.3245,1.903875,1.7895714285714284,1.8204285714285715,15.626749999999998,0.3009950248756219,0.05223880597014924,0.23758865248226924,0.0829145728643216
mturk,e9mzms2s82oslgused1r3nfa,0,0,0,0,0,0,4.620309520603862,0.8103758171994021,6.27109896649914,5.239375,4.158625,3.716875,2.6111428571428568,3.384,19.110017857142857,0.03233830845771146,0.04228855721393032,0.5467611336032386,0.0
mturk,eevmr1z0nsh9s96lrde59vwl,0,0,0,0,1,1,2.98066174311551,0.9665054219756726,3.802067134283034,8.5785,5.94475,1.91975,3.0682857142857145,2.9699999999999998,22.481285714285715,0.007462686567164201,0.10696517412935325,0.4995761813943636,0.0
mturk,ekfpn5l2bq0acuu4f2zsvhet,0,0,0,0,0,0,3.607834927668602,0.9512953462990118,4.738720967386542,5.90325,5.939,1.603625,2.9285714285714284,1.9221428571428572,18.296589285714283,0.09701492537313433,0.01243781094527363,0.3817160367722166,0.052763819095477386
mturk,ekjg1id0x7wh1yvwe416n01q,0,0,0,0,0,0,3.1484208424947413,0.8983134129280432,4.733079754359476,4.659375,3.608375,1.513,2.4035714285714285,1.9234285714285715,14.10775,0.09701492537313433,0.0024875621890547706,0.16036772216547518,0.0
mturk,eu49k2titg3ouvminvav85yw,0,0,0,0,0,0,2.2261822407286402,0.9803136098865355,3.9921215911104064,2.09675,1.256625,1.362875,1.7322857142857142,6.170857142857143,12.619392857142858,0.03233830845771146,0.04726368159203975,0.3799184505606524,0.04773869346733668
mturk,ey5cecw68am9sy0qrkkek7x2,0,0,0,0,0,0,3.861497284325168,0.8829350788384694,5.478771115298873,5.590375,4.75375,2.025625,2.464,2.8355714285714284,17.66932142857143,0.027363184079602032,0.04726368159203981,0.3656928383039156,0.0
mturk,fgser2b9vvxod0kw5ncpilot,0,0,0,0,0,0,3.06371397261843,0.9739046291468265,5.790124599805265,7.003,6.6035,2.9015,2.5794285714285716,2.931285714285714,22.018714285714285,0.002487562189054715,0.01741293532338306,0.4543783783783785,0.0
mturk,fi1u5q9mpyqdjo4pc8ve5mvf,0,0,0,0,0,0,3.035273439254069,0.9366943773293345,5.701827815271297,6.488,2.956375,1.732875,2.3111428571428574,2.5588571428571427,16.047250000000002,0.46019900497512434,0.022388059701492546,0.21774027577690883,0.020100502512562814
mturk,fq2mzf40dbqifxmxr4k6rk47,0,0,0,0,0,0,3.3275948048005364,0.9736469819826282,6.002371624316881,6.3095,2.602125,1.370375,6.843285714285714,1.3714285714285714,18.496714285714283,0.04228855721393032,0.0024875621890547706,0.4494643218111988,0.1507537688442211
mturk,fsjmf8n5zoxe4a17sp7mmxrk,0,0,1,0,0,1,2.19801375602717,0.9928887110277826,4.568170522881695,2.04,2.322375,1.114,1.3435714285714284,1.836285714285714,8.656232142857142,0.03731343283582089,0.022388059701492546,0.030971659919028224,0.20100502512562815
mturk,g3lotbcyh8zvp5g6sv7zxzuo,0,0,0,0,0,0,2.115372899298216,0.975019189619178,2.960778321715369,4.88125,4.093625,1.779375,4.921285714285714,2.412,18.087535714285714,0.0024875621890547706,0.01243781094527363,0.25157041540020275,0.8592964824120602
mturk,g7tccd48q9wztjq1icrbs6q3,0,0,0,0,0,0,3.9266419117102163,0.9366406677885919,5.976480993098891,9.437625,4.918375,2.683625,2.270285714285714,3.0515714285714286,22.36148214285714,0.03731343283582089,0.0024875621890547706,0.24087665647298684,0.0
mturk,gmppood7kh931y4urv5uhs4a,0,0,0,0,0,0,2.6843270200897367,0.9600069937491265,4.228762299350084,10.81825,5.00175,3.055375,2.5808571428571425,4.234428571428571,25.690660714285713,0.05223880597014924,0.002487562189054715,0.3966310943712076,0.0
mturk,gng7advsw2f4bapv99vf84fv,0,0,0,0,0,0,4.185475769619437,0.8672577469503012,4.580895483338931,8.40725,8.053875,4.0675,3.134857142857143,3.8032857142857144,27.466767857142855,0.04726368159203981,0.11691542288557216,0.2203286670724285,0.04522613065326633
mturk,gt3hw6qzsddqr0ffd59cf2h9,0,0,0,0,0,0,1.5177145640750238,0.996833290109427,3.968283182846994,7.51725,3.693375,1.909125,3.7044285714285716,2.94,19.764178571428573,0.35572139303482586,0.022388059701492546,0.3511981172443305,0.0
mturk,h85dvmp66vn28dgqtc1h0yqc,0,0,0,0,0,0,2.6138690921622856,0.985406850135568,5.53399953503636,8.743125,8.295375,3.354,3.6212857142857144,5.077714285714285,29.0915,0.07213930348258707,0.15671641791044777,0.4560439560439559,0.0
mturk,hadvq5vn2e842sz1vu2838pm,0,0,0,0,0,0,3.4865052039786875,0.9697141231667381,5.0414171256788896,7.242625,5.569625,2.3595,4.015571428571429,2.1634285714285713,21.35075,0.05223880597014924,0.21641791044776115,0.2594684385382058,0.0
mturk,hmtggd56y81ersiwgaza43by,0,0,0,0,0,0,3.3617534379655756,0.9668352145176627,4.316997304586259,7.40525,5.71025,3.696125,2.3657142857142857,3.487428571428571,22.664767857142856,0.022388059701492546,0.1616915422885572,0.5138546798029561,0.0
mturk,hok36g102ajchq0t4ctvx0fq,0,0,0,0,0,0,3.5675308955035265,0.9511421213083112,4.7182784715101596,4.3365,2.817125,1.854875,1.9034285714285715,1.694857142857143,12.606785714285715,0.0771144278606965,0.052238805970149294,0.10898989898989905,0.2613065326633166
mturk,hr6d8gtv9frx07siue74c7pf,0,0,0,0,0,0,2.33421114500275,0.9735395046368723,3.666373970467009,4.157125,2.878,2.818125,2.039,1.815,13.707249999999998,0.0920398009950249,0.01741293532338306,0.17194896069150029,0.0
mturk,hs7raazp656j1ys4vn6vhlph,0,0,0,0,0,0,4.407751293053769,0.7395019799389072,6.0835099455131445,7.225375,30.194,1.901,13.608428571428572,2.5919999999999996,55.52080357142857,0.03233830845771146,0.10199004975124382,0.1909090909090908,0.0
mturk,hv5q4nzk8wnd491016jv34bo,0,0,0,0,0,0,2.379746058066582,0.9739721969091049,6.340115501748953,5.024875,4.04975,2.166625,1.5962857142857143,2.6432857142857142,15.48082142857143,0.08706467661691542,0.027363184079601977,0.32419354838709674,0.08542713567839195
mturk,hycx9fud51hzfbxcayw3zmzl,0,0,0,0,0,0,5.710296600405167,0.7656549067055334,7.396284096588386,7.04025,6.546,2.076625,3.5215714285714284,5.076428571428571,24.260875,0.007462686567164201,0.04228855721393032,0.2535714285714286,0.0
mturk,i0crny7klhunecn88vy2z09l,1,0,0,0,0,1,2.917786266738039,0.9957517319482989,4.99745225841637,11.87975,5.061625,5.944625,7.5,14.74157142857143,45.12757142857143,0.08208955223880599,0.052238805970149294,0.04361593462717061,0.11055276381909548
mturk,idte7e818070rgy2utv7pppj,0,0,0,0,0,0,2.497071596904366,0.9708096245625066,3.99799084547194,6.830375,4.649875,2.801,2.407571428571429,3.8935714285714282,20.582392857142857,0.002487562189054715,0.062189054726368154,0.5330671580671579,0.0
mturk,iv3nzmpjvba3e12dnuya367k,0,0,0,0,0,0,2.347082583307458,0.9794922963558375,4.913999577444495,3.35,3.18975,1.611625,1.8792857142857142,2.289,12.319660714285714,0.14179104477611942,0.022388059701492546,0.31995947315096246,0.017587939698492462
mturk,iys46f7rt7z6glrmrahxdyas,0,0,0,0,0,0,2.6361373808702924,0.9693012462067692,4.955764397009558,6.11925,4.253,2.172375,2.044714285714286,3.0187142857142857,17.608053571428574,0.03233830845771146,0.09701492537313428,0.5785495403472931,0.0
mturk,jedoaoppvjj4t7omjjq720hv,0,0,0,0,0,0,2.7817398755155534,0.9781997437160896,5.874738577852111,6.046,4.788125,2.988125,2.0022857142857142,3.534,19.358535714285715,0.0024875621890547706,0.07213930348258707,0.1314416177429876,0.05025125628140704
mturk,jq65i8e6znkoeil021tahcsp,0,0,0,0,0,0,3.494475854305687,0.9773002452059179,5.255179800614689,7.745375,9.357125,2.444,1.9548571428571428,2.1304285714285713,23.631785714285712,0.0920398009950249,0.022388059701492546,0.20367751060820374,0.0
mturk,jyn4votldgut5en8z83abynv,0,0,0,0,0,0,2.7924477689911145,0.9816134478056227,5.783405896553697,6.519125,5.08175,1.726375,1.5964285714285715,1.9827142857142857,16.906392857142855,0.32587064676616917,0.04726368159203975,0.27647058823529436,0.03768844221105527
mturk,k6xlxosw3cpsrchxw360cd35,0,0,0,0,0,0,4.343003582524959,0.903223990110544,5.604019344748114,4.577,5.366375,3.0355,2.8408571428571427,2.6732857142857145,18.493017857142856,0.03731343283582089,0.052238805970149294,0.4921652421652423,0.005025125628140704
mturk,ka459iov6b5pkn2djfknwgvt,0,0,0,0,0,0,3.9531714078305358,0.9202575700404121,6.355514632100207,4.3925,7.505875,2.81525,2.3898571428571427,3.37,20.473482142857144,0.1467661691542289,0.03233830845771146,0.22765737874097022,0.005025125628140704
mturk,kdgjhgo39w74uyym8xh7228c,0,0,0,0,0,0,3.119388416287248,0.9581362479013849,5.1023147409105825,9.31475,5.266875,2.22025,2.140285714285714,3.7887142857142857,22.730874999999997,0.10199004975124382,0.02238805970149249,0.3379554655870445,0.30402010050251255
mturk,kmn6csp86o6rvy011opg0p5u,0,0,0,0,0,0,1.050920263319171,0.9951369791183442,3.261461053276802,6.4165,2.893875,6.275,1.977285714285714,5.917,23.479660714285714,0.027363184079602032,0.04228855721393032,0.2704288025889968,0.010050251256281407
mturk,krt1skqswbuufb91e1cxcvnu,0,0,0,0,0,0,3.228318284220599,0.9667034278114967,6.088972763354408,6.5905,5.224625,2.933625,2.303857142857143,2.6798571428571427,19.732464285714283,0.15174129353233828,0.007462686567164201,0.41965552178318094,0.022613065326633167
mturk,l16q2lm3ricf6y0ppmj7cvzd,0,0,0,0,0,0,3.142620604750462,0.966630432672674,5.31822463393732,7.663625,5.916375,2.876625,2.5381428571428573,3.742,22.73676785714286,0.11194029850746268,0.03731343283582089,0.27762914179872383,0.0
mturk,ldrunpc8u0c11240hgpym0sc,0,0,0,0,0,0,3.2393158131702275,0.9801638633059875,5.519189908854693,6.501375,4.237625,1.993625,2.3467142857142855,3.9702857142857146,19.049625000000002,0.1616915422885572,0.04228855721393032,0.13776963776963783,0.0
mturk,lq8i1tqvsisw6bu65eumu8rj,0,0,0,0,0,0,2.669607425511746,0.9842613642256771,3.848033893021158,10.5815,7.174125,4.07525,2.448571428571429,3.4690000000000003,27.748446428571434,0.007462686567164201,0.2810945273631841,0.5296218487394957,0.0
mturk,ly2advi3b39qizqlplzj0ol3,0,0,0,0,0,0,3.1269920237680346,0.9721547606093635,4.696380062025994,6.860875,3.965875,2.6815,2.428714285714286,2.675142857142857,18.61210714285714,0.03731343283582089,0.04726368159203981,0.3720835869344696,0.0
mturk,m4izvla3yainx7q8g5evlr84,1,1,1,0,0,3,4.783260078846661,0.8627365808706071,8.656766099819404,1.3505,3.9845,3.087125,5.276000000000001,1.2557142857142856,14.953839285714286,0.04726368159203975,0.01741293532338306,-0.04289516789516775,0.9371859296482412
mturk,m4w706l0jiclptjwg4t27s33,0,0,0,0,0,0,5.1863429421637814,0.6956907797191665,5.402319025898458,5.33625,3.369125,1.8795,2.4315714285714285,2.4295714285714287,15.446017857142857,0.022388059701492546,0.10199004975124382,0.4806945863125639,0.0
mturk,m8nrpifkfb1hgsc7yvwcav4o,0,0,0,0,0,0,6.093971147586247,0.7570130903914902,6.499524276532134,7.2045,4.475375,2.087625,2.2208571428571426,3.084,19.07235714285714,0.03233830845771146,0.1169154228855721,0.17821782178217827,0.010050251256281407
mturk,mbk82a0qyyx2fnl3tyhjt5q3,1,1,1,0,0,3,4.562152770480395,0.89068339788176,7.8407008278745,6.1355,1.72125,2.309375,2.9822857142857147,2.4044285714285714,15.552839285714287,0.052238805970149294,0.007462686567164201,0.011926420052557007,0.871859296482412
mturk,mhddriyp5i3xuoyzhskt00sf,1,1,1,0,0,3,3.82580580423657,0.9570722383238514,6.813300126370567,1.521875,3.422625,2.2675,2.1990000000000003,2.739142857142857,12.150142857142857,0.12189054726368154,0.01741293532338306,-0.021826658190294546,0.5904522613065326
mturk,n9q8lzf5y3kpcnfqrxrv606t,0,0,0,0,0,0,2.1201480844513467,0.9880272539744425,3.2369302877265533,6.257875,4.309875,2.3175,2.575142857142857,2.771857142857143,18.23225,0.01243781094527363,0.0024875621890547706,0.3294949494949493,0.0
mturk,nzte1hdqjfe4s7rhpy93790g,0,0,0,0,0,0,0.5163977794943223,0.9959728745034505,2.1376034152099477,9.301375,5.122125,1.86925,2.41,3.144714285714286,21.847464285714288,0.07711442786069655,0.062189054726368154,0.5187763713080168,0.0
mturk,o6xkqlzz9vwgevbjavrc52by,0,0,0,0,0,0,4.060585460795746,0.94248345561494,5.839311490154974,7.470125,5.434375,2.789375,2.1254285714285714,2.3682857142857143,20.187589285714285,0.007462686567164201,0.01243781094527363,0.22712215320910953,0.0
mturk,ok7ssgk65sj9ug52zqkh8k8v,0,0,0,0,0,0,2.1675156456803006,0.9697234168635809,4.200269567103213,8.4595,29.1805,2.847125,2.9935714285714283,4.160285714285714,47.64098214285714,0.0024875621890547706,0.08706467661691542,0.2645450568678916,0.0
mturk,ol9937wlvzp8prpx0wk1p8tq,0,0,0,0,0,0,3.171242893691494,0.9628188707305734,5.652122516951108,10.25625,7.2485,2.91225,3.539142857142857,2.3688571428571428,26.325,0.057213930348258724,0.15671641791044777,0.15663627152988885,0.08542713567839195
mturk,ozyppqm0fv26le3u1wm2b98c,0,0,0,0,0,0,2.9271679672760067,0.923949570506758,4.455163001476442,6.325,3.8265,1.95875,1.4542857142857142,2.3408571428571427,15.905392857142857,0.10696517412935325,0.027363184079602032,0.2478632478632478,0.17839195979899497
mturk,p69jax425u60h4xu1ogkhhsa,0,0,0,0,0,0,5.776833975215286,0.3579721638495782,6.417402780890911,9.164,12.649625,2.534125,5.159285714285715,2.4091428571428573,31.916178571428574,0.03731343283582089,0.12189054726368159,0.3577119509703778,0.0
mturk,ph3855evmowhomqadzox10cy,0,0,0,0,0,0,3.402142892293017,0.972340707517365,4.496999957143715,9.9665,8.27725,3.442625,3.2582857142857145,3.832142857142857,28.77680357142857,0.01741293532338306,0.007462686567164201,0.2362626054743776,0.07035175879396985
mturk,pl0k36pwbdtt78v7rlbg6mdr,0,0,1,0,0,1,3.778129197618759,0.938103840208641,7.2206482151455536,6.1205,5.63925,1.742,3.2437142857142858,3.024,19.76946428571429,0.07711442786069655,0.02238805970149249,0.09262883235485969,0.314070351758794
mturk,pv6p318w830y07rh34pjdob1,0,0,0,0,0,0,2.7133705749652846,0.9619410067671559,5.797106679753716,7.845,7.2785,3.667,2.9842857142857144,2.645142857142857,24.419928571428574,0.03731343283582089,0.0771144278606965,0.570296627387241,0.01256281407035176
mturk,px7od962abk1ftbc20jt3i31,0,0,0,0,0,0,4.308515729891193,0.8959511666174662,5.268227809433015,8.7045,6.3435,3.977875,2.605857142857143,8.266714285714285,29.898446428571425,0.07711442786069655,0.20149253731343286,0.4353375527426158,0.0
mturk,pyr8oazt0z1pz9t54cpw65n7,0,0,0,0,0,0,0.816496580927726,0.990568792748127,2.318421198932154,12.053875,8.96375,3.47775,3.4604285714285714,4.520857142857143,32.476660714285714,0.022388059701492546,0.027363184079602032,0.35253689104507785,0.0
mturk,q98bic9tt7za4whhocwhq83e,0,0,0,0,0,0,3.996475906466161,0.9434454679296111,7.00262013783015,6.72625,2.400625,2.77375,2.016857142857143,3.5180000000000002,17.435482142857143,0.0024875621890547706,0.03731343283582089,0.44135021097046395,0.0
mturk,qo3vc2thdfzuqkfb40u7apxm,0,0,0,0,0,0,2.7180159472969083,0.987604809089051,4.769350273775957,5.746125,4.294,2.246,3.067142857142857,2.458142857142857,17.811410714285714,0.052238805970149294,0.03233830845771146,0.24051531750862254,0.0
mturk,r2i712b89sbu75u0hp1vc862,0,0,0,0,0,0,6.005586798203844,0.5106545491032971,6.755920938921007,8.59475,5.35075,2.228375,2.8378571428571426,3.029571428571429,22.04130357142857,0.04726368159203981,0.027363184079602032,0.5354740061162082,0.0
mturk,riofg9i665rl1ffxw3m3jtfi,1,0,0,0,0,1,1.7602767619870434,0.9897227652613351,4.335259685887041,5.68775,2.02875,1.5475,6.027857142857143,1.982,17.273857142857143,0.3009950248756219,0.10199004975124376,0.22389434889434895,0.10804020100502512
mturk,rjyb49jlxlcbklw10q95uvep,0,0,0,0,0,0,2.0531566641387404,0.9878297811800071,3.662902093795792,16.07825,7.40175,2.63025,2.9965714285714284,2.6214285714285714,31.72825,0.10696517412935325,0.12686567164179102,0.4878917378917375,0.0
mturk,rx84yok45y1omwx7fvicofu1,0,0,0,0,0,0,1.759267355216438,0.9936909466468611,5.04677755942307,4.8185,2.428875,1.313625,3.2800000000000002,1.8945714285714286,13.73557142857143,0.21144278606965172,0.0024875621890547706,0.3204892966360857,0.25879396984924624
mturk,s3ns2a3lbtmdlqhp5i5mszbd,0,0,0,0,0,0,3.055636688943819,0.9562747686078619,3.9173625951842186,7.764125,5.2415,3.325375,2.9617142857142857,4.029428571428571,23.322142857142858,0.03233830845771146,0.2810945273631841,0.3966543513957311,0.0
mturk,s8y5jxk3i3a752gch98w784a,0,0,0,0,0,0,5.315115663296897,0.7546330257631411,6.630667464353534,10.4345,8.036625,6.067125,4.840000000000001,3.8934285714285717,33.27167857142857,0.022388059701492546,0.057213930348258724,0.37408906882591064,0.0
mturk,sxib4w1g547xzlvrznq9mq0s,0,0,0,0,0,0,5.4089218525301455,0.9038164270425469,7.433306618511471,11.213375,8.66475,4.7475,3.0494285714285714,3.6807142857142856,31.35576785714285,0.07213930348258701,0.02238805970149249,0.4271580778430092,0.002512562814070352
mturk,szzxsw3dy0v40brx2d6u95n3,0,0,0,0,0,0,6.92369800186911,0.7640224083900937,8.696757724141134,5.487375,3.527375,2.768125,2.827714285714286,2.906714285714286,17.51730357142857,0.03731343283582089,0.01741293532338306,0.4999999999999999,0.15326633165829145
mturk,t4tu4604sv8emh77bpdoyc8h,1,0,0,0,0,1,4.556279158779885,0.9309213597762548,8.263817321806831,1.509,3.593625,1.723375,1.9002857142857141,17.746,26.47228571428571,0.01243781094527363,0.027363184079602032,0.09878542510121446,0.36180904522613067
mturk,t7wl9gcdkxx0y9me8x3g1a59,1,1,1,0,0,3,4.228935859135792,0.8706001903485705,8.134149475665078,3.7455,3.417125,4.437375,1.8737142857142857,2.5641428571428575,16.037857142857145,0.06716417910447758,0.04726368159203981,0.05122246918569407,0.05778894472361809
mturk,tb2dzodh7vcjtb6jppie8uop,0,0,0,0,0,0,4.762316474841466,0.927332701971991,8.03852704653098,5.74525,20.25125,1.6185,5.206714285714286,2.4185714285714286,35.24028571428571,0.05223880597014924,0.06716417910447758,0.22822792483329962,0.04522613065326633
mturk,tkr5namy0iqoy12rqd5qoi64,0,0,0,0,0,0,1.0822450413300149,0.9907563912902627,3.026569127212562,5.625,5.282625,5.241625,3.6594285714285713,3.730285714285714,23.538964285714282,0.007462686567164201,0.01243781094527363,0.5785345717234261,0.002512562814070352
mturk,trg387gjrlqo54kfduw6qav1,0,0,0,0,0,0,5.1578669590122335,0.8734174988342007,6.272256773021513,5.9105,5.857125,2.645,1.9777142857142855,2.2045714285714286,18.59491071428571,0.0024875621890547706,0.08208955223880599,0.3871166906770941,0.005025125628140704
mturk,u2c8ssd2b5bj2waollwfvlqn,0,0,0,0,0,0,4.005664600549291,0.9405716276575169,5.618039805903675,5.89875,3.79325,2.34275,4.083,2.7317142857142858,18.849464285714287,0.03233830845771146,0.09701492537313433,0.34903748733535944,0.0
mturk,u380t8v6c74f5jsu4d7ckf7h,0,0,0,0,0,0,2.876319751182154,0.9718619960393644,4.339880629896156,10.769,17.450875,2.80775,3.9939999999999998,4.427714285714286,39.44933928571429,0.062189054726368154,0.057213930348258724,0.3162255001010307,0.0
mturk,uh6y73yws6zzz80ituv0hpd6,0,0,0,0,0,0,2.6404229020753034,0.9700555376862665,4.530728499689159,7.556,3.395,2.304875,2.8067142857142855,7.490571428571428,23.553160714285713,0.05223880597014924,0.17661691542288555,0.22761497761497765,0.017587939698492462
mturk,uvc7akya9ypsier79utz7oc3,0,0,0,0,0,0,4.480024779619597,0.8345744895373978,5.867996088704012,4.8595,3.15475,1.780125,2.209142857142857,1.902,13.905517857142856,0.027363184079601977,0.027363184079602032,0.46106391585760526,0.0
mturk,uvuwv50ezg0vnxfav8kg79ti,0,0,0,0,0,0,3.8630590726780936,0.8909763741419863,4.677420486515742,5.62875,5.25325,2.04075,1.6548571428571428,1.989142857142857,16.56675,0.03233830845771146,0.007462686567164201,0.4063440860215057,0.0
mturk,v0cct39zcjo2zthf0p2r8q9j,0,0,0,0,0,0,3.8492993704504266,0.9622120844913638,6.328807679703484,9.207375,5.290875,2.9375,1.6941428571428572,2.7791428571428574,21.909035714285714,0.03731343283582089,0.02238805970149249,0.586095476339379,0.0
mturk,vdav0as1scpk1f20f213qefm,0,0,0,0,0,0,4.770818734797599,0.9263178004191459,6.719408584028055,10.00625,7.713125,2.98475,3.1604285714285716,3.512,27.37655357142857,0.062189054726368154,0.07711442786069655,0.6862203112203114,0.0
mturk,vf6p01u2sn471bn2tfm4ylfu,0,0,0,0,0,0,3.0608159656202423,0.9604698387922126,4.683451007977419,6.371125,5.59175,2.350625,2.6004285714285715,3.1350000000000002,20.048928571428576,0.002487562189054715,0.052238805970149294,0.27611336032388667,0.002512562814070352
mturk,vkkgktpifprvj5yvbuxmvrmf,0,0,0,0,0,0,3.5019395548720604,0.954393336403443,6.370314494351708,17.920125,4.091,3.89325,2.0357142857142856,2.2077142857142857,30.14780357142857,0.05223880597014924,0.13681592039800994,0.30313765182186225,0.0
mturk,vwkj7lx71gc5h8nf5yvdlgxj,0,0,0,0,0,0,2.807026518653613,0.963749287095125,5.6935823495180955,7.9575,5.016,3.58775,1.7274285714285715,3.452428571428572,21.741107142857146,0.2562189054726368,0.01741293532338306,0.41081081081081067,0.04271356783919598
mturk,vxjie5aknmd8pe3omzxi0gbg,0,0,0,0,0,0,0.9246460699581851,0.9904618024867001,3.443420854911573,5.63175,2.332625,1.217125,2.4785714285714286,2.278,13.938071428571428,0.007462686567164201,0.4154228855721393,0.10000000000000005,0.0
mturk,w052ejxle7ws40loa18nen5x,0,0,0,0,0,0,2.8613913911694677,0.9807076262249546,5.43707683884114,128.6965,17.267625,2.21825,1.9001428571428571,12.424714285714286,162.50723214285716,0.007462686567164201,0.08706467661691542,0.25162167817535036,0.002512562814070352
mturk,w6fx5qz7ptvc0pya61avt2nh,0,0,0,0,0,0,4.906609145839324,0.7083674450193722,6.291423621977993,4.609875,3.96275,1.515875,1.9849999999999999,3.8481428571428573,15.921642857142857,0.01243781094527363,0.22139303482587064,0.39296636085626907,0.07537688442211055
mturk,wmhcq79h36dhbf3ie2u4wkzk,0,0,0,0,0,0,1.412596106432452,0.9484110872974493,4.03972243917007,6.307,3.874125,2.820625,3.3025714285714285,3.272,19.576321428571426,0.007462686567164201,0.01243781094527363,0.3595032840722498,0.0
mturk,wv307r9ac17iwjzgew9og8y4,0,0,0,0,0,0,1.9669890876574514,0.9795495271759037,5.4541928970701345,4.600875,2.73725,1.347875,1.9195714285714285,2.0784285714285713,12.684,0.027363184079602032,0.01243781094527363,0.005858585858585817,0.8693467336683417
mturk,x7luekogz3hpc421mfo6on53,0,0,0,0,0,0,1.68241109041122,0.9926329459839928,3.8513285425959056,5.641,3.1965,2.201625,1.8699999999999999,1.7777142857142858,14.686839285714285,0.02238805970149249,0.04228855721393032,0.5015154576682158,0.0
mturk,xfejvrt2pe1jhg0ucjolxr4r,0,0,0,0,0,0,1.8470800315769786,0.980546593918833,2.978503921326113,6.82675,5.900125,1.361625,2.724142857142857,2.662857142857143,19.4755,0.0920398009950249,0.1318407960199005,0.45556690500510727,0.0
mturk,xl5bv1uyximl3owh5n8a4qnj,0,0,0,0,0,0,3.163777192614103,0.9684044208125282,5.286458880470225,6.96675,5.112375,2.054125,2.2232857142857143,2.79,19.146535714285715,0.01741293532338306,0.03233830845771146,0.405643203883495,0.0
mturk,xsmvlajz7beqr92708t897om,0,0,0,0,0,0,3.533800976949393,0.9634680714894275,4.611590071208383,5.83475,4.317,1.825,2.3065714285714285,3.4097142857142857,17.693035714285713,0.10199004975124376,0.002487562189054715,0.43006045445069874,0.02512562814070352
mturk,xwpwjoegm3bkkeaffo40xcti,0,0,0,0,0,0,2.6849228319452285,0.990364824400098,5.411801997470545,10.97475,6.534625,8.289125,2.9177142857142857,4.365428571428572,33.08164285714285,0.0771144278606965,0.007462686567164201,0.27640449438202247,0.0
mturk,yedpfqj7ua7v9eirohchnfty,0,0,0,0,0,0,2.6785481310560115,0.9738616019262751,4.492136020973004,10.905,4.9805,4.250375,4.772285714285714,2.7439999999999998,27.652160714285714,0.01243781094527363,0.14179104477611937,0.4297979797979798,0.0
mturk,yfhqqn5t4v7uyi83torwvyq6,0,0,0,0,0,0,3.2810872959463206,0.9704945215176348,4.370376801597619,9.9575,6.191625,3.11125,2.6114285714285717,4.196142857142857,26.067946428571425,0.01741293532338306,0.01243781094527363,0.2698561601000627,0.0
mturk,yfir8iagr24rsblt9h4fo23s,0,0,0,0,0,0,2.5556546293495743,0.9740932430220267,5.153092975489733,13.0755,7.458375,2.976875,4.562,3.4041428571428574,31.47689285714286,0.04228855721393032,0.02238805970149249,0.4154374621135586,0.0
mturk,yifb1eq0bsewqtsro46ko76p,0,0,0,0,0,0,1.6027093444008162,0.983012270402979,5.15539264180748,5.891125,6.755,2.6825,2.704285714285714,4.893428571428571,22.926339285714285,0.027363184079601977,0.03731343283582089,0.49393571861734353,0.0
mturk,yp3o5puj2brso463dzctwb6p,0,0,0,0,0,0,2.787732356642587,0.9704531495065808,5.217252091986283,6.3215,3.985625,2.4085,3.0737142857142854,3.020285714285714,18.809625,0.01741293532338306,0.01243781094527363,0.6294189353921168,0.0
mturk,yr1uh1nb9o9za00rjjwh5sn2,1,1,1,0,0,3,4.266294760367874,0.9535074873676188,8.007829613888283,2.335625,1.9355,2.671625,2.9034285714285715,2.504714285714286,12.350892857142858,0.13681592039800994,0.01741293532338306,0.14643962848297232,0.032663316582914576
mturk,yzg5l7m2j8pizq2v0hwaliwy,0,0,0,0,0,0,3.5789380890364484,0.941487931870509,5.787791719283973,6.452375,4.622,2.893875,2.181142857142857,3.077428571428572,19.22682142857143,0.03233830845771146,0.12686567164179102,0.30491504854368934,0.002512562814070352
mturk,z3jtdacjbzbk8m1ckdr1sgjm,0,0,0,0,0,0,3.684618162888343,0.9135083269380139,7.6773368816368235,10.886625,10.243125,3.456,3.5641428571428575,13.95257142857143,42.10246428571429,0.1318407960199005,0.03731343283582089,0.37981366459627325,0.010050251256281407
mturk,z5vnzn08wicf6zwa8c7rzv40,0,0,0,0,0,0,3.0337218546280873,0.9837179441513153,6.26341903177759,8.435625,4.997625,3.304375,2.5034285714285716,2.850857142857143,22.091910714285717,0.01741293532338306,0.09701492537313428,0.38226863226863195,0.0
mturk,zi40wtdno8jztn61nkm80t29,0,1,0,0,0,1,3.4624031271895355,0.9307921366888243,5.507368240190532,9.775125,9.423875,3.644875,6.057,3.883857142857143,32.784732142857145,0.33582089552238803,0.12189054726368154,0.2751719824890556,0.0
prolific,0jb9bv4ctxbace6od3v796kv,0,0,0,0,0,0,2.8902627672459307,0.9544955019320647,6.050192671837888,29.177625,15.71975,5.037375,11.760571428571428,8.778857142857143,70.47417857142857,0.01243781094527363,0.12686567164179102,0.30292792792792794,0.0
prolific,0pe0sx3pdyimetbgtq8qjxue,0,0,0,0,0,0,4.416118747201693,0.9330838947045482,6.819412510874116,11.590625,8.493375,3.752125,6.549857142857142,3.091571428571428,33.47755357142857,0.027363184079602032,0.04726368159203981,0.4539473684210525,0.007537688442211055
prolific,0u3qokx6l6c33f49b06x28b3,0,0,0,0,0,0,1.8826578816222685,0.986530710692235,4.2166916168571245,24.744625,8.866125,5.466375,5.785857142857142,7.289714285714285,52.15269642857142,0.1616915422885572,0.027363184079602032,0.3172727272727274,0.0
prolific,12nt8v2ffq6dakyi6ogri658,0,0,0,0,0,0,2.835152469571501,0.9305839334007949,4.406888292026459,9.84575,5.56025,2.16475,5.730142857142857,5.591,28.891892857142857,0.27114427860696516,0.01741293532338306,0.331108414239482,0.0
prolific,1nbpphzyv4kltogxnjpe9gcf,0,0,0,0,0,0,3.984722733479938,0.8294339017175427,5.69182652565546,8.171625,6.7925,2.715875,3.798428571428571,3.6119999999999997,25.090428571428568,0.2711442786069652,0.02238805970149249,0.2446399676375405,0.0
prolific,1p6derdbvddvy27eqaqq0hbq,0,0,0,0,0,0,3.221062771710721,0.9340761070029752,6.004824300726346,23.3175,9.35575,3.6745,7.993,5.514857142857143,49.855607142857146,0.07213930348258701,0.05223880597014924,0.1749235474006119,0.0
prolific,1tcfs07jvo1sz2rj3y0n84e0,0,1,0,0,0,1,5.884691615317896,0.6310069767093928,9.186723169546696,2.276375,2.179625,1.277,1.9848571428571429,2.3005714285714283,10.01842857142857,0.022388059701492546,0.002487562189054715,0.2127420998980634,0.007537688442211055
prolific,1vn3t8qrfznvmoho2xs802b0,0,0,0,0,0,0,4.2806369575024945,0.930151199318768,5.501451126638529,14.77975,11.117625,4.931875,6.482285714285714,8.886285714285714,46.19782142857143,0.03731343283582089,0.05223880597014924,0.2773279352226716,0.0
prolific,1zai1redh719oqydr4cs3vd6,0,0,0,0,0,0,5.47346474468932,0.9294151603172129,7.665018598412744,7.92625,6.456625,3.8025,6.696428571428571,3.495285714285714,28.377089285714284,0.4651741293532338,0.007462686567164201,0.27248837679401655,0.002512562814070352
prolific,257x1hb96j6qcfs2l0j5n4k6,0,0,0,0,0,0,3.2975868141818463,0.9283938365613127,5.5682331952587445,10.44275,4.862375,2.61175,2.664,3.319857142857143,23.900732142857144,0.12686567164179102,0.09701492537313433,0.05184160102192891,0.002512562814070352
prolific,2bjxrppeooocweyyujbn6qk7,0,0,0,0,0,0,4.035941896697803,0.944764460743408,6.525471024547546,8.0985,6.948625,3.416375,4.003142857142857,3.8551428571428574,26.321785714285717,0.0024875621890547706,0.23631840796019898,0.3481511416447766,0.0
prolific,2zqpou4phq2m0xbul916ewkh,0,0,0,0,0,0,0.0,1.0000000000000002,5.047811485143019,11.7915,5.981875,2.191625,5.518571428571429,3.1119999999999997,28.59557142857142,0.007462686567164201,0.2810945273631841,0.3029905031319461,0.03015075376884422
prolific,34ksw3omnc9vhydybc8smx7x,0,0,0,0,0,0,4.14453653442898,0.9635389070453627,6.586026408137942,7.505125,5.642625,3.943875,4.534857142857143,3.2005714285714286,24.827053571428568,0.052238805970149294,0.10696517412935325,0.3600535089524594,0.0
prolific,37c50lv6zuyruxvfazy2vldm,1,0,0,0,0,1,3.843400147984079,0.772581295836842,6.473878010662337,23.721625,22.614,7.7575,7.825,8.519857142857143,70.43798214285715,0.1318407960199005,0.022388059701492546,0.24232186732186706,0.11306532663316583
prolific,382wgsvnd8sti5d8hujd7249,0,0,0,0,0,0,3.656613541675487,0.9685113294514992,7.763006029818782,46.744625,23.96075,5.89875,5.5167142857142855,5.656142857142858,87.77698214285715,0.24129353233830841,0.01243781094527363,0.3108602150537635,0.035175879396984924
prolific,384ladtgr63ztr04ga1k3xf8,0,0,0,0,0,0,3.456952140225488,0.6215134796203459,6.21412338099517,14.445125,8.981,4.756375,2.9762857142857144,5.787285714285715,36.94607142857143,0.062189054726368154,0.11194029850746268,0.4455465587044533,0.0
prolific,3lw740p8o08tcxssvpyudafl,0,0,0,0,0,0,3.5304513127019224,0.9642716810917382,4.545997353011474,11.829375,8.755625,3.805375,3.8562857142857143,5.212285714285714,33.45894642857143,0.062189054726368154,0.20149253731343286,0.20020387359836878,0.0
prolific,3x3kmuh4w798bjgbgiq5i1a1,0,0,0,0,0,0,4.96096671014862,0.8288955256161356,7.591250783566163,5.354625,3.816,2.125125,2.778857142857143,2.986857142857143,17.061464285714287,0.2810945273631841,0.03233830845771146,0.4149189189189188,0.0728643216080402
prolific,43ruv514ombj94zvo2j77e9r,0,0,0,0,0,0,3.0557112661867745,0.9701782009848715,5.670628291656549,11.25,7.10375,3.679,13.885285714285715,3.6239999999999997,39.54203571428571,0.062189054726368154,0.2213930348258707,0.5421297231763993,0.0
prolific,4p1timf30pp1dlf0nll0fwgx,0,0,0,0,0,0,5.097434641800709,0.9143040816576132,7.876945910548671,11.309125,8.257625,5.914125,4.118,4.6375714285714285,34.236446428571426,0.1467661691542289,0.10696517412935325,0.4966216216216213,0.01256281407035176
prolific,4u5rimez0dm5mpec64vu7xun,0,0,0,0,0,0,3.4721737573771483,0.9582439320709151,6.891274214566152,8.71675,15.7775,4.51875,3.13,4.474,36.617000000000004,0.01741293532338306,0.1616915422885572,0.22829647829647834,0.010050251256281407
prolific,4vuls9jvdjikhbmmqfrlou2j,0,0,0,0,0,0,3.351856636701744,0.9458545018369515,5.23025494506603,5.144875,3.4075,2.27525,2.0775714285714284,2.6782857142857144,15.583482142857141,0.03731343283582089,0.24129353233830847,0.18349753694581275,0.01256281407035176
prolific,4wwt6jsgb9xp23tq5m1n36fm,0,0,0,0,0,0,3.892992973548266,0.9451831942804341,4.7279515517731525,7.480625,6.80425,1.929375,2.658857142857143,2.705142857142857,21.57825,0.01741293532338306,0.04726368159203975,0.29055420711974145,0.0
prolific,59qqyefbs8awpnidknymlf6a,0,0,0,0,0,0,3.209805025396072,0.9583909526579469,5.593567929667798,6.508625,3.8555,2.295125,2.3742857142857146,2.615285714285714,17.64882142857143,0.057213930348258724,0.15174129353233828,0.24042553191489344,0.017587939698492462
prolific,5a131r8uxgoe2bm4yhrjte49,0,0,0,0,0,0,4.012909683763915,0.9546349875661462,6.361731678765208,8.87125,4.46825,2.265,2.312142857142857,2.7988571428571425,20.7155,0.03731343283582089,0.13681592039800994,0.2480331262939955,0.0
prolific,5d5olhwq2wimhfml0wy69g6s,0,0,0,0,0,0,3.1002306768967713,0.9497100764691887,5.555113927257564,6.9465,4.10125,2.464,2.612428571428571,2.787571428571429,18.91175,0.03731343283582089,0.02238805970149249,0.47471334971334983,0.0
prolific,5dq4wt9oxfzv68sxrag5e79t,0,0,0,0,0,0,4.660877626316043,0.6489545355462235,5.98584114259594,4.141375,9.883375,2.041125,6.206714285714286,2.3642857142857143,24.636874999999996,0.04726368159203975,0.2512437810945274,0.19099190283400783,0.0
prolific,5j5mcgfy09at5fyb22zhi2d3,0,0,0,0,0,0,3.915647693750336,0.9629370484658402,6.12035644858031,5.439625,5.381,2.551625,2.3811428571428572,2.943857142857143,18.69725,0.01243781094527363,0.002487562189054715,0.5671550671550672,0.0
prolific,5jd6erp8x2eqounvjj98zdsf,0,0,0,0,0,0,2.531795388936936,0.9706570660541397,4.667814035695977,21.0365,15.684875,9.94875,8.909857142857144,8.556571428571429,64.13655357142856,0.01243781094527363,0.062189054726368154,0.19791666666666663,0.002512562814070352
prolific,5pxnm7sukoqgngsqnp0mv7i9,0,0,0,0,0,0,2.779897169116606,0.9596439173376974,4.751184887971695,13.271375,7.4405,2.872125,2.656142857142857,4.622,30.862142857142857,0.12686567164179102,0.01741293532338306,0.2850361197110422,0.2663316582914573
prolific,5z9v2ryycut8u8hwyjqgg73f,0,0,0,0,0,0,2.200644944340122,0.9953176557755267,4.450456662840111,8.3555,4.94375,4.09775,2.6265714285714283,2.561285714285714,22.58485714285714,0.08706467661691542,0.18656716417910446,0.37651780201687607,0.0
prolific,657973204m3henx8rmanaor0,0,0,0,0,0,0,2.0183941186421333,0.9738799696931928,4.445181401890858,6.842125,5.53575,1.899125,2.2384285714285714,3.177857142857143,19.693285714285715,0.03233830845771146,0.03731343283582089,0.19882329072834234,0.0
prolific,66tr8bab3lutzcj82mg8n1av,0,0,0,0,0,0,3.623212287477151,0.9242988058558673,5.449129182874499,9.929875,5.433625,2.485375,4.2738571428571435,2.8939999999999997,25.01673214285714,0.01243781094527363,0.13681592039800994,0.3494514425030476,0.002512562814070352
prolific,6i9ifk21e1x3wxu6exh76qpc,0,0,0,0,0,0,5.053532731665037,0.7813147351517475,6.488885123347566,13.04375,16.20775,11.115875,5.2871428571428565,6.6811428571428575,52.335660714285716,0.057213930348258724,0.06716417910447758,0.5162724883767941,0.002512562814070352
prolific,6ks2exlsepug0yrkie0xodcn,0,0,0,0,0,0,2.9938946018291537,0.9210226770775077,4.803889702508943,10.07575,7.362125,1.655,2.839857142857143,2.1925714285714286,24.12530357142857,0.11691542288557216,0.06716417910447758,0.30805300713557593,0.12814070351758794
prolific,6qgap2k83f5klrrb93unfw9v,0,0,0,0,0,0,3.325260372582516,0.9470971690452962,4.824651243018072,13.290125,5.17475,7.583625,5.049142857142857,8.783428571428571,39.881071428571424,0.13681592039800994,0.01741293532338306,0.4563636363636364,0.02512562814070352
prolific,6ugl2534otu1q3varrk0iczz,0,0,0,0,0,0,2.4190490971041565,0.9845058452636287,5.295348297984759,8.443125,5.095125,2.692,2.402285714285714,2.7471428571428573,21.379678571428574,0.2562189054726368,0.03233830845771146,0.16639676113360327,0.08040201005025126
prolific,6xk6yejeauxzcbe2mc17hq6k,0,0,0,0,0,0,2.543218115762026,0.9804680203739634,5.192516331630524,9.335125,7.05425,3.798875,2.7462857142857144,3.722857142857143,26.65739285714286,0.022388059701492546,0.04726368159203975,0.44410319410319404,0.017587939698492462
prolific,7149kr4102nwabse179yfc3i,0,0,0,0,0,0,4.135900600509897,0.936865798683123,7.341690844944321,9.27425,5.1935,2.5265,2.7254285714285715,2.859142857142857,22.57882142857143,0.057213930348258724,0.16666666666666663,0.23537180008126768,0.04522613065326633
prolific,72z6yo65cl791bmozpo4ieps,0,0,0,0,0,0,3.633646740200314,0.9580568332195,7.395998596791868,10.11425,6.466375,2.9485,2.5341428571428573,4.603285714285714,26.666553571428572,0.27611940298507465,0.02238805970149249,0.36365507306030076,0.16834170854271358
prolific,7878vecjapkgzfos6te8eg6y,0,0,0,0,0,0,2.6481969359435538,0.9489567419997397,4.021751268385243,5.366625,3.21,2.2175,2.0941428571428573,2.3810000000000002,15.269267857142857,0.0024875621890547706,0.027363184079601977,0.6345588235294121,0.0
prolific,7g6t76jdf27s94vfkxyq0du8,0,0,0,0,0,0,3.853541458982647,0.946367235472256,6.039494848669108,7.25175,4.869,2.260875,3.1995714285714283,3.298714285714286,20.879910714285717,0.08706467661691542,0.10696517412935325,0.11017302480717124,0.1457286432160804
prolific,7sbb05iaugzaynshtjhn451d,0,0,0,0,0,0,3.5674307383656796,0.9328343803828715,5.81762103633441,7.6645,4.30925,3.149625,2.6327142857142856,3.052285714285714,20.808374999999998,0.03233830845771146,0.057213930348258724,0.5496561488673141,0.0
prolific,7wle9rqnbvs8ynjhhu6o63q0,0,0,0,0,0,0,2.732078308292164,0.9865687886551905,5.797886673239564,5.582,3.39,1.869,2.0195714285714286,2.603857142857143,15.46442857142857,0.01741293532338306,0.027363184079601977,0.2853237095363082,0.0
prolific,7x1njn5k029fl459rs290xcp,0,0,0,0,0,0,3.1234549398637275,0.9735277901216897,5.736454096746069,6.03475,5.299625,22.93525,2.104142857142857,3.004142857142857,39.37791071428571,0.1169154228855721,0.01741293532338306,0.2580745341614907,0.007537688442211055
prolific,893ty9pmay717337m0a02dfb,1,0,0,0,0,1,2.5694821877583545,0.972012104939596,4.8588416636772935,3.151,3.3415,0.96,1.9065714285714286,2.753142857142857,12.112214285714286,0.2462686567164179,0.03233830845771146,0.38000000000000006,0.04020100502512563
prolific,8b8fb9wrxuaiu648hr70pfoo,0,0,0,0,0,0,5.342582125632993,0.8487516437685774,7.173500109409836,5.502125,5.470375,3.219,2.3854285714285717,2.9989999999999997,19.57592857142857,0.007462686567164201,0.002487562189054715,0.24757085020242922,0.0
prolific,8x3kb15ikujsl76kx45zqewr,0,0,0,0,0,0,3.9871775688985123,0.911950166276449,5.783723462055631,9.787625,8.345125,4.43275,3.1007142857142855,4.0362857142857145,29.7025,0.06716417910447758,0.2164179104477612,0.2872297433825015,0.0
prolific,93ba929o9rliza6quzy8ep5o,0,0,0,0,0,0,4.810784028960789,0.9197396380115431,7.537150019675761,29.6425,21.407625,11.7235,10.839428571428572,9.687714285714284,83.30076785714284,0.05223880597014924,0.11691542288557216,0.06184798807749614,0.0
prolific,9qrpae47d23eevhs6fvcfml0,0,0,0,0,0,0,3.6273795120554637,0.9554307538472699,5.479373909599789,4.723125,3.314,2.396875,2.447,2.525,15.406,0.03731343283582089,0.44029850746268656,0.38277608915906763,0.0
prolific,9qx0zsyw0jhb7gdoyyd46vqp,0,0,0,0,0,0,3.4536807305273807,0.9476159235587883,4.91617730138332,6.859125,6.2435,1.964125,1.6954285714285715,2.37,19.13217857142857,0.007462686567164201,0.007462686567164201,0.038037719855901375,0.1884422110552764
prolific,9wg1ljd3g5ten108z5o6bykw,0,0,0,0,0,0,3.6642152103180985,0.961875951309544,6.5849589802219555,5.80425,3.8695,3.571375,3.6224285714285713,2.1915714285714283,19.059125,0.05223880597014924,0.14179104477611937,0.38774271844660213,0.11055276381909548
prolific,9yplawi1jqxdp7b05a19nrjr,0,0,0,0,0,0,2.7580740183479406,0.9675647145785475,4.610393374340306,16.226875,9.500375,6.343,4.119,3.8544285714285715,40.04367857142857,0.022388059701492546,0.007462686567164201,0.3009768009768012,0.017587939698492462
prolific,a9t1zb8cmmad0b2d1nuj8iel,0,0,0,0,0,0,3.3205724926707205,0.9631528572066962,5.225670194092926,17.7815,11.430625,7.751125,4.443,10.647285714285715,52.053535714285715,0.09203980099502485,0.052238805970149294,0.36979797979798007,0.0
prolific,ab2cisoreqaymzppbzwtuk8u,0,0,0,0,0,0,3.449975924435762,0.9216563992286487,5.476469499887707,7.26725,7.37225,3.402625,4.321142857142857,3.960714285714286,26.32398214285714,0.01243781094527363,0.01741293532338306,0.554855749695246,0.010050251256281407
prolific,ahwaq9kscb9832pg4vd6xpy9,0,0,0,0,0,0,2.8039947653108372,0.7789694320570707,5.088460921077544,16.66775,14.891375,3.287625,3.995,4.9915714285714285,43.83332142857142,0.10199004975124376,0.09203980099502485,0.29133698518969353,0.032663316582914576
prolific,aizyfgwj0955btutxxtk4qw0,0,0,0,0,0,0,2.706922351986158,0.9736234826610627,4.133751610064165,6.9495,5.850125,2.5535,2.4655714285714287,4.481571428571429,22.300267857142856,0.002487562189054715,0.06716417910447764,0.22107567229518432,0.0
prolific,als9tmnggbff9b7bmklr7tpn,1,0,0,0,0,1,4.68181697675819,0.9050905934494569,8.08695327543168,12.5275,18.790625,7.818375,7.353857142857143,16.173285714285715,62.66364285714286,0.022388059701492546,0.10199004975124382,0.3210077204388461,0.0
prolific,aqgrd6d851o1i3jbdzz0le07,0,0,0,0,0,0,4.280995672079873,0.9019460776396225,9.481444909422702,7.845625,7.342375,2.605625,3.0344285714285713,2.3132857142857146,23.141339285714285,0.08208955223880599,0.027363184079602032,0.45418529053230394,0.005025125628140704
prolific,asy8ctu3u12f03avhncx9ifz,0,0,0,0,0,0,4.0298460734020205,0.9371346951297775,5.787210407369279,10.647875,10.63875,3.214,4.279857142857143,4.53,33.31048214285714,0.04726368159203981,0.1169154228855721,0.22660098522167496,0.002512562814070352
prolific,b6tuedxfxi8lbd8fzfrh1ct1,0,0,0,0,0,0,2.669672364008112,0.978322517428607,4.780091682693699,6.425375,5.25,2.129375,2.8880000000000003,4.229571428571428,20.92232142857143,0.17164179104477617,0.02238805970149249,0.27016885553470943,0.21608040201005024
prolific,br9eyguwenyycjsnos16b26y,0,0,0,0,0,0,3.1773098745946644,0.9761838082686216,4.922789510111463,6.83875,5.329625,4.21325,2.0677142857142856,2.6090000000000004,21.058339285714286,0.022388059701492546,0.0024875621890547706,0.4246954595791806,0.0
prolific,c1jwhk20c7jpj17aron5h9ue,0,0,0,0,0,0,4.1432110621613045,0.9157933371104265,5.749979198740114,8.283375,6.0565,3.7245,3.1104285714285713,3.5662857142857143,24.741089285714285,0.13681592039800994,0.14179104477611937,0.05422926528092208,0.022613065326633167
prolific,c7c1j7lk70r7fu2byi9azbr4,0,0,0,0,0,0,2.7475046508731715,0.9850112272039577,5.230917268583903,4.934375,6.11,2.849,5.61,3.1075714285714287,22.61094642857143,0.03731343283582089,0.11691542288557216,0.5122574055158324,0.0
prolific,c7vvvbo2d87dr94npk3pseoh,0,0,0,0,0,0,3.1835819113045964,0.9602764424723805,5.441502629392863,13.573125,7.12025,2.633,4.943142857142857,5.886571428571429,34.15608928571429,0.1467661691542289,0.027363184079601977,0.3307453416149066,0.01256281407035176
prolific,c8bh3ny1trtn82bmg2ucahns,0,0,0,0,0,0,2.2472173916907043,0.9764301100194739,4.248929295911598,10.56525,9.46325,3.69875,2.9174285714285717,4.329428571428571,30.974107142857147,0.007462686567164201,0.01243781094527363,0.22407519708914525,0.23115577889447236
prolific,cp3eijyznqyvkq8uirlq7mdn,0,0,0,0,0,0,2.645552324045376,0.9563893258548462,4.960455992886926,5.237375,3.1505,1.98275,1.935142857142857,2.1472857142857142,14.453053571428573,0.04726368159203981,0.2711442786069652,0.49178332318928786,0.0
prolific,ct5pvmj6pxggr6vkt55l4y0q,0,0,0,0,0,0,2.6524401191342966,0.9863634921516893,4.836632190631455,11.931,5.2595,2.885375,2.6187142857142858,5.309571428571429,28.004160714285717,0.01741293532338306,0.41542288557213936,0.27568947906026564,0.005025125628140704
prolific,cuibczo7f87ve5jstagcrx3c,0,0,0,0,0,0,5.153861780794466,0.04323536021578786,6.266456166025933,21.301375,8.841,5.488875,4.592428571428571,9.737714285714286,49.961392857142854,0.04726368159203981,0.10696517412935325,0.31436396835057834,0.0
prolific,d5da21mkleu96hhpxvduf1dn,0,0,0,0,0,0,3.2463872897326382,0.9769477790694974,5.125619212599791,6.515875,6.0475,11.394,2.2494285714285716,2.7561428571428572,28.962946428571428,0.03233830845771146,0.32587064676616917,0.2719188114668341,0.005025125628140704
prolific,d72wkg38bljdq4h1pydeek5u,0,0,0,0,0,0,4.635740824510544,0.7858363105396478,6.900831140370446,9.15325,7.071,2.021375,4.079571428571429,2.9517142857142855,25.27691071428571,0.007462686567164201,0.027363184079601977,0.31271477663230235,0.0
prolific,devmfr9aifpivdq5zxt7vnfg,0,0,0,0,0,0,3.109112756892708,0.9531894782316567,5.766963634085183,17.329875,10.227125,5.501125,2.721857142857143,5.473428571428571,41.25341071428572,0.007462686567164201,0.10199004975124376,0.41871416871416844,0.0
prolific,dgnujns05946ptszresrw0pv,0,0,0,0,0,0,3.5320891186313284,0.9290732302275653,4.9482601327521865,4.329875,4.3955,3.151875,2.448571428571429,2.7692857142857146,17.09510714285714,0.027363184079602032,0.07711442786069655,0.6306324510002017,0.04522613065326633
prolific,di3cbcdatg3d706au0m9y2us,0,0,0,0,0,0,2.6880340875628623,0.9828704906039128,3.6987733399889033,6.884,4.59075,2.996,2.4678571428571425,3.120285714285714,20.058892857142858,0.057213930348258724,0.07711442786069655,0.24372977346278327,0.005025125628140704
prolific,dmtoofs22fbx3uuanyfiudhb,0,0,0,0,0,0,2.149775796135806,0.9863051420384742,5.410185808608527,8.832125,6.69175,3.288375,4.475428571428571,4.591571428571428,27.87925,0.04228855721393032,0.12189054726368159,0.5367318106898986,0.002512562814070352
prolific,dmuztkeglco86zl20h5mb15d,0,1,0,0,0,1,3.922684923534657,0.9365138364947823,6.25373599843128,9.090375,7.547,3.853,3.634571428571429,3.528857142857143,27.653803571428572,0.27611940298507465,0.062189054726368154,0.2316808001739507,0.22110552763819097
prolific,drvw9oc3bl7qtlqqrgwr9f7f,0,0,0,0,0,0,2.795996735261465,0.9680611551871289,4.578837964404874,4.9625,6.0565,2.500375,2.831857142857143,3.217142857142857,19.568375,0.002487562189054715,0.027363184079601977,0.25621337643968456,0.005025125628140704
prolific,dyo8qz1ux1xsafr692zdkjkp,1,0,0,0,0,1,4.324559931095363,0.9059284650312239,7.133179885850508,10.119,11.3495,3.165125,2.7070000000000003,9.226571428571429,36.56719642857143,0.03233830845771146,0.027363184079602032,0.3502532928064842,0.032663316582914576
prolific,e08kjjy9ys5ujgeei2ydaz1a,0,1,0,0,0,1,2.6801792005777005,0.9698975379018865,5.134096877758401,5.007875,2.0985,1.40325,1.7904285714285713,2.141142857142857,12.441196428571427,0.03233830845771146,0.10199004975124376,0.5839897807110924,0.0
prolific,ec6ausmi02zmnanm4kdzd9kc,0,0,0,0,0,0,2.7617790967504465,0.9744085064960704,6.47507697940163,29.55025,19.074125,4.57875,3.6334285714285715,11.687,68.52355357142858,0.04228855721393032,0.02238805970149249,0.3788800973828365,0.007537688442211055
prolific,enwokwnmv00idz5j5elsl7k0,0,0,0,0,0,0,3.4017789219617605,0.9635696611842196,5.221131031685228,10.57425,5.84425,3.222,3.8264285714285715,4.393,27.859928571428572,0.02238805970149249,0.48009950248756217,0.18848114169215074,0.0
prolific,eplp09mygiexbnagqwlt5scn,0,0,0,0,0,0,4.645657480548354,0.9233385806409566,6.94708238764467,17.013125,11.781375,2.679875,4.318714285714286,6.918142857142857,42.71123214285714,0.01243781094527363,0.0920398009950249,0.23548597521200257,0.11055276381909548
prolific,etm3yqjz3a4yw6o9q73rtsra,0,0,0,0,0,0,5.721930769134694,0.8310976528863773,7.685339113241018,12.982375,9.42475,7.4705,9.148857142857143,10.122285714285713,49.14876785714286,0.027363184079602032,0.07711442786069655,0.2750759878419452,0.0
prolific,f9sqabv6r76hv0xrngyk2a0j,0,0,0,0,0,0,3.2219795355897443,0.9765665744289718,5.020390741171618,10.816875,11.31025,3.14225,3.634571428571429,4.663857142857142,33.56780357142857,0.04228855721393032,0.33582089552238803,0.3501519756838907,0.0
prolific,fi9wbgp2lgcx2yruj2w4cb8t,0,0,0,0,0,0,4.567070679662172,0.906982904335348,6.320003447720524,6.695375,4.854875,2.70025,2.8177142857142856,3.5204285714285715,20.588642857142858,0.062189054726368154,0.01243781094527363,0.3789473684210526,0.04522613065326633
prolific,g0m35fgnzwq5tsmqgotl355u,0,0,0,0,0,0,3.590577156330233,0.9371270806910317,6.017396586788002,17.28075,8.985125,4.25025,2.9715714285714285,4.023142857142857,37.51083928571429,0.09203980099502485,0.03233830845771146,0.24093211752786206,0.5954773869346733
prolific,gn81o2kud6coc0cq07m3hpzx,1,1,0,0,0,2,3.1222018944255003,0.9214790362733877,6.505107701546895,1.72575,1.478,2.186375,2.535142857142857,2.486857142857143,10.412125,0.002487562189054715,0.0771144278606965,0.25434782608695655,0.18592964824120603
prolific,h317b5xkl70l63yn31r3rvtf,0,0,0,0,0,0,1.9881103011874977,0.9792381058837001,4.471173461023561,8.712125,4.61125,2.18575,2.198571428571429,3.264,20.97169642857143,0.16666666666666669,0.04228855721393032,0.14428164428164422,0.020100502512562814
prolific,h6tot50im76pdab4nk4x1vr2,0,0,0,0,0,0,3.4416784456276575,0.961286087011625,5.968650274490532,4.706875,4.28725,2.788,2.4947142857142857,2.533142857142857,16.809982142857145,0.007462686567164201,0.007462686567164201,0.25720430107526865,0.25879396984924624
prolific,ha2muzcawperlmlqxdhem8ch,0,0,0,0,0,0,2.8066888032276394,0.8306539078612633,5.347689455136149,3.791125,2.469,2.005375,2.9947142857142857,2.3455714285714286,13.605785714285714,0.027363184079601977,0.08706467661691542,0.5619459459459454,0.0
prolific,hdrk1wq0zq0zlr157v8cqjuz,0,0,0,0,0,0,3.2468039432813374,0.945858128758641,5.302735335283368,7.580625,9.2015,3.358625,3.1195714285714287,3.6861428571428574,26.94646428571429,0.01243781094527363,0.04726368159203981,0.3069173244702953,0.005025125628140704
prolific,hqhsirqz4ggh8050cgdg8wob,0,0,0,0,0,0,5.454676154027754,0.8451440221670945,7.915469945141337,8.319,6.444875,3.5595,2.511428571428571,4.907428571428571,25.74223214285714,0.1318407960199005,0.02238805970149249,0.4228070175438596,0.10301507537688442
prolific,hxqftajl74dyu4o7jc43on4v,0,0,0,0,0,0,1.8020951405812147,0.9838954864302254,3.858344129250852,8.52775,3.784875,2.585375,3.584857142857143,2.361571428571428,20.84442857142857,0.007462686567164201,0.1169154228855721,0.30926375404530726,0.017587939698492462
prolific,i3ovru3whh9ud80rklo21ixr,0,0,0,0,0,0,3.416424632547162,0.9552430345046069,5.14380497445838,7.23825,6.427,2.84775,3.045428571428572,3.403142857142857,22.961571428571432,0.15174129353233828,0.022388059701492546,0.5238532110091743,0.02512562814070352
prolific,iqb2dfkqgo1hu3t7qd7wif66,0,0,0,0,0,0,3.129347857196948,0.9737389488245286,4.917027977770126,9.745875,7.387875,4.153375,3.134857142857143,3.5555714285714286,27.977553571428572,0.01741293532338306,0.10199004975124376,0.30036630036630046,0.0
prolific,irogvuv9pa2un8912xd5tri3,0,0,0,0,0,0,2.4812091677803862,0.9832834584589671,5.861584888413331,9.202375,6.74025,3.4245,4.668285714285714,3.7265714285714284,27.761982142857146,0.0024875621890547706,0.08208955223880599,0.3544444444444447,0.0
prolific,j15iyien3lekra4yhc7evtkv,0,0,0,0,0,0,4.928880100650676,0.9231257548814967,6.99064066327707,19.559375,4.426875,2.996625,2.825714285714286,2.9777142857142858,32.786303571428576,0.027363184079601977,0.03731343283582089,0.1907048008171604,0.09296482412060302
prolific,j1dadluxu5gj2st6o3bsx5ju,0,0,0,0,0,0,1.7541858963418424,0.9874807713129483,4.769809084934589,13.568875,6.8085,3.2745,2.556142857142857,3.9250000000000003,30.133017857142857,0.01741293532338306,0.20149253731343286,0.3512145748987853,0.0
prolific,j2riqwlpjd4cydchnke5bodp,0,0,0,0,0,0,3.718942247703404,0.9381701903230418,5.528443946799946,3.019625,4.06425,1.950375,1.8877142857142857,2.551428571428571,13.473392857142857,0.06716417910447764,0.057213930348258724,0.4137199434229139,0.002512562814070352
prolific,j4r9bb7i8ezlo64sf4ezrpbz,0,0,0,0,0,0,0.8943622525035496,0.9987589232001327,3.491599278292162,3.19925,2.787125,1.732,3.8224285714285715,2.5028571428571427,14.043660714285714,0.03233830845771146,0.01741293532338306,0.40414614121510684,0.0
prolific,j61jsjqufwz87z6tih19kfkw,0,0,0,0,0,0,4.138720794784975,0.9251494526199437,5.586001524942547,6.711875,4.1925,2.61775,3.8074285714285714,15.41757142857143,32.747125,0.04726368159203975,0.03731343283582089,0.4065239551478081,0.04271356783919598
prolific,ji96uigw5vg5w04929pwcvl4,0,0,0,0,0,0,1.8817968865916181,0.9874048547719638,4.222954869551378,5.93225,3.6975,2.38625,2.8882857142857143,2.882857142857143,17.787142857142857,0.02238805970149249,0.01243781094527363,0.3195378151260503,0.0
prolific,jw9vltee11y83bs6d9nn6nqs,0,0,0,0,0,0,3.8319139495070536,0.9543788204440158,5.731414280239762,13.81225,5.33225,12.61475,2.6494285714285715,2.611857142857143,37.020535714285714,0.007462686567164201,0.002487562189054715,0.41465428276573774,0.14321608040201006
prolific,jyx65evj9vh2yiebxn2ciz3i,0,0,0,0,0,0,2.6526440132747364,0.9780280662138539,5.993631418672496,11.15675,8.810625,4.111625,2.9012857142857142,3.7882857142857143,30.768571428571427,0.062189054726368154,0.1616915422885572,0.5602360602360603,0.0
prolific,k2d4ri9tdj2asebetk93tza8,0,0,0,0,0,0,3.2657424224062206,0.9486012969073614,4.7967933704530425,6.25425,4.485375,2.862375,3.921714285714286,3.821285714285714,21.345000000000002,0.05223880597014924,0.4402985074626866,0.1740949989537561,0.0
prolific,kno8qo8dj8603cisistdu3kz,1,0,0,0,0,1,4.244490296802791,0.769925945235429,7.324909604634159,1.8525,4.51125,2.913375,2.9792857142857145,3.0635714285714286,15.319982142857143,0.04726368159203981,0.022388059701492546,0.320242914979757,0.0
prolific,kyiot2ax9frxm5mcquova6fa,0,0,0,0,0,0,2.9484353748380023,0.9748203474765527,4.975199122780112,11.10225,6.810125,3.87175,3.326857142857143,4.892714285714286,30.00369642857143,0.01243781094527363,0.05223880597014924,0.3572884811416923,0.0
prolific,kz33r69kq63n1s3926br1zr0,0,0,0,0,0,0,2.451472373016247,0.9811751211002184,4.056634957784883,8.063125,9.32775,4.0095,3.350142857142857,4.879428571428571,29.62994642857143,0.01243781094527363,0.17164179104477617,0.3949392712550606,0.0
prolific,l2apszqev2oi88md3mmg2mpb,0,0,0,0,0,0,3.133967103515976,0.9585705074198118,5.268129806959043,4.182625,2.64125,1.282625,1.9688571428571429,2.1325714285714286,12.207928571428571,0.12189054726368159,0.12189054726368154,0.2572884811416923,0.06030150753768844
prolific,l2rjguffcfrwy6cyndvxs24l,1,0,0,0,0,1,2.591004973519535,0.9684301300110982,3.8000776522818693,1.345,0.6545,0.61875,2.3449999999999998,3.420714285714286,8.383964285714285,0.0771144278606965,0.1915422885572139,0.24967191601049887,0.0
prolific,lrip2jufcaw29agpp7kttq1g,0,0,0,0,0,0,2.269258880035941,0.9572781615288609,5.056211317442865,11.64125,4.81425,3.419,3.823,3.7474285714285713,27.444928571428573,0.0920398009950249,0.007462686567164201,0.3898378378378378,0.10552763819095477
prolific,lrs9cirp2ab1x1arsjoi3xjs,0,0,0,0,0,0,2.832298669983844,0.8531068939251435,4.959420788022602,6.169375,5.649875,3.641375,2.787714285714286,2.3572857142857147,20.605625000000003,0.03731343283582089,0.027363184079601977,0.16107660455486522,0.022613065326633167
prolific,ltx52ngbxdl15fvqhxncow4p,0,0,0,0,0,0,4.658601430511721,0.8667504700805538,6.461967201169669,14.457875,12.525625,2.36425,4.903714285714286,6.717142857142858,40.968607142857145,0.007462686567164201,0.1616915422885572,0.21232323232323252,0.0
prolific,m68sd7ikdrs2ke31dszmfxtx,0,0,0,0,0,0,2.963709069435833,0.9643106807140078,5.661539730796065,10.232375,6.3535,3.3585,3.757142857142857,4.861142857142857,28.562660714285713,0.027363184079602032,0.007462686567164201,0.4207717569786537,0.0
prolific,mb0cqykch15iwjlwlt8zgmut,0,0,0,0,0,0,2.790158832438183,0.979314697177226,5.736258083541454,5.52625,4.229,1.769875,2.0748571428571427,3.0414285714285714,16.641410714285715,0.022388059701492546,0.002487562189054715,0.28046196228014414,0.08793969849246232
prolific,mh65w9dnoqb9fwgpf5hwzq7m,0,0,0,0,0,0,3.48213677374234,0.9521957871868036,4.097357830483793,7.7035,4.9135,1.907375,3.1571428571428575,2.6918571428571427,20.373375,0.07213930348258707,0.07711442786069655,0.39085841694537343,0.0
prolific,mk21p0g10uhq6be51icmnx1v,0,0,0,0,0,0,2.0769746511224905,0.9905162170736244,3.9962347547664345,7.61625,6.808625,2.2015,3.725857142857143,3.958285714285714,24.31051785714286,0.291044776119403,0.01243781094527363,-0.1424923391215526,0.022613065326633167
prolific,mnht4ibsf6v1qcm6fdvksok8,0,0,0,0,1,1,5.28975677065524,0.8947682641416593,8.435040490773003,7.968625,5.219875,2.20075,2.1094285714285714,3.2800000000000002,20.77867857142857,0.04726368159203981,0.01741293532338306,0.3379953379953383,0.0
prolific,mnsc4x3ur3mjrrvyxagugq7d,0,0,0,0,0,0,3.7015757245993828,0.9467384677731209,6.745259091222243,7.671,5.74575,3.28,2.6122857142857145,2.0708571428571427,21.37989285714286,0.1318407960199005,0.19651741293532343,0.2874617737003053,0.01256281407035176
prolific,mv3nc93cf3qnhj7wlerv56vz,0,0,0,0,0,0,2.37880173602562,0.9888224389719277,5.354033861848374,8.76375,4.8145,1.723625,1.762,2.7754285714285714,19.83930357142857,0.12189054726368159,0.21144278606965172,0.3611620795107035,0.03015075376884422
prolific,mya6qkyqurm9qln4ufx5x0fb,1,0,0,0,1,2,3.916221686864266,0.9697579597871688,7.203224950694862,4.666875,3.88825,2.5545,2.068857142857143,3.365428571428571,16.543910714285715,0.04726368159203981,0.062189054726368154,0.3242036924325421,0.1306532663316583
prolific,n0l9lmlk3y3lntuf3av6vc1b,0,0,0,0,0,0,3.533547579576884,0.928996945258458,5.886791353808742,8.119625,7.56875,4.146125,2.7544285714285714,4.359714285714285,26.948642857142858,0.08706467661691542,0.027363184079601977,0.3610769860769861,0.022613065326633167
prolific,nnxs7sswddflgn61vys9ja9x,0,0,0,0,0,0,5.555678085390109,0.9327907986079037,7.876259650926243,8.83975,5.9345,2.80725,2.6645714285714286,3.005571428571429,23.251642857142855,0.2562189054726368,0.06716417910447758,0.3325924429177611,0.01256281407035176
prolific,nriu1vhzpwntcf1wcp5fy5ch,0,0,0,0,0,0,6.043760677475053,0.7785710317794703,7.254794474071659,5.720375,4.707125,2.93575,2.781714285714286,2.9855714285714288,19.130535714285713,0.06716417910447758,0.04228855721393032,0.2284848484848486,0.005025125628140704
prolific,nsse2bvrjalmhiela58tzer3,0,0,0,0,0,0,3.4071082831767985,0.9555108964143736,5.991548727129366,11.171125,9.682625,2.54825,4.192142857142857,3.763428571428572,31.35757142857143,0.002487562189054715,0.1318407960199005,0.4070336391437306,0.0
prolific,o1cdcb2gz9bihhcij2cxcv9y,0,0,0,0,0,0,3.668484233328179,0.9244839750089213,4.9589277394536735,11.716,5.2685,3.039125,4.130428571428571,3.0420000000000003,27.19605357142857,0.04228855721393032,0.1318407960199005,0.3798118985126859,0.06532663316582915
prolific,o5ghloh1n1014qqhukei2loe,0,0,0,0,0,0,2.5917417539359224,0.9814024995272795,4.650064405637998,7.4755,5.901625,3.461875,3.315142857142857,4.307428571428572,24.461571428571425,0.03731343283582089,0.17164179104477617,0.27082008900190724,0.0
prolific,o8n4d40vsvnz5lcl4p82fpsj,1,0,0,0,0,1,4.177445077470525,0.9451088072917166,6.713738478288923,25.33675,16.052125,5.014625,4.731,18.109142857142857,69.24364285714286,0.11691542288557216,0.07711442786069655,0.2231884057971012,0.05778894472361809
prolific,obgqh8lchbfrskrziom5nvi8,0,0,0,0,0,0,4.838994879653438,0.8238650995213807,7.419563984639732,19.92525,12.810625,4.991625,6.239142857142857,10.523428571428571,54.490071428571426,0.15174129353233828,0.007462686567164201,-0.00951351351351353,0.032663316582914576
prolific,oeueyrktekmfxjk3n1dttl03,0,0,0,0,0,0,3.1360384913571684,0.9617756854617263,4.456871376242782,3.6505,2.596625,1.769125,2.2645714285714287,2.795714285714286,13.076535714285717,0.062189054726368154,0.027363184079601977,0.4230380258899678,0.0
prolific,oisanyqz4dnsyca3pjplzmwy,0,0,0,0,0,0,5.054525278535301,0.9413714156911713,8.42962226493578,6.658625,4.77175,5.22925,2.333142857142857,3.7950000000000004,22.787767857142857,0.1616915422885572,0.09203980099502485,0.3267206477732794,0.40703517587939697
prolific,ono5nho6n189shcidcomekom,0,0,0,0,0,0,2.258581390936442,0.983437014193874,5.618247650661906,8.87125,6.813,3.627,2.875857142857143,4.181285714285714,26.368392857142855,0.022388059701492546,0.19651741293532338,0.3012136430215525,0.0
prolific,onqadece461ccorqoieigedv,0,0,0,0,0,0,3.863174870807926,0.9416326487700816,6.526254075363648,12.7065,7.7085,3.061625,3.6454285714285715,6.177142857142857,33.29919642857143,0.09701492537313428,0.10696517412935325,0.21013171225937155,0.010050251256281407
prolific,ougurbzmiyznloghy2l7a4vv,0,0,0,0,0,0,3.560813384705922,0.8971550954688583,5.1688202651224255,8.305625,6.718,2.243875,2.943,2.815714285714286,23.026214285714286,0.04228855721393032,0.15174129353233834,0.33839918946301895,0.002512562814070352
prolific,ov4glw9arkof0torcic6m7f3,0,0,0,0,0,0,4.2077117768407994,0.9433861331742397,6.76019766376247,8.147875,5.996625,3.28025,3.522,3.531142857142857,24.477892857142855,0.03731343283582089,0.062189054726368154,0.3638608767236056,0.0
prolific,ovikuz64qf6z5mb7xwlbc377,0,0,0,0,0,0,2.3079993194922093,0.9850836430211433,4.386913593699119,6.761625,9.439375,11.193,2.9775714285714288,3.553857142857143,33.92542857142857,0.062189054726368154,0.1616915422885572,0.33833646028767994,0.017587939698492462
prolific,oytslsoufzorloc5oqofb6bv,0,0,0,0,0,0,4.374463883251645,0.7774789643804623,6.523464247185151,8.577,5.120375,4.7045,4.315142857142857,6.864428571428571,29.58144642857143,0.03233830845771146,0.01243781094527363,0.2481781376518219,0.002512562814070352
prolific,oyvvs4xb2ghxyhfplwtt2pb9,0,0,0,0,0,0,3.3819965633452087,0.943233725273942,4.705779257675929,8.386625,10.665125,2.528875,2.4355714285714285,3.6395714285714287,27.655767857142855,0.02238805970149249,0.0024875621890547706,0.3514251061249236,0.002512562814070352
prolific,p86ckuixn5f7bw4is8gzr3p8,0,0,0,0,0,0,2.9817085118448725,0.9712318849092808,5.643805718543673,10.891625,5.346125,2.732375,2.7135714285714285,4.291428571428571,25.975125,0.057213930348258724,0.22139303482587064,0.32768883415435146,0.022613065326633167
prolific,pgvzp4pgo90010z23928drwh,0,0,0,0,0,0,4.08401635288246,0.9285161221867608,6.193777527540906,5.31725,4.501125,2.5865,3.1131428571428574,3.348,18.866017857142857,0.03233830845771146,0.3955223880597015,0.20921770770163745,0.0
prolific,pkm05gj2n301ju3eok6zwmuk,0,0,0,0,0,0,3.053593600770144,0.9709666972719431,5.462053333929357,6.95475,5.608375,2.880875,4.038428571428571,2.8327142857142857,22.315142857142856,0.027363184079601977,0.03233830845771146,0.13252525252525282,0.0
prolific,pl9tk57m96rzhbgzl006jp1o,0,0,0,0,0,0,2.6837400581110544,0.9832801111227543,4.1315571169486365,5.71825,4.395625,1.82975,2.880714285714286,3.172,17.996339285714285,0.052238805970149294,0.17164179104477617,0.2246687054026501,0.01507537688442211
prolific,pmld76s9grkxjaid04tl7ul7,0,1,0,0,0,1,4.612199642048982,0.9165305181797472,8.082598661585408,9.47825,6.68425,2.4485,2.949142857142857,4.99,26.550142857142852,0.2064676616915423,0.12686567164179108,0.4624670318523027,0.01256281407035176
prolific,qk3zcksu84bni3awc1n556qk,0,0,0,0,0,0,3.189988165979416,0.9729266527488498,4.963925545893846,12.580375,10.17375,4.1015,3.5479999999999996,4.573,34.976625,0.01741293532338306,0.12686567164179102,0.6121728292480265,0.0
prolific,qwu9vk97840mxdvq8lvuo8r1,0,0,0,0,0,0,2.7965430326966754,0.9661322820219204,3.3133705735114782,8.18925,21.5065,4.71575,3.5411428571428574,10.384571428571428,48.33721428571428,0.03731343283582089,0.027363184079602032,0.2342287342287344,0.0
prolific,qwybh30c4w4iipd4ot85dmpy,0,0,0,0,0,0,2.9798437154519775,0.9724451535551759,4.511276148521368,4.80625,5.70325,2.4565,1.8054285714285714,2.328,17.09942857142857,0.1616915422885572,0.002487562189054715,0.3966555878687161,0.0
prolific,r8mcrx16g6ttdkcdd3vbh6sv,0,0,0,0,1,1,4.323823455024322,0.835516991489785,5.320836821662102,11.825625,5.8675,3.018,3.9032857142857145,3.4337142857142857,28.048125000000002,0.04228855721393032,0.027363184079602032,0.42533522958147074,0.002512562814070352
prolific,reosvhjm5my2ske6lttpd1kk,0,0,0,0,0,0,3.0608159656202423,0.9166769899081286,4.027477565452843,11.296375,4.20625,2.838125,2.921714285714286,4.072857142857143,25.33532142857143,0.1616915422885572,0.16666666666666669,0.19951239333604215,0.020100502512562814
prolific,rgaih9iy1glfa6ij6hgqmb2u,0,0,0,0,0,0,3.659391754638039,0.8552390251846175,5.559822289914063,6.126125,7.11325,2.737125,3.344142857142857,3.775857142857143,23.096499999999995,0.022388059701492546,0.35572139303482586,0.12813765182186204,0.0
prolific,rgospxkazckd2k69ylg41csv,1,0,0,0,0,1,3.95991229955656,0.9370924171576213,5.790663427546476,3.01575,3.2575,1.68625,1.9851428571428573,1.833,11.777642857142858,0.052238805970149294,0.027363184079601977,0.2518858307849133,0.01256281407035176
prolific,rww7fnx8rtokickn64qa4wuf,1,1,1,0,1,4,3.476351149975161,0.9426573017807703,8.269663036933146,2.069625,2.739875,2.8225,3.959142857142857,2.7747142857142855,14.365857142857141,0.10199004975124382,0.03233830845771146,0.20777777777777798,0.020100502512562814
prolific,s00aorgelxed71ouc1ign5jq,0,0,0,0,0,0,3.6840088356893723,0.906792789401397,6.142203865361616,12.9975,11.35625,6.900375,4.122857142857143,6.1499999999999995,41.52698214285714,0.007462686567164201,0.13681592039800994,0.4357956857956857,0.0
prolific,s20dknnbl1p7t2hs3ie0stbr,0,0,0,0,0,0,4.194543204217769,0.955851806061329,6.634890428537683,6.580125,5.571875,3.192375,2.6877142857142857,2.9825714285714287,21.014660714285714,0.01741293532338306,0.4502487562189055,0.4122807017543861,0.0
prolific,s7apu5uwp4yhihf8m1mnv7ct,0,0,0,0,0,0,3.205261860577246,0.9734302888663943,6.50169954673127,8.666125,6.5575,2.256875,2.8201428571428573,3.375857142857143,23.6765,0.07213930348258701,0.057213930348258724,0.3502238502238502,0.007537688442211055
prolific,sgato0jzid0tlk43ra7ma9g6,0,0,0,0,0,0,2.2916429525025186,0.9724843972977578,4.32888635423891,3.464875,2.2855,2.043,2.5254285714285714,1.5201428571428572,11.838946428571429,0.0920398009950249,0.01243781094527363,0.07061803444782146,0.23618090452261306
prolific,siigd7vtmkvc1w3lvimzsry6,0,0,0,0,0,0,3.283284360377456,0.9603555516854912,5.270178608546564,11.804875,7.0845,4.112,4.306571428571429,3.3064285714285715,30.614375000000006,0.007462686567164201,0.15671641791044777,0.45074838187702293,0.0
prolific,sorosropwcm0lyi36o0gv2sv,0,0,0,0,0,0,4.715136741937038,0.8528388122658883,6.365822050420236,9.15825,7.999375,7.02475,6.013285714285715,6.614142857142857,36.809803571428574,0.06716417910447764,0.1915422885572139,0.2479242069406006,0.02512562814070352
prolific,sviu3q1oym0srhxvw3j675nd,0,0,0,0,0,0,2.943297225200917,0.9757461990201115,6.56464875344927,4.373875,3.642375,2.276375,1.9498571428571427,2.2921428571428573,14.534624999999998,0.08706467661691542,0.17164179104477612,0.31387619443290443,0.08793969849246232
prolific,sxdwczozfk7f3gap2ig7ewhl,0,0,0,0,0,0,3.090988052562182,0.9544008192079267,4.748749831878672,13.502375,5.117375,2.4735,2.884571428571429,6.051,30.028821428571433,0.01741293532338306,0.32587064676616917,0.3359836901121303,0.0
prolific,t6tqma51n1pzltdlxjp2qyfw,0,0,0,0,0,0,3.280323735853551,0.9378289118845384,4.893704753791019,5.235375,3.82725,2.09575,2.2215714285714285,4.231857142857143,17.61180357142857,0.05223880597014924,0.19651741293532338,0.31573498964803315,0.04020100502512563
prolific,tb7pj7gsba6o4cdpt9vb9x7q,0,0,0,0,0,0,3.262335665810868,0.8195346633157362,6.067916961672053,12.349125,10.248,5.640125,6.0727142857142855,5.364428571428571,39.674392857142855,0.057213930348258724,0.13681592039800994,0.43017329255861375,0.005025125628140704
prolific,tdnfbpv08jui5p07ij4hj0mb,0,0,0,0,0,0,3.3951059982770757,0.8936569522096438,5.410683610482273,10.145375,8.395125,3.419375,3.024,55.247571428571426,80.23144642857143,0.3606965174129353,0.08208955223880599,0.3526849037487336,0.09547738693467336
prolific,tfar18dux9koy9ti2es55tst,0,1,0,0,0,1,4.041329822232546,0.9681224063044755,6.657517446784992,10.1925,6.32225,2.587125,2.3009999999999997,3.0544285714285713,24.457303571428568,0.04726368159203975,0.027363184079601977,0.29035194174757284,0.022613065326633167
prolific,tficqmzrk88b8qd9980f3mbb,0,0,0,0,0,0,3.219965457769183,0.9428869140226769,6.812202016806275,6.770375,4.3475,2.920625,5.119571428571429,5.1085714285714285,24.266642857142855,0.22139303482587064,0.04228855721393032,0.3380138380138381,0.032663316582914576
prolific,tsb1jw8ub918ad04e882zt8h,0,0,0,0,0,0,4.260415429815061,0.9378609776213052,7.539739625449423,10.972375,6.58925,2.36025,2.386714285714286,3.246,25.554589285714286,0.10199004975124376,0.03233830845771146,0.34940367899737196,0.05527638190954774
prolific,u1a5jb2wunazz2h2s7qwe10z,0,0,0,0,0,0,5.902225015837356,0.8371425683101873,7.621130376887859,6.540625,4.61275,2.25275,1.8442857142857143,2.5708571428571427,17.821267857142857,0.04228855721393032,0.10199004975124376,0.24649508265327486,0.0
prolific,u202hwrpfo41bfgeem3yto2m,0,0,0,0,0,0,3.1882926826583167,0.9693949816593551,5.080157702502449,7.282375,5.731,3.23575,4.271,4.236857142857143,24.756982142857144,0.38557213930348255,0.027363184079601977,0.3927055970903213,0.007537688442211055
prolific,u2k5jxmfqgk6veie61v0uxt5,0,0,0,0,0,0,3.8562245614115924,0.9400443619800437,5.471790431685832,6.58975,4.974625,3.26925,2.4815714285714283,3.31,20.625196428571428,0.08208955223880599,0.21144278606965172,0.49472509636843176,0.01256281407035176
prolific,u8h5gyl1hjk5iiflo7yavy9k,0,0,0,0,0,0,4.120786370105332,0.9023072489346192,5.837498270543919,10.470125,10.156875,7.877,3.718285714285714,3.993,36.21528571428571,0.04228855721393032,0.0024875621890547706,0.31735436893203905,0.002512562814070352
prolific,ugcuu169qx2z3frc2tnev0hk,0,0,0,0,0,0,2.1190152341671187,0.9868816325308535,6.908349345133574,10.32875,9.792125,4.38975,3.879,2.8012857142857146,31.190910714285714,0.09203980099502485,0.03233830845771146,0.17930058621386707,0.0
prolific,uix7fc4kosudd22zzelj3umw,0,0,0,0,0,0,3.4087484352528055,0.9207750792849143,6.009442146189004,8.201375,5.67675,3.268125,2.6044285714285715,2.692285714285714,22.442964285714286,0.19651741293532343,0.08706467661691542,0.1612446958981614,0.035175879396984924
prolific,uj3yu15tv361yz0pl0072rha,0,0,0,0,0,0,2.8677449147571785,0.9690161802418215,5.0975167161310315,17.352625,10.91825,7.645375,4.069571428571428,7.986,47.971821428571424,0.027363184079602032,0.06716417910447758,0.29924242424242414,0.0
prolific,um09ngwfe2o088iu10s980we,0,0,0,0,0,0,4.046712354849379,0.8533617924436594,6.4244374778051885,8.96925,5.6415,4.168625,3.7630000000000003,3.8355714285714284,26.377946428571427,0.03233830845771146,0.11194029850746268,0.398989898989899,0.0
prolific,urrczxi0sssxk51kw9t128ql,0,0,0,0,0,0,3.4253898157317115,0.9618978607500687,5.119641787531611,12.493125,9.074,3.091,4.913857142857142,5.410142857142858,34.982124999999996,0.2562189054726368,0.007462686567164201,0.15086021505376365,0.01507537688442211
prolific,v8ydc7etlijyrhbt403aheap,0,0,0,0,0,0,4.575837985816696,0.9250083127049029,5.776265459456795,11.394125,6.2625,4.9045,10.711714285714285,5.988857142857142,39.261696428571426,0.02238805970149249,0.052238805970149294,0.09005405405405413,0.09045226130653267
prolific,v9c8d7o9jauns72dvcvvdtsd,0,0,0,0,0,0,2.6348883812025847,0.9694720173408438,5.442485094033972,11.3665,4.49075,2.476875,1.8442857142857143,3.123857142857143,23.30226785714286,0.0024875621890547706,0.057213930348258724,0.6033116619260467,0.0
prolific,v9mhi18je2wrkbfim72a4roo,0,0,0,0,0,0,4.080190855633022,0.9107721415249396,6.524547032778604,6.556875,3.9715,2.814,2.592428571428571,2.720714285714286,18.655517857142858,0.03731343283582089,0.002487562189054715,0.3825593395252838,0.0
prolific,vczw93o7s2b0q34ykaiof5kx,0,0,0,0,0,0,2.7856651780511,0.9766011643301928,5.038404605655045,8.843625,6.808,3.678625,3.4345714285714286,3.942285714285714,26.70710714285714,0.05223880597014924,0.02238805970149249,0.406674781903023,0.0
prolific,vjicauzh2ig65zu4gp13czuj,0,0,0,0,0,0,2.198078694523536,0.9793844596720099,3.4334315661886747,4.64875,2.096875,1.496,1.723,2.585,12.549624999999999,0.2860696517412935,0.06716417910447764,0.13127530364372433,0.12311557788944724
prolific,vwbzhkpoiloi8uoj64jz9uo1,0,0,0,0,0,0,2.922303829856305,0.9682431751831155,5.371340046528434,7.36525,11.5805,2.8355,4.478,9.145285714285714,35.404535714285714,0.007462686567164201,0.027363184079601977,0.2570501115844996,0.007537688442211055
prolific,wf3f0bj0ohuygjwjcy8horbq,0,0,0,0,0,0,2.7363632372635056,0.9520307333038498,3.893788400304181,7.872625,5.04875,4.2445,6.8511428571428565,4.629428571428571,28.64644642857143,0.057213930348258724,0.052238805970149294,0.4425675675675671,0.01507537688442211
prolific,wp1s1zohr1a4raj8eyss696m,0,0,0,0,0,0,3.171325831827114,0.9704624298630752,7.163075246645909,5.360625,5.110625,3.106375,2.9834285714285715,2.591,19.15205357142857,0.11691542288557216,0.01741293532338306,0.2817813765182186,0.1934673366834171
prolific,wwl0wr5c3jr4uv1jfc1qwhb9,0,0,0,0,0,0,2.7947278643138507,0.9851717496504957,5.387285036728962,14.763625,13.72175,5.244125,5.667142857142857,5.087571428571429,44.48421428571429,0.03731343283582089,0.4502487562189055,0.17303697548815963,0.0
prolific,x1ycuxnsm5m7knx9ntww7y2j,0,0,0,0,0,0,2.561457936481287,0.9850960433896491,5.683540816987134,5.389625,6.830375,2.951625,2.7727142857142857,3.622,21.566339285714285,0.0771144278606965,0.10199004975124382,0.26116838487972494,0.002512562814070352
prolific,x1z6rp0mfj5e6oqxw8bs2e4u,0,0,0,0,0,0,2.0772472223127463,0.9788475777733122,5.647988064618838,11.008375,8.89325,4.14975,4.293714285714286,5.218857142857142,33.56394642857143,0.002487562189054715,0.007462686567164201,0.3861416361416359,0.0
prolific,xds9mu2k3vm0otdkuvyfsaj4,0,0,0,0,0,0,3.3589195828113807,0.9718838563119554,5.701978895812859,3.444125,3.509,2.021625,1.8714285714285714,2.3355714285714284,13.181750000000001,0.062189054726368154,0.057213930348258724,0.2591919191919193,0.002512562814070352
prolific,xla93mi0t0u3ywwi5e5cqe0y,0,0,0,0,0,0,3.513215744014132,0.9387489282571899,7.86603508512562,4.742625,5.55175,2.224375,2.6568571428571426,2.084285714285714,17.259892857142855,0.057213930348258724,0.01243781094527363,0.483026874115983,0.0
prolific,xxr0fzt3pmam5uln9g55zupd,0,0,0,0,0,0,4.168232479453954,0.9290657151015127,5.870912112777753,9.125625,5.724,3.974625,3.343857142857143,2.8464285714285715,25.014535714285714,0.007462686567164201,0.03233830845771146,0.4665991902834005,0.002512562814070352
prolific,xzgvinhccugphh9s7kz2qt48,0,0,0,0,0,0,2.200644944340122,0.9715036553140032,4.117488689084753,4.22175,5.503375,2.347625,2.105714285714286,2.5318571428571426,16.710321428571426,0.01243781094527363,0.002487562189054715,0.2655610155610154,0.0
prolific,yb7ehdgm9eqm22t35t0gn4py,1,0,0,0,0,1,3.936431543131085,0.9473856057409886,6.018921368736056,18.12925,10.14775,4.886375,5.634,5.272714285714286,44.07008928571429,0.022388059701492546,0.22636815920398012,0.4910295616717635,0.0
prolific,yggc3tpzclcbqx4frgq54cy1,0,0,0,0,0,0,3.067130710937577,0.9738998658101021,5.0560152454248595,17.521125,6.86675,3.460125,2.1919999999999997,12.763857142857143,42.80385714285715,0.04726368159203975,0.02238805970149249,0.23670886075949393,0.017587939698492462
prolific,yglr3pmjfzpkduch3g01fhck,0,0,0,0,0,0,3.5797592281729123,0.9518590251128702,5.08371237758427,9.289625,9.006125,3.821875,3.1785714285714284,4.446714285714285,29.74291071428571,0.4253731343283582,0.052238805970149294,0.4319054354415032,0.0
prolific,ypyusfyq96m627w6425ug7dw,0,0,0,0,0,0,2.88794245353657,0.9756356053399582,5.906375697761706,4.3955,3.19275,2.12575,1.368857142857143,2.428142857142857,13.511000000000001,0.002487562189054715,0.05223880597014924,0.3913176710929518,0.0
prolific,yskpva5e9sm20o2bkaxdii1f,0,0,0,0,0,0,4.530640432636984,0.9177301279767773,6.152021092298008,9.6675,5.076125,2.27825,3.646857142857143,4.289,24.957732142857147,0.007462686567164201,0.027363184079601977,0.2647773279352224,0.0
prolific,yvzphgsb4z9eiqb3z379fbke,0,1,0,0,0,1,4.273600451181123,0.7680329833221223,6.738964881938345,16.211625,16.6855,2.425375,16.669285714285714,2.6877142857142857,54.679500000000004,0.057213930348258724,0.052238805970149294,0.18727767315337934,0.40703517587939697
prolific,yxdlvnutsr8roavl9f1r5gt8,0,0,1,0,0,1,3.785975511958438,0.9333468160425566,6.265464827133381,24.61825,16.8465,17.761,5.464714285714286,8.124428571428572,72.81489285714284,0.03731343283582089,0.19651741293532343,0.3063210848643921,0.002512562814070352
prolific,yywsydio8foyc94c7k1x30be,0,0,0,0,0,0,3.589457714877868,0.9510433639537852,7.19747324440608,7.331125,4.733125,2.731,2.363857142857143,4.109,21.268107142857147,0.1169154228855721,0.027363184079602032,0.11865274365274361,0.005025125628140704
prolific,z6xurenyeg6yg63pea7pu1nu,0,0,0,0,0,0,2.7424594354666127,0.9727155973949615,4.472408617826014,3.971,3.2805,2.21,2.793142857142857,2.1224285714285713,14.37707142857143,0.062189054726368154,0.03731343283582089,0.6296969696969692,0.002512562814070352
prolific,zfuemu1rcz6k4d3bvs2hls2f,0,0,0,0,0,0,1.3026105429674124,0.9896790403626345,4.401047383409234,3.36175,2.1615,1.24175,1.5310000000000001,1.9082857142857144,10.204285714285714,0.04228855721393032,0.37064676616915426,0.12408906882591063,0.04522613065326633
prolific,zsi4m6qdbevc7j8lslhdqire,0,0,0,0,0,0,2.2169335742360685,0.9902021718572505,5.030262748223716,7.6895,7.3,3.947,4.283714285714286,6.397428571428571,29.617642857142854,0.04228855721393032,0.26119402985074625,0.3729867482161056,0.002512562814070352
