subject,Intercept,prev_outcome,prev_trans,prev_outcome:prev_trans
0045gif7edk9f2xf02awgem7,0.766712331038954,1.0505728903543234,0.7224944458615793,0.47928534827598857
06ntcl2kvfi7bvkwh6jkfbim,0.09037050147612868,-0.19732513096779267,0.5602306246571612,0.364328981474222
0alf8i2e9cadaz5lo47eetnz,1.3205409046108187,0.7986786071748276,-0.14920649011754364,-0.20537294896530164
0hmxkgz0256twawpa08920xp,0.40489757097452966,0.11664796138911385,-0.0696339966209375,0.18421370494599273
0iqpc0511ptbmyjtk64u2bkm,1.4316876397951728,0.5561712407400059,0.8991159918668364,2.616317842645768
0l0i5msatotpryxe9dcs8r5l,0.8778385173958688,1.781652521194998,0.14623912235763728,0.3444292175217955
0lt45tglu4s9134zggqigit7,2.539360607787942,-0.046324429698115024,-0.8835719542318174,2.426436451565261
0mi6uxcj88pskln4f8p4dkqm,0.3787376098453097,0.38278177024920873,-0.22335403332110645,-0.4668087383492169
0mto4pny0cqh8yhugrfq2f22,1.911811506050929,-0.0004312203803301966,0.3385441464590012,3.7255744256597376
0nmy4z1w8nhd6repxq9g8o8x,-0.2540288980082516,0.018035299880275826,0.3493924358347184,-0.056969431509233406
0p1csq1dz8ykxa27pjpyp3pa,1.9382480483873294,1.1853954539862221,0.25788583850727903,0.5332772592337479
0wfrmfgryj5nf97gih0ydlbh,1.662075443535152,1.249528631826417,-0.025753200204300625,0.19369824377606373
16qney8vyc6336wz3rvfost2,0.04263777529875981,-0.39276025034548023,0.08527555059751961,-0.785520500690961
1dfxing7uzcljv31e32gw7bx,2.5902344289275607,-0.17233669397698653,0.8497355175687884,4.856803542672276
1hg66hcevxi5a0g3dg3u9ktf,1.069457058549058,1.2886005728814123,-0.7049376251631554,0.4812640340641168
1jcd8vwkfvisxjhdq01w91u6,0.5653567551251346,0.17310462904538287,0.015151663268386205,0.03337788517454527
1ls815kvytlzmq5eu9oedcf9,-0.06521524644655544,0.125657214140453,0.46212945076166606,-0.5334716248007167
1o2ubz0hvr6m3vp7lovn2lsj,0.928284107939874,0.7171339326913827,0.5066414989307324,0.35627486391739177
1wjfmekjlpimwasxu0rgzo9g,1.7673061417224443,1.3016696235065899,1.3092168291419723,3.276283720255606
1xag83k9pmul55titc0yn6b5,-0.155465667199164,-0.4502205752756749,0.20727439666528527,0.6071024542014106
1yxwg14w52aubqggx5gdgwep,2.617834301528235,1.1444539338432962,-0.1465302474722713,-0.5514839579045535
23roarl5lmi0mvinzpuf1set,1.7029190718972174,1.7497629205520029,1.1173519751798902,3.181396451844631
26umv502g01h2zn7nv9vodj3,0.47964207902293765,-0.5992814240144684,0.18917593634980182,1.2342278006200498
2afu43wgwak7ijursn68u4fd,0.0011286700886315422,-0.3699821203025807,-0.2854247322745176,-0.16460009570159906
2d4fbu9ox76w3ifwsfdb0c2a,1.4357919458290989,0.9824960784695808,-0.5246629848441005,0.11954891253027221
2f30zpz2mz0coozy0isyiz5k,1.4203111704077087,0.15894870904573863,0.024358555072973916,-0.06588459752873227
2j8m8w6b2mj1mw6vz6mhtjv3,0.4630143100622416,0.49858460529754417,0.7541783631978244,0.6534686967417698
2vyd0ohyce67zdz760klr57i,0.9297892909118515,0.3959925464021662,-0.287002262693761,0.5452270504833234
31n1hq2mauxgnxl0izmsnpmv,2.149992654468451,0.3249875043473674,0.7810048916183637,-0.37167623883724604
341ny9ov0p4kuggcmxp557cr,0.048792424817950875,0.15946025335398956,0.0975848496359019,-0.5736536985488607
36b1389gkdwjz4a89l6pez8r,1.832099078656742,0.2798078939677113,0.9073577920418433,3.834833366737013
3a6dyg66j65n70qr1pl9pjd5,0.6426108294413364,0.30174339769936925,0.6721171859962637,0.6789674513644334
3cc0axr3z0cygaht0v3yo50s,1.778797829326459,0.49760899523191304,-0.2020528663492257,-0.419853845560264
3yo7g2nyb1apz1cidqqezdz3,0.2069139032080736,-0.09439703564978602,-0.24854771547704452,-0.014771317320312642
41ru6wihpstz8ayui2dvfl3n,1.5902738005517325,0.41323593596452757,0.20793774497032863,2.77757626375082
48merez0zsw5pv6n5hyuipoi,0.5025511249401776,-0.29133578211767397,-0.09351003878775449,1.614553013100871
4ba3uiyk5if6c05wgzs1ouk0,-0.10697014337605998,0.15678187291217122,0.24868323519599295,-1.1123358698879073
4damne6idlvok1helaxjwf9i,0.4483277649798684,0.3842783155023276,0.05447277023930374,1.4034650925755567
4mjnvu0ajydrlp4uvxpkmvjq,1.3133554230829236,-0.31033243103946556,-0.03877974051756829,3.8177421060310603
4udxqmvw1zv6yoqtr3a2l10a,2.404303106594752,0.5369127548428265,0.5284738861969627,1.0738255096856535
53ozqolox83l00y3ie9d8lcj,2.083279005089737,0.16124707032777053,0.32830115499093643,2.8018759145115713
53teasevio3ayklsi6z5hy3t,0.2735784619769739,-0.12618762930981808,0.10086982132552813,0.8983530311874878
541udcdxb1s3ttpkgrz54sh4,1.0751900104102858,0.9029221045548969,0.3627442687763786,1.8058442091097946
5b6xqwr3z4t2z1y3sm1u60km,-0.0742473731125587,-0.1699589848934175,0.3370130695565831,0.927529550391455
5jukimd941zqcryswb1skzpx,-0.16289954441176835,-0.030875855115196124,0.3493295862337309,0.014690715410003264
647ruylfxseijknnr8bbm5f2,0.6552517605657978,-0.46386420538458994,-0.744077983228845,1.1956870526961378
6f5rr3zly2ul5t110l5b7xk6,0.005559035361720408,-0.1712034860705136,0.1965212940548037,0.7576857016975167
6myrp1y7m42waecwz2iz8d9z,-0.1874110757056306,0.2070993940384591,-0.40380968828451375,-0.420400343433415
6wrgg0eq7yluo0pm8rgljl2t,1.1914509257120838,0.7798845067929899,-0.25900854717349714,0.24895530843178215
6x6ewrf60bie2thzzq2gmfmu,0.053797662909539495,0.33918793161981625,-0.1532885534779779,-0.10154597990476533
78p39d3i2kp72ux5yyxn1bte,1.0898274020974124,0.6084381045809221,0.2613326116583405,2.5773637606099187
7azgmo2rh8l9h3appuq8k0o9,16.980200915099356,30.428176186130152,-28.94910009155929,-57.795613594343486
7b2sclga9stlmjzmklna3ozk,1.050995408661797,1.4178123067464086,0.13838109116887926,2.1521260260487036
7jt8n4iselziw5v041bfl58t,0.8432144569910034,0.7832102636752049,0.27968394239082556,0.9391054096403261
8ehs3ohffbjv8gjqgptt9d1t,1.0269392218274707,0.1974133549515543,0.6600368768996677,0.19365223609277216
8h48j37z89ct17rp42osqxge,0.17998634342866734,-0.21539145804622736,0.0077520932679826385,1.1662324763430891
8map1iet5ddnonpumqe7o9av,1.2787488273551244,2.204676280087507,-0.0815596749050087,1.0495302219920433
8npip6bkhytavwzz40v9xr3n,1.6675132847088443,0.22151126020731446,-0.43773436867694976,0.06453852113756943
8r3zvypk0bnvql2q8ow7kcb0,0.017631227225951264,0.29827292249600046,-0.3428972029659939,-0.38840712520358844
932nd2fkjzq8o1uvi0s0r6vw,1.1337534181365738,0.3659325010378859,1.6587008041469529,4.0719900705768435
9kppcbxt5yd74k68o9ojna5l,0.14112035176368437,0.2683515913667013,0.02791422477647098,0.600453599794301
9lj76u5t16q8p5em57ghbd3m,-0.027471864663400816,-0.38442293045704395,-0.12427842272786556,0.6104432391033984
9pvy5dx33eiw5s376mkqah3w,0.7083819647299092,0.13204936115784754,0.19477261963120301,0.4066247623586768
9sofaz55jn70p37kkyrwfs7h,2.8499951764885236,0.7583479303677441,0.41172332228251396,2.501648830931072
9triih2u2jyp9z4it4nztit8,0.35677908891003657,0.3568832338813403,-0.15394238988465014,0.40546510810816433
9u9iluu4er47b16ydcetlrri,0.2635893199160172,0.2911316836819169,-0.3601245551688683,0.23435675311695797
9xmesfr8fle9kunau40wmoev,1.800416975296138,0.38195812572407717,-0.3231176257011418,2.5075941900547924
a0v3jzo92of3zjvwoeo6vmpg,1.2882378790691278,-0.22510050097477718,0.17858048533988516,0.2991858969332667
a67jyfn6po846n718npgj607,2.2556871756254298,0.5983518454896295,0.3369870813552202,-0.5574363464624887
aolor455qvlnq3vmcb974ps5,0.07392856103726124,-0.13982495037725803,-0.5060693453321411,0.1356288288019725
avfujzgtegxt24dd8f2chcnc,2.2727924137963864,0.924582795881922,-0.5450931741770195,-0.8449817041693745
aws11s2jo537qnscvnb30a3v,1.0817888797346118,0.017646476520554656,1.0649654708011138,2.2325175303773284
ax7h5iawpe2fevn24tagkpkc,1.7605315407213078,0.4086595010849319,0.33393595488899447,-0.1387525997161367
b4i8xjo1y67ver8ih3m9d06n,0.9871106490754287,1.1940627406012827,0.3611536176661783,2.2826243504315067
bk21s6rw0enc8kqvq5g55f1d,0.18568208879252038,-0.28435280059541085,-0.33183333882840577,-0.6610843661295718
c7x9th55z7scxc7v94r3frmq,2.4945345865214126,0.013197871382911425,0.5977112109400602,0.2488470129862704
cfs7l0pcmq8ocktzfwwr5s1k,1.210639616096351,0.38005890333306447,0.48014236189004705,-0.6976127196579195
cgnuq1quygnikvf0tmld80gx,0.9227874006621186,-0.2853271330809089,0.4939659981922371,0.01005033585350087
cjlkgbnhyrvwabk5u104j2ni,1.8454532946389801,1.1453753176735237,0.8322835296963742,4.764275889644904
cjy6pckoe7elutfjvjspz899,0.0998825931470875,-0.1256572141404529,-0.33329657891869746,-0.01574835696814015
cl0hfgf11jot3ikjnsruivcz,2.571060613826644,1.0176786342739064,-0.7158119268301708,1.7682944832987721
cszj0l6uqdkurp4dmbcw8fwi,-0.009366156039538937,-0.25456102292060323,0.3261081742126517,1.5737857038151157
cv17bxobn4cdhrgotg3ap1aw,1.8085847840459808,-0.24356014294863498,0.8625993513548578,0.44149093036492654
dj19ieorj50cs6dperszsw5j,-0.07999822898176051,-0.17362270967528579,-0.25773874273645786,0.1446710388101911
djqa2e4nnihalyvpo44hkx1x,0.009699492385245614,-0.14075984177475895,0.18645306943365747,-0.6156278528758502
dqs9bnj9w6begliewhe7ycbo,-0.08070239058368302,0.11628434588689661,0.16748382724374816,0.6478474213302816
e27j7r2ly0oyl984w1n0h2qm,0.680765109626223,0.10480684954098085,-0.06224723512218509,-0.035590945102702914
e5iqml6t63g9mfk6fylwc197,-0.040545712881130784,-0.08489371171200016,-0.012098554275309755,0.4688508913659275
e6dhkkt1f8gqesyuukd1s1eh,0.006238691421468843,-0.15042608809391556,-0.08393634682508275,0.5793763108548456
e9mzms2s82oslgused1r3nfa,1.2190081784953433,1.4401050967617781,-0.5032277312792351,0.2816442252630345
eevmr1z0nsh9s96lrde59vwl,1.6316815027729112,0.9363420723341085,1.7817584646216067,3.6851649367095254
ekfpn5l2bq0acuu4f2zsvhet,-0.11103053643342299,0.46615998935704356,-0.06605682439026445,-0.7255774647239265
ekjg1id0x7wh1yvwe416n01q,1.6954346095996629,-0.328647204376502,0.02357338921285097,1.6828480965475088
eu49k2titg3ouvminvav85yw,0.06681143701480423,-0.057054876035024016,0.24005233687633987,0.3412476608891535
ey5cecw68am9sy0qrkkek7x2,1.5506338792969807,0.8499759599874662,-0.06981740243789117,0.554913534432271
fgser2b9vvxod0kw5ncpilot,23.215145332648177,45.36968770259523,45.95071758503447,91.69852156571423
fi1u5q9mpyqdjo4pc8ve5mvf,0.05553576274515683,-0.0829006485236168,-0.22540071113089985,0.24898909164490776
fq2mzf40dbqifxmxr4k6rk47,0.8821571778949587,1.4937821822315644,0.6018322186938724,1.8717235777627723
fsjmf8n5zoxe4a17sp7mmxrk,0.1882613305352535,-0.7637343288693212,0.14013388300627677,0.9886113934537811
g3lotbcyh8zvp5g6sv7zxzuo,0.03656821025658935,0.1139584150334337,-0.6016616213785704,-0.39239302654081154
g7tccd48q9wztjq1icrbs6q3,2.431389086010867,0.7684336097996343,-0.36296850169146605,1.0250004713248642
gmppood7kh931y4urv5uhs4a,1.6770820635713106,0.6993584405592228,0.24510316828162745,1.3423751271850548
gng7advsw2f4bapv99vf84fv,1.5584355132521837,0.7706108700076604,-0.09866589709831869,-0.17523212182346642
gt3hw6qzsddqr0ffd59cf2h9,0.050931366364276996,-0.24644396153966158,0.4089628910374369,0.3638108808041813
h85dvmp66vn28dgqtc1h0yqc,1.573480904670529,1.040797197520468,0.03455822898337432,0.11563018229528386
hadvq5vn2e842sz1vu2838pm,1.5612822881834605,-0.2809829826401877,0.20402194150406017,1.4972728690819412
hmtggd56y81ersiwgaza43by,2.0797884383450564,-0.09698101278259652,1.9554318565093192,1.6998933771068991
hok36g102ajchq0t4ctvx0fq,0.4606391991972926,-0.24918462703247227,-0.1347742758547282,1.6137360944336825
hr6d8gtv9frx07siue74c7pf,1.8350805792170233,-0.6183394182290122,-0.6473269551022647,0.9605457408781973
hs7raazp656j1ys4vn6vhlph,2.3035356644814806,0.724035860408067,1.7936606122029253,2.259001937032462
hv5q4nzk8wnd491016jv34bo,-0.02521702000435006,-0.1363418671346347,0.7370238200224863,-0.4208996785767128
hycx9fud51hzfbxcayw3zmzl,-0.2897288275097066,-0.06643664068998632,-0.06643664068998671,-0.32835785092584807
i0crny7klhunecn88vy2z09l,0.004886149018242701,-0.23341200416117097,0.2610867263173911,0.3322367368543583
idte7e818070rgy2utv7pppj,1.10547688178896,1.7945595849375655,0.21043948048775518,1.5738381489503643
iv3nzmpjvba3e12dnuya367k,0.4344582460018877,0.6633317817391948,-0.17085529664140112,-0.5667999512723914
iys46f7rt7z6glrmrahxdyas,1.1580302016373893,2.4461135315229763,0.9779681439727663,2.444676199801723
jedoaoppvjj4t7omjjq720hv,0.1836157810533711,-0.016254639282647115,-0.2613770973156322,0.3321338350226147
jq65i8e6znkoeil021tahcsp,0.6615009247524792,-1.0652779645939696,0.3046895032384919,1.2077583650835058
jyn4votldgut5en8z83abynv,0.07363992511298752,-0.2977608011642711,-0.19059196674966092,-0.23994879907141517
k6xlxosw3cpsrchxw360cd35,1.8530061730163923,1.1894926408098383,0.08278314190910967,1.434672316406005
ka459iov6b5pkn2djfknwgvt,0.33471365901208244,-0.23270966641189617,-0.077787083806056,0.6075674082053448
kdgjhgo39w74uyym8xh7228c,0.328614134375177,-0.05839176766164978,0.39486400428286295,-0.6415120642582818
kmn6csp86o6rvy011opg0p5u,2.010737368644875,0.2885783977590404,-0.1269370462026255,4.058089145199087
krt1skqswbuufb91e1cxcvnu,0.8165056508234756,0.5517907556907107,0.39129816933816813,1.8638761116291707
l16q2lm3ricf6y0ppmj7cvzd,1.2024911496585262,0.1387648504938817,0.4853894585791133,1.7253673794411608
ldrunpc8u0c11240hgpym0sc,0.5348621114789208,0.44396863251787405,-0.5958031561273021,0.17258837649211559
lq8i1tqvsisw6bu65eumu8rj,1.9599009651371622,0.7767747220376291,0.9734850162836834,4.9700264384316455
ly2advi3b39qizqlplzj0ol3,1.2668249397007305,1.4773130738815896,0.20908587968864012,1.4995289332086235
m4izvla3yainx7q8g5evlr84,-0.15205424244353516,0.22406577721353355,0.382070026356782,-0.604054637366491
m4w706l0jiclptjwg4t27s33,0.8606865961437572,0.5992304062092105,0.4179664909733912,1.218765555346457
m8nrpifkfb1hgsc7yvwcav4o,2.552117280516493,0.9360201502444306,0.08035404018670755,1.9801747430294074
mbk82a0qyyx2fnl3tyhjt5q3,0.06534119103360207,-0.3001005340252502,-0.30010053402525055,0.6426054833517068
mhddriyp5i3xuoyzhskt00sf,-0.18279255765781505,0.019839241909088003,0.1999654081396071,-0.7712517323981525
n9q8lzf5y3kpcnfqrxrv606t,6721248.737290471,13442489.693860056,-13442489.212021967,-26884979.034807235
nzte1hdqjfe4s7rhpy93790g,1.1978630359995357,1.879202427118443,0.5166245926158681,0.18628195801005093
o6xkqlzz9vwgevbjavrc52by,2.042606143240503,-0.3030448979435116,-0.2025036687216336,1.3747076121687292
ok7ssgk65sj9ug52zqkh8k8v,1.037017490394566,-0.01261194461197454,0.6187477481822896,1.0774100810175071
ol9937wlvzp8prpx0wk1p8tq,0.9711488453980406,-0.10918303588611189,0.5497727799255534,1.220794803483979
ozyppqm0fv26le3u1wm2b98c,0.6434148572615412,0.7596676714373988,-0.8879220069610774,-0.9501535831105811
p69jax425u60h4xu1ogkhhsa,0.6017362770795721,0.7238994738972578,-0.588286915068911,-0.21742766961404872
ph3855evmowhomqadzox10cy,-0.29246556109841676,-0.25279728717421895,0.02395571474537141,-0.25246912773157976
pl0k36pwbdtt78v7rlbg6mdr,0.08517564943028501,0.3368965035575363,-0.1810465879773186,-0.2452716516418077
pv6p318w830y07rh34pjdob1,1.9429340148743137,0.7936141892040144,-0.40184792545401193,-0.09713714103283674
px7od962abk1ftbc20jt3i31,10.705855664492791,-17.090190951921333,-17.95769151962606,34.73148070209539
pyr8oazt0z1pz9t54cpw65n7,1.0715588925080515,0.9014046527073195,1.0191876883637025,1.2780807764796556
q98bic9tt7za4whhocwhq83e,1.3153056978900746,0.8734433713217137,0.23955765479849553,0.29641575242053536
qo3vc2thdfzuqkfb40u7apxm,1.41747023074513,0.23225077604587652,0.16079181206373203,1.1325138403437913
r2i712b89sbu75u0hp1vc862,2.1944748192827936,0.398542104216457,1.3376475138567838,4.743702454919774
riofg9i665rl1ffxw3m3jtfi,0.2513804664005245,-0.13643573303015466,-0.1903862477588966,0.14877466779202875
rjyb49jlxlcbklw10q95uvep,2.738311418746679,1.1671668956543124,1.0176351616833461,1.3126825437766438
rx84yok45y1omwx7fvicofu1,0.297261788527315,0.06567944778596121,-0.2014809889450227,-0.11476128994253212
s3ns2a3lbtmdlqhp5i5mszbd,1.5957601982014247,1.160369143850794,-0.4404107058401912,-0.18478764928914815
s8y5jxk3i3a752gch98w784a,12.93731800615606,-20.016702857828662,-20.276214053313748,45.830542765858
sxib4w1g547xzlvrznq9mq0s,0.09402325744895862,-0.1415264992630242,-0.688821802810406,-0.3372568580816306
szzxsw3dy0v40brx2d6u95n3,0.8105649984358599,0.35859351654937116,-0.015030985703134273,2.596282221175587
t4tu4604sv8emh77bpdoyc8h,0.11310152193921263,0.36508625157489494,0.2466536543497166,0.10285738543970774
t7wl9gcdkxx0y9me8x3g1a59,-0.15413401954702627,0.11044229576413257,-0.12594648230009772,-0.14375852205964426
tb2dzodh7vcjtb6jppie8uop,0.0997655101145919,0.021011749384968234,0.008841213764712995,-0.11072245879921228
tkr5namy0iqoy12rqd5qoi64,0.4573628926848456,1.1001772351725736,-0.45355007024752086,0.7376176835848608
trg387gjrlqo54kfduw6qav1,1.8268724280953297,0.2525474745285038,-0.15291763357966143,0.9513820516854248
u2c8ssd2b5bj2waollwfvlqn,1.4332325601416551,0.5024713991606213,0.517360011654373,1.503864517584409
u380t8v6c74f5jsu4d7ckf7h,1.4710916028879035,0.6821577272005573,0.12877248901577026,3.325973960424567
uh6y73yws6zzz80ituv0hpd6,1.5838817382489672,-0.4802939830957451,-0.37319584753937873,-0.8754687373538997
uvc7akya9ypsier79utz7oc3,1.7184889407292427,1.4094563969570102,-0.7877681803792087,0.05496339396327245
uvuwv50ezg0vnxfav8kg79ti,2.0235606922417637,0.7587194969667163,-0.3757272447106095,1.8820821075213428
v0cct39zcjo2zthf0p2r8q9j,1.6165074610441743,0.7825487622806401,1.3824149528373602,5.647538182280558
vdav0as1scpk1f20f213qefm,1.0883015490345975,0.8856189167536292,0.097161556389359,1.5356717621944913
vf6p01u2sn471bn2tfm4ylfu,1.5322917291505203,2.2777507936637726,0.26122307739450473,0.5706412579471307
vkkgktpifprvj5yvbuxmvrmf,1.3209450991915486,0.04595729540159273,0.06737138990540961,1.3806286235842131
vwkj7lx71gc5h8nf5yvdlgxj,0.4684946140810467,0.26698357616384283,-0.181041146363118,-0.002560820861673851
vxjie5aknmd8pe3omzxi0gbg,3.0154466210733655,-0.019626067742563133,1.7001599018604001,1.4551766681753158
w052ejxle7ws40loa18nen5x,0.5396409828514106,0.5132063884175054,0.08075313559169428,0.5473136034323718
w6fx5qz7ptvc0pya61avt2nh,1.9957960580486473,-0.21310050329367217,-0.2569031259520651,0.287148881290123
wmhcq79h36dhbf3ie2u4wkzk,6726306.624708654,13452609.14769264,-13452607.912948176,-26905215.711579524
wv307r9ac17iwjzgew9og8y4,-0.14406016847626454,0.3999117429406456,0.21165545062687643,0.3726752852851733
x7luekogz3hpc421mfo6on53,2.0313640370046353,2.213915415332377,-0.16044936005579863,0.6960959479012025
xfejvrt2pe1jhg0ucjolxr4r,0.9580152756426552,0.3175616702217839,0.27673967570152824,1.870402596547168
xl5bv1uyximl3owh5n8a4qnj,0.46672041652774415,0.45160274616274987,-0.2723160930639492,0.2996321350588532
xsmvlajz7beqr92708t897om,0.22805381029045324,0.18392973466509097,-0.06041602429972225,-0.40703373588079134
xwpwjoegm3bkkeaffo40xcti,1.0047705194303886,0.979921621679619,0.48484435488176764,1.1489130271429109
yedpfqj7ua7v9eirohchnfty,1.3217221676811035,0.4700709738481675,0.541529937830313,-0.8723388443449708
yfhqqn5t4v7uyi83torwvyq6,2.5668611184894785,-0.5426509753703666,0.29902889271261474,3.688983011303491
yfir8iagr24rsblt9h4fo23s,0.4211841141714144,-0.6067270340160912,0.1044851539414928,0.5048105680362298
yifb1eq0bsewqtsro46ko76p,1.4047603115502774,1.3744360978112327,0.06064842747809004,0.9162907318741549
yp3o5puj2brso463dzctwb6p,1.0351161244589135,1.3871354042113837,0.16514409438276945,2.46596944876825
yr1uh1nb9o9za00rjjwh5sn2,-0.1624401945412888,0.12503648159642064,0.24763880368875268,-0.22674908369715474
yzg5l7m2j8pizq2v0hwaliwy,2.296763999530314,-0.162711200217316,0.4140256284982169,4.644390899141373
z3jtdacjbzbk8m1ckdr1sgjm,0.4854990624335443,-0.18823878561745613,-0.1171428639337257,0.9072302011098777
zi40wtdno8jztn61nkm80t29,0.6424621448137856,-0.05663417765092833,0.3717152242908238,0.41146017363312526
0jb9bv4ctxbace6od3v796kv,1.079083400297371,-0.42583075183748853,0.6287715958341789,-1.1378631909563235
0pe0sx3pdyimetbgtq8qjxue,0.3361008548526826,-0.02684519298176857,0.20326702764853466,0.08149619630151912
0u3qokx6l6c33f49b06x28b3,0.119287722159763,-0.3231328323475888,0.07152135965635964,-0.31215749536884563
12nt8v2ffq6dakyi6ogri658,0.27256100974939834,0.36976913202093503,0.2529047918816245,-0.4172995657551677
1nbpphzyv4kltogxnjpe9gcf,0.5035647837829045,0.1608174145033647,0.3652756813934147,0.08738411453190328
1p6derdbvddvy27eqaqq0hbq,0.2981696994267942,0.8840214713053697,-0.3607733275408219,-0.8754687373539003
1tcfs07jvo1sz2rj3y0n84e0,0.2751223485152762,0.025720228906399693,0.3271011457163427,-0.39484664481562
1vn3t8qrfznvmoho2xs802b0,1.693895876468413,1.0206681388052101,0.7285317160040483,2.2679936482244245
1zai1redh719oqydr4cs3vd6,-0.20049952528938514,0.6145731508768293,0.4716166177927235,-0.21965314637444028
257x1hb96j6qcfs2l0j5n4k6,1.2247610571719485,0.6152030306970454,-0.3638886024161399,-1.623826649886201
2bjxrppeooocweyyujbn6qk7,1.9061663720135906,0.9180005849149192,0.4981467393546544,2.0266215294384877
2zqpou4phq2m0xbul916ewkh,1.2448424215740546,0.16512084343528896,0.5705859515434527,0.24512245803298624
37c50lv6zuyruxvfazy2vldm,0.12474779152974698,0.038186489392286714,-0.24949558305949424,-0.07637297878457412
382wgsvnd8sti5d8hujd7249,-0.23169050793536275,0.46338101587072517,0.470928221506108,0.02279178425533593
384ladtgr63ztr04ga1k3xf8,1.2642740121789975,-0.14022220257577578,-0.09818882086922304,0.3925000680908751
3lw740p8o08tcxssvpyudafl,1.7098631613541628,0.9182903709691144,-0.6268275756774273,-0.33010889113641373
3x3kmuh4w798bjgbgiq5i1a1,-0.2552925906736575,0.015507914549463764,0.9762504089944525,0.7225075759120114
43ruv514ombj94zvo2j77e9r,1.6992385975639253,1.0363000049315578,0.7554594642964941,1.9836964847214489
4p1timf30pp1dlf0nll0fwgx,0.7597812408943366,0.7589250596263114,-0.48737236910441434,0.43985711778725
4u5rimez0dm5mpec64vu7xun,1.0018332963081176,0.19355798471998373,-0.07577494906360019,0.15154989812720115
4vuls9jvdjikhbmmqfrlou2j,1.626952935253838,1.2990136251365358,-0.4249232477527571,-1.6058015447907161
59qqyefbs8awpnidknymlf6a,0.7982250846162349,-0.16090787327825276,0.2361312945158404,0.8808635160571404
5a131r8uxgoe2bm4yhrjte49,1.5318521320661092,-0.5130578918610129,-0.05719115237577944,0.32057332280550865
5d5olhwq2wimhfml0wy69g6s,2.43928767736542,1.2409891950044538,-0.46375889723396924,0.8024770805052706
5dq4wt9oxfzv68sxrag5e79t,2.2055713313444034,0.15022490064089175,-0.4941321157496223,0.9006589861824568
5j5mcgfy09at5fyb22zhi2d3,2.1068672010517364,2.5875486323681502,0.5790765021561762,1.4810529689300922
5jd6erp8x2eqounvjj98zdsf,1.3708099262605122,0.8137282089683898,0.2158912082127692,1.1337362620737284
5pxnm7sukoqgngsqnp0mv7i9,-0.050167673865537714,0.5127691251553331,0.13807567571392262,0.20067069546215086
5z9v2ryycut8u8hwyjqgg73f,0.9651824277601491,1.4195392317543072,0.767214045714617,0.7709309284475377
657973204m3henx8rmanaor0,1.3341755771634805,-0.6117242904132968,-0.19520934611854804,1.1969581273265526
66tr8bab3lutzcj82mg8n1av,1.7190856646602026,0.3524908191034737,0.036973947658248525,1.0696247517948563
6i9ifk21e1x3wxu6exh76qpc,0.3430830487339354,-0.19084466023784527,0.9317825046341391,-1.131076219358512
6ks2exlsepug0yrkie0xodcn,0.9016008080724244,0.6817050336431505,1.0982199779379005,2.4974018577523918
6qgap2k83f5klrrb93unfw9v,0.009102590923960083,0.30588725429970093,-0.41711288940992525,-0.25886163391628897
6ugl2534otu1q3varrk0iczz,-0.23157244609035124,0.17735855489382088,0.49826627497392184,0.17316706050977443
6xk6yejeauxzcbe2mc17hq6k,0.5113234135618184,0.8916185647172328,-0.3048070339733202,-0.14238436558362913
7149kr4102nwabse179yfc3i,1.3746643572111672,0.28212164173373505,-0.15679140044196863,0.8313060687165164
72z6yo65cl791bmozpo4ieps,0.2633220831187908,0.16996922229884973,0.10934460048241487,-0.2186892009648297
7878vecjapkgzfos6te8eg6y,1.319904295030259,1.0584021914823039,-0.6723551692312406,1.357825139554799
7g6t76jdf27s94vfkxyq0du8,0.42307497646922954,-0.10836199175589374,-0.17835436357592865,0.782827591647025
7sbb05iaugzaynshtjhn451d,2.060693959675468,0.6672935915666949,1.1595571974726266,1.5727059031653667
7wle9rqnbvs8ynjhhu6o63q0,2.4833748316510245,-0.3954810289896387,1.147817080939917,2.0310118894412437
7x1njn5k029fl459rs290xcp,0.8670117178567968,0.03793340621828238,-0.2383199704098761,0.3553906971868828
893ty9pmay717337m0a02dfb,-0.011855390395497392,0.5489770887117804,0.11242139353358482,0.09640360159858215
8b8fb9wrxuaiu648hr70pfoo,0.6886425541842756,0.5351023486481185,0.48346723234645544,0.7534680657533128
8x3kb15ikujsl76kx45zqewr,10.827083436621528,17.770886336680565,-17.36879391305104,-34.063296097840706
93ba929o9rliza6quzy8ep5o,1.6237660314455578,1.0589870192746191,-0.37413864152936904,-1.9715379288346504
9qrpae47d23eevhs6fvcfml0,2.339011091921119,0.36647762420677565,-0.2588469600144101,0.45079805189373745
9qx0zsyw0jhb7gdoyyd46vqp,-0.30036741852695464,-1.1397313377865959,0.4184132802599546,1.9148195619852824
9wg1ljd3g5ten108z5o6bykw,0.4912635579278238,0.024454849966537472,-0.3023671308225135,0.8107576983171688
9yplawi1jqxdp7b05a19nrjr,1.2044946939916432,0.7177711479771085,-0.3123060398689443,-0.5051736103346438
a9t1zb8cmmad0b2d1nuj8iel,2.0811110308174867,1.0291462265701057,1.3290087175787577,4.17550636124903
ab2cisoreqaymzppbzwtuk8u,0.8150012479670544,0.9422461640090399,-0.18010611196214288,0.3075776072895388
ahwaq9kscb9832pg4vd6xpy9,-0.05600131222792267,0.45375191817790234,0.05984763247081384,0.5638033225024857
aizyfgwj0955btutxxtk4qw0,9975.46362592399,-19945.286527509295,-19945.17045533804,39891.36256192362
als9tmnggbff9b7bmklr7tpn,1.84360500174059,0.7103208177286682,0.5517157875520303,1.2538784175792357
aqgrd6d851o1i3jbdzz0le07,0.5667167525979917,0.30415415031145765,-0.3582213715817337,2.440889764371226
asy8ctu3u12f03avhncx9ifz,0.35951548158124075,0.24099516221948153,0.2622725606667663,0.6662209022545739
b6tuedxfxi8lbd8fzfrh1ct1,-0.32954912247402296,0.11763565172016491,0.2809090135434252,0.23527130344033054
br9eyguwenyycjsnos16b26y,1.389641187472056,1.047182742122393,1.6524992093093067,4.769373878145704
c1jwhk20c7jpj17aron5h9ue,0.6434557285563816,-0.005072224535886462,-0.2087976899929941,-0.03381336436577826
c7c1j7lk70r7fu2byi9azbr4,1.8785467241958185,2.5528248298348797,0.8839634969299789,1.6415691906168934
c7vvvbo2d87dr94npk3pseoh,0.4087489878252252,-0.033873210124388875,-0.22395589917771058,0.6219345523346808
c8bh3ny1trtn82bmg2ucahns,-0.3127494894606767,0.15899798022681974,-0.11775502169277076,0.6041976477349865
cp3eijyznqyvkq8uirlq7mdn,1.2591625506998425,0.3133183836214114,1.0655409990109619,2.5866498597633476
ct5pvmj6pxggr6vkt55l4y0q,2.0424992478580126,0.07388458764364828,-0.7433152415862769,-1.027804154516944
d5da21mkleu96hhpxvduf1dn,1.4718159167476836,0.2157298638404253,-0.10767029121343488,0.9888865326188913
d72wkg38bljdq4h1pydeek5u,2.364787917509743,1.0919896752930984,0.9919062167361173,3.64300900004784
devmfr9aifpivdq5zxt7vnfg,1.8839463501783698,0.7732721556554389,-0.002566740749619169,1.303822597302343
dgnujns05946ptszresrw0pv,0.9944580436917931,-0.03603726901218019,-0.1690877767993519,2.942243588603005
di3cbcdatg3d706au0m9y2us,0.9344851644303162,1.0785598428754806,-0.5513977997897959,-0.6403140764859337
dmtoofs22fbx3uuanyfiudhb,1.7190661529726912,0.19945385378100336,-0.08822821867077768,1.9064513123147657
dmuztkeglco86zl20h5mb15d,0.3185696226324799,0.1773687922992529,-0.4904605802764025,-1.0552256918153902
drvw9oc3bl7qtlqqrgwr9f7f,2.730499468128885,0.80809734744849,-0.40263223934032416,0.9792872326599102
dyo8qz1ux1xsafr692zdkjkp,0.614077020440812,0.6781077039623522,0.03856997400778743,-1.0229527258229685
e08kjjy9ys5ujgeei2ydaz1a,1.7033611498777224,2.44643757597535,0.9142684443320618,2.4944761008041456
ec6ausmi02zmnanm4kdzd9kc,0.2613756158385404,-0.20116760754961846,-0.1368732568442211,0.382788191445276
enwokwnmv00idz5j5elsl7k0,3.0844001957445566,-0.2625306904443661,0.6042799841664188,-0.09261516394945798
eplp09mygiexbnagqwlt5scn,-0.019880465499450523,0.10000101137625735,0.42542341181088544,0.5713229388714537
etm3yqjz3a4yw6o9q73rtsra,2.305023165854716,0.9087443575969386,-0.3905386265333228,2.227077540485902
f9sqabv6r76hv0xrngyk2a0j,2.7238590984414994,0.5592505367609494,-0.6615293858813663,0.4614929395778317
fi9wbgp2lgcx2yruj2w4cb8t,0.3099212100207769,0.0676067394037539,0.09837839807050738,-0.06247819046575801
g0m35fgnzwq5tsmqgotl355u,0.0981822004025043,-0.4550589363835371,-0.049593828275372995,0.11592415589177876
gn81o2kud6coc0cq07m3hpzx,0.5344502892163545,0.8124710494850327,0.02971171023540047,-0.15700374880966525
h317b5xkl70l63yn31r3rvtf,0.03385424992999594,-0.5002755377459474,-0.06949262165349332,0.34690711391379203
h6tot50im76pdab4nk4x1vr2,-0.032263300656855835,0.13121797581238379,-0.06452660131371137,0.2624359516247673
ha2muzcawperlmlqxdhem8ch,1.173828883959859,-0.1786040675501957,0.1786040675501955,1.4664646279491576
hdrk1wq0zq0zlr157v8cqjuz,0.7462921583300097,0.4398424820580069,-0.7528423624940781,-0.4171376093210948
hqhsirqz4ggh8050cgdg8wob,0.27236713359696235,0.19483901024057165,0.3086873110438077,0.19355559412871398
hxqftajl74dyu4o7jc43on4v,1.254519307758297,0.5186767038904476,0.0035126785258586765,1.0373534077808944
i3ovru3whh9ud80rklo21ixr,0.7317358657194674,0.9134253945196623,0.14023550628618012,0.6512774592350865
iqb2dfkqgo1hu3t7qd7wif66,1.6855386707367386,-0.0752404754691476,0.7683876560290934,1.8111775550851574
irogvuv9pa2un8912xd5tri3,2.4245732649671936,0.7184343235414113,-0.21765903562892303,0.23762640198458287
j15iyien3lekra4yhc7evtkv,0.12734673931152765,-0.16768210163342537,-0.5407325510573082,-0.04620174564463635
j1dadluxu5gj2st6o3bsx5ju,1.704679781561041,1.3399109668397642,-0.38893467697772005,0.8709093852252268
j2riqwlpjd4cydchnke5bodp,0.47824657473380744,0.4655192942543556,-0.1365942632685254,0.9310385885087114
j4r9bb7i8ezlo64sf4ezrpbz,0.34986040837098137,-0.19536770748158935,-0.39603840294374054,0.0334520152920707
j61jsjqufwz87z6tih19kfkw,0.9839333713001388,-0.029336700842586137,0.15548798616948661,-0.2942394729979414
ji96uigw5vg5w04929pwcvl4,1.6359687378305339,-0.026744342475492636,0.5863601304109161,1.9284745640005039
jw9vltee11y83bs6d9nn6nqs,-0.13602790034986437,0.24673799271543878,-0.19794782854600654,-0.704197016746531
jyx65evj9vh2yiebxn2ciz3i,0.9599311320785708,-0.06706690434271706,0.03629524567596373,2.115041741457306
kno8qo8dj8603cisistdu3kz,-0.028332171326750796,-0.007874178484069835,0.279807893967711,1.191321686772377
kyiot2ax9frxm5mcquova6fa,2.1352274295083884,0.14234343432385926,0.1985831526467346,1.6094379124341045
kz33r69kq63n1s3926br1zr0,2.4217057418299057,0.6372274396821744,1.3469039221933303,3.873020847624873
l2apszqev2oi88md3mmg2mpb,0.5739499138984795,0.27082980907608556,0.2863339956120509,1.4342338234090102
l2rjguffcfrwy6cyndvxs24l,2.108639161615744,0.6693043221947887,0.3460773123235969,1.0213985840363
lrip2jufcaw29agpp7kttq1g,-0.06476335620504746,-0.06718358183595971,0.18413084644494682,-0.7616822813820016
lrs9cirp2ab1x1arsjoi3xjs,0.5748875473247231,0.5729915030916577,-0.054197709676490256,-0.3693883972117178
ltx52ngbxdl15fvqhxncow4p,1.2706614575181319,1.4427106263681542,-0.31130851487705286,-0.04725288485054466
m68sd7ikdrs2ke31dszmfxtx,0.7360000716159097,0.7065323010922476,0.7788529626718743,2.7993589633043867
mb0cqykch15iwjlwlt8zgmut,1.1528522297695667,0.24516015804066443,0.18544092333904266,0.3363982338090726
mh65w9dnoqb9fwgpf5hwzq7m,1.2404069287473904,-0.02407808467347662,-0.12187582794960325,0.14617132756034257
mk21p0g10uhq6be51icmnx1v,0.003535257189064413,0.17525104241582565,0.09301294417885361,-0.5506690019456169
mnht4ibsf6v1qcm6fdvksok8,0.8604880367579563,0.0011901039129468623,0.08336728411511625,-0.5002486487359185
mnsc4x3ur3mjrrvyxagugq7d,1.2904109468801104,0.09939350834854536,-0.3459175083068181,0.5070883763516073
mv3nc93cf3qnhj7wlerv56vz,0.5891932085618825,0.3326596489686026,1.050789760019057,1.240683442840768
mya6qkyqurm9qln4ufx5x0fb,0.5829203668704215,0.7383967189139032,0.11601860924216462,-0.6228508111695497
n0l9lmlk3y3lntuf3av6vc1b,0.3834825899814888,0.220421473594908,0.1251112937905827,0.10269028710194765
nnxs7sswddflgn61vys9ja9x,0.039393607116478845,0.26594804766766134,0.42952742265187527,-0.48975515219665894
nriu1vhzpwntcf1wcp5fy5ch,2.3562284931518307,0.14217405931601065,0.15507746415191972,1.4293865041746832
o1cdcb2gz9bihhcij2cxcv9y,1.1720144614484644,0.6292304948050024,0.5646919736674311,2.5156783084547536
o8n4d40vsvnz5lcl4p82fpsj,0.3325512236172119,0.2973776671091061,0.19509881798868836,-0.3452519242732584
obgqh8lchbfrskrziom5nvi8,0.07279008420702641,-0.4640338995325872,-0.2110947755246797,0.16652280802958916
oeueyrktekmfxjk3n1dttl03,1.3928868387366926,1.973343085881822,-0.7126260321451326,1.1740974495238619
oisanyqz4dnsyca3pjplzmwy,0.17230969704634072,0.2333937589824568,0.1592857868287355,0.5410228438779189
onqadece461ccorqoieigedv,0.22274323097246615,0.04002135383676806,0.1831221974774416,0.28460040591437336
ougurbzmiyznloghy2l7a4vv,2.502558027491531,0.1794725462366346,-0.8726197267965825,2.708915627378643
ov4glw9arkof0torcic6m7f3,4697656.645398295,9395311.319867762,9395309.905599548,18790621.821649667
ovikuz64qf6z5mb7xwlbc377,1.1241176922661875,1.192182710283061,0.32764304346135115,2.4035043225984234
oytslsoufzorloc5oqofb6bv,1.4889394133136238,0.31350368902770004,0.05113942456020907,0.20602251053409837
oyvvs4xb2ghxyhfplwtt2pb9,0.6858162768483191,0.1463823509234172,-0.18064694489751373,1.2748106947864568
p86ckuixn5f7bw4is8gzr3p8,1.0825805178790995,0.3803702358462372,0.29335885885660734,0.10989567082321755
pgvzp4pgo90010z23928drwh,2.1286383366133053,0.6699770119305944,0.20549172542330577,1.2959962104236402
pkm05gj2n301ju3eok6zwmuk,3.1455375341859373,0.16202485831132868,-0.33696630780765885,0.25131442828090683
pl9tk57m96rzhbgzl006jp1o,1.6363095758899435,1.2238516172848655,0.8815654107982329,0.23301129729600126
pmld76s9grkxjaid04tl7ul7,0.9548761252913142,0.2777635126266309,-0.30582146542178834,-1.4510771924743089
qk3zcksu84bni3awc1n556qk,1.8693391163994395,1.9312026901816453,-0.07803459282494442,-0.4870980626050361
qwu9vk97840mxdvq8lvuo8r1,2.117875920997128,0.18759666224152935,0.8276340174875265,2.040011820269966
qwybh30c4w4iipd4ot85dmpy,-0.10432011365358165,0.6650908901481958,0.062457717129082053,-0.7299725953957149
r8mcrx16g6ttdkcdd3vbh6sv,1.3974000229299293,0.03841329819635759,0.27480207626058845,0.7223733809188162
reosvhjm5my2ske6lttpd1kk,0.11212671484168309,-0.7996175745869281,0.023582734221214957,1.574694963990228
rgospxkazckd2k69ylg41csv,0.9880198724072052,1.7396509667501796,-1.30487147097324,-2.136965385818019
rww7fnx8rtokickn64qa4wuf,0.25484656022528235,0.2983840267833577,-0.7038491348915222,-1.533884568502571
s00aorgelxed71ouc1ign5jq,1.1189280296878015,0.5698239826754493,-0.028361389447568504,1.8942364276338353
s20dknnbl1p7t2hs3ie0stbr,2.5942084508196386,0.5481553958399171,0.6171482673268683,1.0285076883284712
s7apu5uwp4yhihf8m1mnv7ct,0.339124697106548,0.05571978086710403,0.04964073479072196,0.47608267532211834
sgato0jzid0tlk43ra7ma9g6,0.49483952078071325,0.34782515538903197,-0.26308392693394145,0.4285875255290185
siigd7vtmkvc1w3lvimzsry6,14.664925696869986,-22.632817146073492,-22.72242930476318,49.628586732883136
sorosropwcm0lyi36o0gv2sv,1.949074024475847,-0.17849693617100432,-0.5791887655265117,1.7786873876607012
sviu3q1oym0srhxvw3j675nd,0.7563256827187776,-0.5616750755755106,0.057364132830712906,1.7872243140626642
sxdwczozfk7f3gap2ig7ewhl,2.3378989409544277,-0.20130601956287938,-0.5972016766548934,-0.1164103518444099
t6tqma51n1pzltdlxjp2qyfw,1.7278462617581787,1.066096053532682,0.6606309454245183,0.5552773863368242
tb7pj7gsba6o4cdpt9vb9x7q,0.44617367936524566,0.2985402060467892,0.7183940516070535,-0.4009019201443972
tdnfbpv08jui5p07ij4hj0mb,0.4151383533098828,-0.07259100492224924,-0.150552546391961,0.6657482063718309
tfar18dux9koy9ti2es55tst,0.903611157791173,0.7018985923262492,-0.4660483897429251,0.6103343283736785
tficqmzrk88b8qd9980f3mbb,0.28760730692591235,1.0954079876214158,0.5276620736027426,1.0643944575362683
tsb1jw8ub918ad04e882zt8h,0.38849277770235047,0.5627887900802966,0.21040109815318458,1.2940982673960741
u1a5jb2wunazz2h2s7qwe10z,1.4558432645418953,1.1400984187195156,0.017354369971529327,1.072061736426517
u202hwrpfo41bfgeem3yto2m,0.028878221780461073,-0.07577494906360017,-0.6353907369990235,-0.03907046148144905
u2k5jxmfqgk6veie61v0uxt5,1.66157214269354,-0.5253653143187399,0.4815626916603477,2.476446555885238
u8h5gyl1hjk5iiflo7yavy9k,0.10278102391496821,-0.14179542947094717,0.33909344045445927,0.45460406893268424
ugcuu169qx2z3frc2tnev0hk,0.2990237413812587,0.5467541883749673,0.4850606193696269,-0.650423836855462
uix7fc4kosudd22zzelj3umw,0.5267085845606728,-0.24949558305949376,0.026352031745284058,0.7785150508693057
uj3yu15tv361yz0pl0072rha,2.464754572453041,0.7070645800566668,-0.7070645800566667,1.3544232338139692
um09ngwfe2o088iu10s980we,2.0006735405709843,-0.2959383250768217,0.2636774628586008,-1.4343035803062512
urrczxi0sssxk51kw9t128ql,0.36841719510198373,-0.33792668264196235,0.5444624975565117,1.3307508524436444
v8ydc7etlijyrhbt403aheap,-0.02970659888550414,-0.08231496205769287,0.3824195545080306,-0.6268533660421585
v9c8d7o9jauns72dvcvvdtsd,1.3783400030328248,1.7500501071091896,-0.5109859829719832,-0.06748238493937503
v9mhi18je2wrkbfim72a4roo,1.451164374773483,0.20054816145835244,-0.1821990227901554,3.0209390875873368
vczw93o7s2b0q34ykaiof5kx,0.6594442465424859,0.6322987130711855,-0.17554031057547034,1.2645974261423711
vjicauzh2ig65zu4gp13czuj,0.0790452169561608,0.11065070884076104,0.5886352264175093,-0.13913559551282967
vwbzhkpoiloi8uoj64jz9uo1,-0.061959040976145324,0.25744947457681333,-0.15290561882554293,-0.3197001823567086
wf3f0bj0ohuygjwjcy8horbq,0.7984407810132812,-0.4667209156235268,0.41822656568491645,1.9579937319343286
wp1s1zohr1a4raj8eyss696m,0.11203288860676663,-0.003592454455203024,-0.18139933089463067,-1.3187676969427578
wwl0wr5c3jr4uv1jfc1qwhb9,2.9995313852743095,-0.5697171415941813,0.05889151782819064,-1.2420208719634573
x1ycuxnsm5m7knx9ntww7y2j,6719216.201794321,13438427.64338904,-13438428.022042893,-26876853.02250812
x1z6rp0mfj5e6oqxw8bs2e4u,0.794433725486167,0.8684512422968369,-0.10280855969873848,-0.1284910499288557
xds9mu2k3vm0otdkuvyfsaj4,1.3509194705514656,0.6993584405592236,0.0707497811368497,0.2231435513142093
xla93mi0t0u3ywwi5e5cqe0y,2.5835768762449405,0.05919011443306597,0.2743014940500109,1.4230306009455091
xxr0fzt3pmam5uln9g55zupd,0.8524116090371708,0.4546610312790314,0.8193041448669403,1.529631919165742
yb7ehdgm9eqm22t35t0gn4py,2.3584376386019565,0.7095420919714419,-0.38907019669667026,-0.7331946816892215
yggc3tpzclcbqx4frgq54cy1,0.39016193706616703,-0.030606342083994428,0.1517152147099606,0.774562572045454
yglr3pmjfzpkduch3g01fhck,0.16823611831060664,0.3713594956216536,0.7419373447293773,-0.3646431135879093
ypyusfyq96m627w6425ug7dw,1.3196301052634742,0.3831951331677953,0.3938335313728507,1.0914281253311406
yvzphgsb4z9eiqb3z379fbke,0.02910258796110273,0.37405812534068295,0.021837531751330994,-1.480605040591132
yxdlvnutsr8roavl9f1r5gt8,1.0505764648949958,0.9433695079334301,-0.578726394345521,-0.5371429320833636
yywsydio8foyc94c7k1x30be,1.056505596549325,1.2657133327114467,-0.30290258520239877,-0.954511944694353
z6xurenyeg6yg63pea7pu1nu,2.37214220209583,0.8947817557448495,-0.32041811117487107,0.14121262555699793
zfuemu1rcz6k4d3bvs2hls2f,1.735671416576059,0.6395310310211915,0.335848617222969,0.38301261698846056
zsi4m6qdbevc7j8lslhdqire,2.2122230373211975,0.0886088224378902,0.33010151242029684,2.091443097664597
