platform,subject,accuracy,points,ws,ls,perseveration,beta,eta_p,eta_n,kappa
mturk,02rwq76tp9lcye8vrl41llnh,0.3888888888888889,38.0,0.7297297297297297,0.8076923076923077,0.28,2.804795,0.8349439999999999,0.9575445,-0.06839681258764009
mturk,0a8zkiu9rpf0mxo0h9ecdyzh,0.7666666666666667,68.0,0.9552238805970149,0.9545454545454546,0.14666666666666667,7.4837299999999995,0.508517,0.963607,-0.30913836062722977
mturk,0g4fx9g2wryeio74yzgqwpq8,0.7222222222222222,58.0,1.0,0.625,0.24,12.63825,0.8068,0.833412,-0.01622473192489756
mturk,0k1tzkzdb7dvx6z9q0nyovde,0.6555555555555556,51.0,1.0,0.3846153846153846,0.2,12.01845,0.9284815,0.4569765,0.34032428265598813
mturk,0lq9i4x81dgnwglgvgnh34rj,0.6666666666666666,57.0,0.9824561403508771,0.46875,0.25333333333333335,10.1088,0.624225,0.33845749999999997,0.2968450138025778
mturk,0piu71owxiz9tgsitq7ktqh6,0.5888888888888889,54.0,0.9811320754716981,1.0,0.24,5.4519649999999995,0.902129,0.9737155,-0.0381622783764859
mturk,19h68mzzzd51m1ysm4jbmlml,0.6444444444444445,54.0,0.9433962264150944,0.8611111111111112,0.2,3.22464,0.9290865,0.940508,-0.00610907873338308
mturk,1bkivj7fl2s7bnshyc0xs9xo,0.6555555555555556,59.0,0.9827586206896551,0.8387096774193549,0.21333333333333335,5.62675,0.4308015,0.9527135,-0.3772362424693624
mturk,1dhmst23cwb07eov3r1qc7i1,0.4444444444444444,42.0,0.3170731707317073,1.0,0.29333333333333333,0.9909414999999999,0.7844725,0.7389920000000001,0.029853337573668384
mturk,1emkh8fj8n8ujo3jfrrswpna,0.6222222222222222,52.0,1.0,0.7894736842105263,0.16,4.91724,0.9156615,0.9768399999999999,-0.03232679075815788
mturk,1gzcp8taimbcpvzulsjo6w7a,0.6444444444444445,61.0,0.9,0.9310344827586207,0.25333333333333335,3.3704850000000004,0.8464725,0.8434205,0.0018060315061367456
mturk,1h67fnjgm45dzniy6y91vld7,0.7333333333333333,52.0,0.9607843137254902,0.5789473684210527,0.14666666666666667,8.240504999999999,0.40014099999999997,0.7664595000000001,-0.31400509428891904
mturk,1ujw1gehpdx2ufvvvly3gx69,0.7222222222222222,54.0,1.0,0.25,0.17333333333333334,11.7174,0.930285,0.4098555,0.3883395061935671
mturk,1ww0gs6eyl6uksonzztb0ezu,0.5333333333333333,53.0,0.9423076923076923,0.4054054054054054,0.3333333333333333,2.738185,0.9636640000000001,0.9563174999999999,0.003826338951703516
mturk,26drsd0sb4o6mw8hh3db4y8y,0.6555555555555556,53.0,0.9811320754716981,0.9166666666666666,0.22666666666666666,8.286675,0.5906975,0.9619555,-0.23911202309852878
mturk,2gbv6cbysitn0o9t9m53f3xi,0.6111111111111112,47.0,1.0,0.2790697674418605,0.29333333333333333,9.81561,0.8670185,0.403324,0.3650153403511258
mturk,2l792wi6dr04cwnd2lxldsg3,0.5333333333333333,52.0,1.0,0.26315789473684215,0.4,16.2059,0.871705,0.665119,0.13442398088525423
mturk,2n2791gfw1ojwu32i7nsvght,0.5222222222222223,53.0,1.0,0.5277777777777778,0.29333333333333333,10.807500000000001,0.78552,0.9798755,-0.11009176130787691
mturk,2tbdv5xl54zpvqubll7hx9xl,0.5444444444444444,44.0,0.8372093023255814,0.8913043478260869,0.2,2.42822,0.9439310000000001,0.937771,0.003273632062887776
mturk,381z8zb2qt43qj83bpagb37k,0.6,50.0,0.8163265306122449,0.95,0.21333333333333335,2.75434,0.7673355,0.918481,-0.08965714833138722
mturk,3h1i9f440aazwely8ptjns7x,0.7666666666666667,50.0,1.0,0.5641025641025641,0.17333333333333334,7.841005,0.950302,0.543965,0.2719306522863718
mturk,3h34cgrzlp4wtlx1eo4tv73k,0.6111111111111112,46.0,0.9777777777777777,0.8636363636363636,0.22666666666666666,5.3245249999999995,0.7328995,0.9385384999999999,-0.12303118631980361
mturk,3xzn2gdh051u5slem3dme6y4,0.6333333333333333,47.0,1.0,0.7441860465116279,0.18666666666666668,11.12915,0.7715805,0.923403,-0.08957166839677198
mturk,48kl2yj4bk3oit3lc8y2c8qf,0.4111111111111111,39.0,0.28205128205128205,0.8200000000000001,0.44,-9.512845,0.0009973725,0.4542195,-0.995618033687888
mturk,49siubkt857w9wa5ym6zyrss,0.5444444444444444,50.0,0.9387755102040817,0.975,0.18666666666666668,5.196664999999999,0.40434899999999996,0.9489209999999999,-0.40241193553392895
mturk,5ia4n00eepgph445l075pzvt,0.6555555555555556,56.0,0.9636363636363636,0.38235294117647056,0.2,6.710575,0.4654805,0.588457,-0.11668291525825772
mturk,5lukl1r5qtcpaaxcy1z4k2pb,0.6666666666666666,52.0,0.9615384615384616,0.5135135135135135,0.2,11.66765,0.320986,0.767697,-0.4103223803439568
mturk,5sg7gnocyd7oke5w09iyjmkw,0.4222222222222222,40.0,0.3333333333333333,0.84,0.4666666666666667,3.0532250000000003,0.7004595,0.1606675,0.6268436595298952
mturk,5vfsoys60vdnkpwg6eycknxs,0.7444444444444445,60.0,1.0,0.33333333333333337,0.18666666666666668,8.508154999999999,0.8431445,0.5021515,0.2534706116720781
mturk,6anblbfay00uf1lrjuvta75s,0.6111111111111112,51.0,0.96,0.7692307692307692,0.16,2.9227100000000004,0.872681,0.9672375,-0.051391678490107
mturk,6ddzcn9af3ba6dv3c91n5enx,0.4444444444444444,41.0,0.675,0.7959183673469388,0.36,1.80374,0.833259,0.7719689999999999,0.03818149197497182
mturk,6ebn8yjdbepfbi3vshim0fa4,0.4444444444444444,51.0,0.45098039215686275,0.8421052631578947,0.24,1.216315,0.844805,0.704691,0.09042553191489366
mturk,6g0smxt28qc8rof31hj311l7,0.6777777777777778,50.0,0.98,0.5641025641025641,0.18666666666666668,7.553755,0.523598,0.927257,-0.27822146251692964
mturk,6kf2nrcsp1vlkc4ognfrvlg6,0.5555555555555556,47.0,0.9130434782608695,0.7209302325581395,0.14666666666666667,5.46649,0.2597695,0.9901565,-0.5843441931762361
mturk,6o83uqmv0frbft9n0ojoh68u,0.4666666666666667,42.0,0.47619047619047616,0.9574468085106383,0.26666666666666666,4.2537,0.06305440000000001,0.7262565000000001,-0.8402292430017121
mturk,6tsrpsayz54lw11oc7xqro8j,0.5111111111111111,40.0,0.7948717948717948,0.84,0.25333333333333335,2.9773050000000003,0.6446164999999999,0.9755689999999999,-0.2042682766880706
mturk,6u3el0wrisrdbl98ibq0opof,0.6,49.0,0.9591836734693877,0.975,0.21333333333333335,4.83417,0.746631,0.957435,-0.1237064761576136
mturk,6xcrpdfmw33oggfcpop84jjc,0.6,57.0,1.0,0.36363636363636365,0.29333333333333333,18.2876,0.8072630000000001,0.751935,0.03548490954965312
mturk,71r198qbputz56vycr57vwrj,0.6111111111111112,49.0,1.0,0.55,0.24,7.669575,0.7744960000000001,0.3918795,0.3280388691291956
mturk,79wkgbbalgknlalvcbuej04n,0.37777777777777777,31.0,1.0,0.3448275862068966,0.3466666666666667,4.46481,0.9267529999999999,0.9140975,0.006874811398318294
mturk,7c2n6irhszcuommpxijsqo0m,0.5,46.0,0.6444444444444445,0.9318181818181819,0.26666666666666666,1.7252049999999999,0.7678415000000001,0.903985,-0.08143398851495652
mturk,8268uvon5c4wg6cqy7jsgya1,0.7555555555555555,58.0,1.0,0.46875,0.18666666666666668,16.997500000000002,0.5237005,0.6982695,-0.14285866265129257
mturk,8bis5casr4mjnn033kaxc4a9,0.8111111111111111,61.0,1.0,0.4482758620689655,0.13333333333333333,8.429875,0.877888,0.4973365,0.27671954651767766
mturk,8gms1x5mpu3zq71ytb9tjrss,0.5666666666666667,54.0,1.0,0.5,0.37333333333333335,15.437249999999999,0.33938500000000005,0.5665155,-0.25072345141657376
mturk,8jsbtrhsjtr1f1g26cw3ybge,0.3333333333333333,37.0,0.13513513513513514,0.9230769230769231,0.3333333333333333,7.209065,0.00505264,0.6979595000000001,-0.9856257389808374
mturk,8mn0ti7z45rkqyclbp3bkuox,0.6111111111111112,53.0,1.0,0.43243243243243246,0.2,14.2709,0.89707,0.7861,0.06592916936494829
mturk,984rqmge2ibnb6ry6iy9u0zo,0.4666666666666667,42.0,0.7804878048780488,0.6875,0.26666666666666666,1.395785,0.944153,0.785468,0.09174553269184403
mturk,9bx9aapx2af3ya9iqbfycexr,0.4777777777777778,49.0,0.4897959183673469,0.95,0.30666666666666664,7.767165,0.04418975,0.9100269999999999,-0.9073800580423682
mturk,9x3grmi9fq74uxr3ub097epz,0.7333333333333333,57.0,1.0,0.34375,0.22666666666666666,6.23485,0.8211215000000001,0.548855,0.19873808054371742
mturk,aov6xe6od75nt5353uwbsp77,0.5666666666666667,42.0,0.9512195121951219,0.5833333333333333,0.25333333333333335,7.22633,0.414265,0.9775769999999999,-0.40472409943082616
mturk,avr04c4gt8kmeq5i2jiisiyh,0.6444444444444445,49.0,1.0,0.41463414634146345,0.25333333333333335,13.47435,0.7198025,0.6308765,0.06583799703704586
mturk,avuxpoyolfbqqsskoym8iwxk,0.5333333333333333,37.0,0.6486486486486487,0.4807692307692307,0.26666666666666666,2.1501,0.8467454999999999,0.428697,0.3277674218947541
mturk,ayqvxud8iyhd449mhjpztndy,0.5888888888888889,51.0,0.94,0.5897435897435898,0.28,4.915685,0.4694455,0.9725005,-0.34887228786653596
mturk,bgdjjadiljq5gtg3zd419eif,0.6777777777777778,70.0,0.8405797101449275,0.44999999999999996,0.21333333333333335,3.41451,0.347317,0.340372,0.01009904186340043
mturk,bhoyosccpd9jwnfuwpgla7cg,0.37777777777777777,42.0,0.3170731707317073,0.75,0.28,0.4435135,0.09661395,0.360107,-0.5769235021953777
mturk,borpj9kwayuoawc2db7wbyxj,0.5777777777777777,49.0,0.8367346938775511,0.875,0.30666666666666664,5.242195,0.275152,0.7713319999999999,-0.4741400728534788
mturk,cdbeog6cjz4lt4fk2fsw9a6d,0.7111111111111111,55.0,1.0,0.23529411764705888,0.28,11.9312,0.273973,0.392254,-0.17753858669792724
mturk,cdx4de9mp88efzq0p2e2hq41,0.4666666666666667,36.0,0.75,0.679245283018868,0.37333333333333335,5.398285,0.2522135,0.853621,-0.5438494639116432
mturk,clm0rwz7njx098ktz0rq6tzj,0.5,44.0,0.7727272727272727,0.7555555555555555,0.26666666666666666,2.4010350000000003,0.8535714999999999,0.849576,0.002345950659000427
mturk,ctnvg9z0u302ddk5abjypszu,0.7,59.0,0.9830508474576272,0.43333333333333335,0.10666666666666667,8.808985,0.284813,0.6066265,-0.36100430820038826
mturk,cweobvm4evs54h8932qi6kqj,0.43333333333333335,45.0,0.4090909090909091,0.8,0.30666666666666664,1.256365,0.5464169999999999,0.8396155,-0.21153796898701877
mturk,cwjn0tx0m76gm35d8f4jnxrq,0.6444444444444445,45.0,1.0,0.4,0.17333333333333334,5.38659,0.9523195,0.8665609999999999,0.047149056796199684
mturk,czs7a87g24y6q0hq4ygiyrrl,0.6444444444444445,54.0,0.9622641509433962,0.5555555555555556,0.21333333333333335,4.274625,0.8538695,0.83067,0.013772013063510787
mturk,d535ylen0c8wkaigri45rrml,0.6555555555555556,58.0,0.9824561403508771,0.375,0.24,9.10331,0.34921749999999996,0.827658,-0.4065345059864022
mturk,dbuiumbyfl1ma1h69ta20xw8,0.4111111111111111,40.0,1.0,0.34693877551020413,0.3466666666666667,15.33225,0.7370955,0.7383105,-0.0008235021411055439
mturk,deuoj5f7ihyov9fdc56skfam,0.5888888888888889,48.0,0.8333333333333334,0.7560975609756098,0.30666666666666664,7.00865,0.26195199999999996,0.8862995,-0.543737587105264
mturk,dhdxn5ir5mjb94yjprcgwago,0.4666666666666667,43.0,1.0,0.42553191489361697,0.3333333333333333,14.821850000000001,0.6530715,0.785563,-0.09209531677434399
mturk,dkfxcqyznu2etu3ycixgpuct,0.6222222222222222,77.0,0.5921052631578947,0.6153846153846154,0.26666666666666666,4.0467949999999995,0.6210655,0.041186,0.8756182507702891
mturk,e1zp3dh9u2801k50qm9h97c1,0.6111111111111112,50.0,1.0,0.675,0.26666666666666666,5.670495000000001,0.9193555,0.9189890000000001,0.00019936415617417537
mturk,e3qgdoddsuhvnumamuxze5fo,0.3888888888888889,45.0,0.3111111111111111,0.8409090909090909,0.3333333333333333,1.131275,0.399466,0.660343,-0.24615473165447738
mturk,e8jii58m72v5f48f2rvcju86,0.5888888888888889,53.0,0.9811320754716981,0.33333333333333337,0.25333333333333335,5.41564,0.963163,0.393204,0.420210016905454
mturk,e9lartq70jdvtyo1tovgyi8r,0.7333333333333333,56.0,1.0,0.3939393939393939,0.17333333333333334,10.0101,0.911384,0.7331865,0.10835503859518338
mturk,eajz1vw10kitydeyf4zgtwzs,0.7,58.0,0.9298245614035088,0.4375,0.21333333333333335,5.74544,0.943534,0.542109,0.27020286838762747
mturk,elw3bumjdsy00i3eny567iz0,0.5666666666666667,58.0,1.0,0.4193548387096774,0.24,8.860859999999999,0.6726695,0.687729,-0.011069918115905011
mturk,f413rfthchh1liluwockcj93,0.5111111111111111,46.0,0.7608695652173914,0.8604651162790697,0.24,6.12999,0.1864155,0.964854,-0.6761566253600917
mturk,f4wl4bmtithmjc70e5p02q4q,0.7666666666666667,56.0,1.0,0.7058823529411764,0.16,5.7881350000000005,0.9090405,0.918543,-0.0051994888332051415
mturk,f8d2kruoqk7otxvnhqd44ziz,0.7777777777777778,63.0,1.0,0.5384615384615384,0.17333333333333334,7.534415,0.750364,0.7101554999999999,0.02753027261874976
mturk,fexsj0u5oib0e90p5kvm0lal,0.7777777777777778,58.0,1.0,0.3125,0.12,8.315245,0.9046265,0.6217250000000001,0.1853449221886308
mturk,fgjk761asl4q1j9d46ivqdhk,0.4666666666666667,42.0,0.4878048780487805,0.5208333333333333,0.3466666666666667,-6.290295,0.0039602349999999995,0.0393743,-0.817224991568503
mturk,fl0bey18x3e1awvawxjz06jf,0.7,55.0,0.9814814814814815,0.34285714285714286,0.2,12.70035,0.309528,0.7945960000000001,-0.4393238440609932
mturk,fsig4dpz5iesxkjnc5e03ruv,0.5666666666666667,45.0,0.7954545454545454,0.8222222222222222,0.29333333333333333,4.38623,0.46507200000000004,0.6192150000000001,-0.14216070099521622
mturk,fy3568ynzims1sa778zhdgsj,0.6555555555555556,51.0,1.0,0.3589743589743589,0.2,16.0652,0.6692525,0.7354765000000001,-0.047143612753776744
mturk,g0hcri7lt06it7zaxn7bdehy,0.5777777777777777,43.0,0.8604651162790697,1.0,0.30666666666666664,6.013965,0.28071,0.8633135000000001,-0.5092583325429941
mturk,g2j8r1fp1mfn0sdufesl7l2w,0.6666666666666666,54.0,1.0,0.4722222222222222,0.29333333333333333,5.53589,0.9567825,0.752463,0.1195378311658565
mturk,g7p583cf83iuo5tnssmqoom2,0.5222222222222223,46.0,0.8888888888888888,0.5909090909090908,0.25333333333333335,2.72273,0.969677,0.9764705,-0.003490742608152778
mturk,g93kv8yzmln3bk1vikjphvig,0.6,50.0,0.9795918367346939,0.85,0.12,7.9568,0.3569025,0.9937205,-0.47149944877289957
mturk,gb9l1rxvfwpsridpzj2phab0,0.5777777777777777,43.0,0.7857142857142857,0.7659574468085106,0.28,2.1112450000000003,0.7131685,0.774007,-0.04090875622951025
mturk,gi5el1yqgg66eawzpbt2cug6,0.6333333333333333,53.0,1.0,0.45945945945945943,0.37333333333333335,14.7861,0.8028815,0.328776,0.4189478707117657
mturk,gruwe2az316sg0lrtz6mop4m,0.2777777777777778,38.0,0.5945945945945946,0.28846153846153844,0.36,-2.025945,0.027615,0.769161,-0.9306831531070214
mturk,h1pemdlnh3c9vhbgryg1ixhn,0.5444444444444444,50.0,1.0,0.41025641025641024,0.12,9.782025,0.9061785,0.5426895,0.2508779267676558
mturk,h1utmgv01tgofu4ja7y7he1r,0.6444444444444445,51.0,1.0,0.41025641025641024,0.22666666666666666,12.77205,0.43854499999999996,0.8069735,-0.2958033140415016
mturk,h2ob40i8w8dt2pnbe0fjyz69,0.7,54.0,0.9811320754716981,0.4444444444444444,0.17333333333333334,5.792955,0.6807369999999999,0.704763,-0.017341032118368894
mturk,hat45nuw60i6qp17myltiq6e,0.4111111111111111,36.0,0.8888888888888888,0.5094339622641509,0.26666666666666666,8.570640000000001,0.06259719999999999,0.974328,-0.8792638080355265
mturk,hcikwtzf80rybffjd4nzmcqn,0.5777777777777777,41.0,0.9512195121951219,0.45833333333333337,0.26666666666666666,3.884745,0.7742884999999999,0.9876975,-0.1211184424847871
mturk,he3bi0kweifzr3c3elm0xyx5,0.34444444444444444,43.0,0.8809523809523809,0.1063829787234043,0.5066666666666667,3.76373,0.9618415,0.015531199999999998,0.9682184697812821
mturk,hjga6ro8xdcijnzxcabiekgh,0.6777777777777778,51.0,1.0,0.6923076923076923,0.14666666666666667,10.67275,0.8954420000000001,0.889778,0.0031727182084001484
mturk,hp22ihu8hgb4l5p0ocf695wh,0.4777777777777778,43.0,0.7380952380952381,0.8723404255319149,0.30666666666666664,5.797755,0.098801,0.79525,-0.778981288539468
mturk,hp9jlhcupmuyhjt2v5kzyeyo,0.4,42.0,0.35714285714285715,0.9574468085106383,0.3466666666666667,3.66879,0.0730987,0.604134,-0.7841253087749603
mturk,hr3fruz8unemddmhsargqdjo,0.6888888888888889,53.0,1.0,0.8918918918918919,0.25333333333333335,7.850575,0.8388955,0.9259275,-0.049314860470426776
mturk,hvp7r3m4nd4hnwcb8su5ste8,0.6222222222222222,53.0,0.9423076923076923,0.5945945945945945,0.28,5.546115,0.45557000000000003,0.6263445000000001,-0.1578447280261056
mturk,hxlba4lafjaq254jq3x5hug0,0.5444444444444444,59.0,0.9827586206896551,0.5806451612903225,0.28,4.08879,0.5296335000000001,0.969741,-0.2935274009261861
mturk,iij7l7ztcavt3v3b8beljv40,0.37777777777777777,46.0,0.1111111111111111,0.8636363636363636,0.29333333333333333,0.70079,0.120826,0.2417685,-0.33354753036794543
mturk,ilccg6au6ebu6vrvwcnsxvnp,0.5777777777777777,52.0,1.0,0.5526315789473684,0.18666666666666668,5.384255,0.9402429999999999,0.8002235,0.08044940824773127
mturk,itgf2egc6lv9acekard2994a,0.32222222222222224,42.0,0.8571428571428571,0.36170212765957444,0.44,3.66527,0.9044395000000001,0.606618,0.19709474986888323
mturk,j49ycui0iz38y7r8xtr8tnna,0.7333333333333333,59.0,1.0,0.3870967741935484,0.22666666666666666,9.500195000000001,0.811767,0.41774500000000003,0.32047023534540525
mturk,j5uig6vo0a3bq4tw72necwg5,0.5444444444444444,50.0,0.9795918367346939,0.25,0.4266666666666667,12.6105,0.1720525,0.08373565,0.3452734225569089
mturk,jyqbceyvrsxtbtis6813ecuq,0.7777777777777778,52.0,1.0,0.29729729729729726,0.08,11.997150000000001,0.7019995,0.9153519999999999,-0.13191473838556428
mturk,k0jvnuk92lshedg61l3kgup4,0.4888888888888889,55.0,1.0,0.2941176470588235,0.4266666666666667,14.2554,0.881413,0.5334695,0.24591688709133086
mturk,kse3g3i8vm4uhmn2p4sfnyy0,0.6555555555555556,57.0,1.0,0.2727272727272727,0.32,10.225750000000001,0.694473,0.36711,0.30837249654525367
mturk,kz2mnejtguvxh70ucjcunti8,0.5888888888888889,45.0,1.0,0.40909090909090906,0.38666666666666666,6.694315,0.9237055000000001,0.7592325,0.09772968463484696
mturk,kzth30eqt6puh2fdm1xyqqcl,0.6777777777777778,51.0,1.0,0.4358974358974359,0.18666666666666668,10.9295,0.782518,0.9539610000000001,-0.09873024666581053
mturk,l4giixxbal8owtn90r4a0zmg,0.5111111111111111,40.0,0.725,0.5714285714285714,0.24,3.347825,0.2321535,0.688105,-0.49546024296434094
mturk,l768h0oa3rsy0s30wy81gx7w,0.5888888888888889,53.0,0.9811320754716981,0.8333333333333334,0.22666666666666666,5.436145,0.7278965,0.985312,-0.15025345718282393
mturk,lfmnxogaj6os5ptjy6jcrdx5,0.6444444444444445,49.0,0.9375,0.7073170731707317,0.25333333333333335,6.224055,0.510271,0.610615,-0.08952203881572254
mturk,lq0d2xsr43y3la4p6u2kw6dk,0.5777777777777777,50.0,0.9591836734693877,0.975,0.22666666666666666,6.146105,0.5490115,0.9620875,-0.27336130855754653
mturk,lrbgqwdhc5j9d3cfmhgrwfy1,0.43333333333333335,39.0,0.9230769230769231,0.7,0.24,4.88724,0.7474695,0.9709645,-0.1300573661833972
mturk,m94kxuxvt80yh510yh7slut7,0.5,39.0,1.0,0.37254901960784315,0.26666666666666666,5.552235,0.805476,0.5890895,0.15516409949909124
mturk,mc9b0kvhdjz7jqifqhgajsyr,0.6333333333333333,49.0,0.9791666666666666,0.7560975609756098,0.29333333333333333,4.815754999999999,0.9492025,0.9166095,0.017468533807264604
mturk,mynywo837risvkfygi19hhpg,0.7555555555555555,57.0,1.0,0.4375,0.14666666666666667,6.98991,0.8228685,0.8329070000000001,-0.006062718043599547
mturk,n29vff3xy758kc4si86avrjk,0.5222222222222223,47.0,0.8260869565217391,0.9302325581395349,0.25333333333333335,2.5626550000000003,0.883051,0.906342,-0.013016145698569263
mturk,n4ztb6292aou1l4jr8n0tezk,0.28888888888888886,37.0,0.43243243243243246,0.6346153846153846,0.26666666666666666,2.941295,0.142374,0.0204602,0.7486989833830976
mturk,nbisw5umh0isb2ixsbdr99q5,0.5888888888888889,54.0,0.9444444444444444,0.2857142857142857,0.29333333333333333,10.924299999999999,0.1132875,0.5933915000000001,-0.6793805957160183
mturk,nf8od7h3v3autbl7bobc44vj,0.5666666666666667,55.0,0.9454545454545454,0.8529411764705882,0.18666666666666668,5.436814999999999,0.4693025,0.966727,-0.34638877543950175
mturk,ngpbl2m7v35qr23mxqg4zq6j,0.6111111111111112,53.0,0.9807692307692307,0.6216216216216216,0.21333333333333335,4.782439999999999,0.8621075,0.9671335,-0.0574150699661772
mturk,nk20nova3ldcu67y76d1t9jz,0.4777777777777778,44.0,1.0,0.23913043478260865,0.4266666666666667,10.005849999999999,0.886396,0.7102175,0.11034511483211186
mturk,ny6aiki69pl2sa6bs4po6ig5,0.36666666666666664,32.0,0.3225806451612903,0.7758620689655172,0.3466666666666667,4.62216,0.0299148,0.594725,-0.9042174385942106
mturk,o1vx5thxb89l44xmoqh1wwz0,0.6333333333333333,52.0,0.9411764705882353,0.7894736842105263,0.17333333333333334,8.793865,0.3392755,0.9710544999999999,-0.4821525875161218
mturk,oc0019i87h6mkoth39vmedqq,0.6888888888888889,68.0,0.6567164179104478,0.6818181818181819,0.12,2.00511,0.9146285000000001,0.5415105,0.2562379003652811
mturk,ofcrkm8mve7t3y81h2ahi6tr,0.4888888888888889,49.0,0.8775510204081632,0.825,0.24,2.579155,0.9132875,0.953113,-0.021338131874696752
mturk,ol0fexiw547u6gli6izgrus4,0.6,45.0,1.0,0.36363636363636365,0.25333333333333335,11.481,0.7524310000000001,0.881599,-0.07904873227541719
mturk,ow3rmlf7ftv9o9jowr5pudue,0.7666666666666667,57.0,1.0,0.34375,0.17333333333333334,10.48845,0.8498985,0.512275,0.24785645881380014
mturk,pbe1z8nw3u49kut6yzpm5d8d,0.6,50.0,1.0,0.975,0.21333333333333335,11.524049999999999,0.7727580000000001,0.9763759999999999,-0.11641074954806199
mturk,pcbef4vi4t1k3os59yintjx7,0.6666666666666666,59.0,1.0,0.5483870967741935,0.25333333333333335,6.61476,0.909898,0.79085,0.06999743642209189
mturk,phbhdjtlsux8o4b6lw205gdn,0.3888888888888889,39.0,0.38461538461538464,0.62,0.3333333333333333,1.31139,0.208812,0.175912,0.08551585032386849
mturk,pips94le21jq08pesfaiefxd,0.4666666666666667,37.0,1.0,0.32692307692307687,0.5333333333333333,1.47019,0.10407259999999999,0.10226350000000001,0.008767733809061914
mturk,pnmept0z8agaln6bqziozweo,0.5444444444444444,45.0,0.8636363636363636,0.9111111111111111,0.26666666666666666,3.42628,0.5647325000000001,0.9589065,-0.25870563827783344
mturk,poea2a28uml13k7mbk6w4ou5,0.5111111111111111,47.0,0.7391304347826086,0.9534883720930233,0.32,5.25562,0.2015195,0.887534,-0.6299180894235223
mturk,pwjlt47u6xaxkcx5xnxonxjy,0.6222222222222222,54.0,0.9074074074074074,0.7142857142857143,0.21333333333333335,4.547295,0.854195,0.629262,0.15162758340821475
mturk,q7os2mbb6ijejlub0fmdwyth,0.5222222222222223,50.0,0.7755102040816326,0.8,0.30666666666666664,3.872565,0.4454475,0.540495,-0.09640268068371123
mturk,qlgapgx6bfkf4ff2uhuofcr6,0.32222222222222224,34.0,0.42424242424242425,0.4642857142857143,0.29333333333333333,-0.248085,0.251083,0.314126,-0.1115392713137972
mturk,qryxvy9232jetvwgtops3qjw,0.5,43.0,0.7857142857142857,0.7659574468085106,0.25333333333333335,2.307225,0.68005,0.8904725,-0.13398248035287616
mturk,req395sg5aaa99tgui0irfk8,0.5333333333333333,39.0,0.868421052631579,0.7254901960784313,0.18666666666666668,3.2648200000000003,0.687001,0.9674929999999999,-0.16953340417070112
mturk,rnktpyd6ech7t9az85fcdscs,0.45555555555555555,40.0,0.8974358974358975,0.78,0.22666666666666666,5.005535,0.4804175,0.9836995,-0.34374438654834283
mturk,ru5ws3pu83q9tqcyqm9i66vg,0.34444444444444444,29.0,0.5172413793103449,0.6166666666666667,0.52,6.74079,0.1657405,0.002811465,0.9666397837604561
mturk,rvbvs8wupqk0cepnaw1go9bs,0.6333333333333333,53.0,0.9622641509433962,0.2222222222222222,0.29333333333333333,8.145710000000001,0.3280875,0.425157,-0.12886851480495382
mturk,rxk216v2u00knpik4144b379,0.4666666666666667,38.0,0.6756756756756757,0.8076923076923077,0.28,4.64235,0.203073,0.6807185,-0.5404504342936088
mturk,s00v1x1d54te4umlyvvwaic6,0.6333333333333333,51.0,0.98,0.6923076923076923,0.24,11.570450000000001,0.3074135,0.5247145,-0.26113891132133515
mturk,s6skqzwsxbnuallv93zxt728,0.3333333333333333,44.0,0.09090909090909091,0.9777777777777777,0.36,0.483359,0.23381600000000002,0.215328,0.04116274513296411
mturk,se99pdkqoizyh6c8lmlc05n3,0.35555555555555557,42.0,1.0,0.41666666666666663,0.21333333333333335,10.79645,0.6543405,0.652142,0.0016827626853019402
mturk,sxgwt55mbktag0euyj5ck394,0.7666666666666667,66.0,0.9545454545454546,0.34782608695652173,0.24,7.55988,0.316168,0.651063,-0.3462409703576498
mturk,szygpouygrmb7vi2zvcsi7kj,0.6222222222222222,49.0,0.9795918367346939,0.5,0.2,8.52429,0.390544,0.807059,-0.3477905449468647
mturk,t76x8ndbtxbx72lsb8ngqv1z,0.6222222222222222,54.0,1.0,0.5833333333333333,0.2,10.2615,0.7870835,0.9784360000000001,-0.10838311329894687
mturk,t9d9ki02qf20po7hnalni8bs,0.7333333333333333,59.0,1.0,0.3548387096774194,0.21333333333333335,8.293285000000001,0.8591264999999999,0.2922845,0.4923020537410185
mturk,tcbpf1kmvs92g8t2x5iowvqs,0.34444444444444444,43.0,0.30952380952380953,0.7234042553191489,0.38666666666666666,2.29989,0.0571898,0.3860575,-0.7419508251939718
mturk,th2b9q0wuq3762odsxe9y0kh,0.7888888888888889,63.0,1.0,0.4444444444444444,0.18666666666666668,8.318275,0.7483905,0.6059675,0.1051590495275252
mturk,tlw8dxp34gf5zt4nfb7yftnf,0.6111111111111112,53.0,0.9433962264150944,0.9444444444444444,0.21333333333333335,10.22965,0.22573,0.9593355,-0.6190421542100416
mturk,toz6nvp14zs7mfg4bwsaebd6,0.4777777777777778,38.0,0.8157894736842105,0.9215686274509804,0.29333333333333333,7.996625,0.124061,0.973039,-0.7738383009752986
mturk,tsid1av4r8o3dobjmikdnw6x,0.5777777777777777,48.0,0.8936170212765957,0.7142857142857143,0.28,3.205755,0.791201,0.846266,-0.03362815861327277
mturk,tw1nzqjjixjzlwy9kc1t7qdu,0.6333333333333333,51.0,0.96,0.6666666666666667,0.25333333333333335,3.864725,0.845951,0.7869875,0.03610883079797559
mturk,uabqljbqhtguwieaax9i9jbi,0.5444444444444444,48.0,0.9166666666666666,0.7804878048780488,0.24,3.687725,0.6129975,0.9441975,-0.21269012551414565
mturk,ufzhw64z1nwocsg8k80i3y5r,0.5555555555555556,50.0,0.82,0.9230769230769231,0.18666666666666668,2.9413850000000004,0.740954,0.908228,-0.1014284657484741
mturk,us4jynu3a76tfb7zh5erygr0,0.4,38.0,0.2631578947368421,0.9803921568627451,0.29333333333333333,3.339705,0.04003285,0.607996,-0.8764473217511843
mturk,usdq8rqhfvf4hnru7h6e1v0e,0.5777777777777777,48.0,0.8125,0.8780487804878049,0.26666666666666666,4.51971,0.559326,0.8181155,-0.18787694432032143
mturk,vh8uyrnltv4hh60dzg5r3n1i,0.37777777777777777,44.0,1.0,0.21739130434782605,0.32,5.931505,0.965518,0.470556,0.34466329729526474
mturk,w1qbxw4ltfgr7ddtsf930nhc,0.7888888888888889,79.0,0.6538461538461539,0.6363636363636364,0.10666666666666667,3.08322,0.7800199999999999,0.8097705,-0.01871347199520944
mturk,w4ascja5gszgs3ox6eh471me,0.5222222222222223,44.0,0.7906976744186046,0.9130434782608696,0.25333333333333335,2.82227,0.4092785,0.9099415,-0.3795144100301693
mturk,w8rp7rwwb638sy4r2hha3hud,0.6777777777777778,57.0,0.9824561403508771,0.5625,0.28,5.36786,0.9099135,0.9629285,-0.028307246420146454
mturk,waigs5rf1gkl2y4f6yt2la5q,0.7,56.0,1.0,0.4411764705882353,0.22666666666666666,7.6079799999999995,0.6384274999999999,0.521342,0.10095583648302527
mturk,wdsdynq3ht0uipzelqp7g0xd,0.25555555555555554,31.0,0.3225806451612903,0.6206896551724138,0.4266666666666667,-1.77936,0.6625635,0.022702550000000002,0.9337409171226271
mturk,wjo05xz5faw7ef8m6bu18ev5,0.6888888888888889,58.0,1.0,0.935483870967742,0.16,10.5791,0.7727655,0.9901625000000001,-0.12331586996179088
mturk,x12oo9pn58e61fflukvug2mr,0.6777777777777778,55.0,1.0,0.2941176470588235,0.29333333333333333,10.1391,0.826198,0.9839475,-0.08714741439293139
mturk,x3lheipk8oq00fhkkfjrw6p1,0.6777777777777778,52.0,1.0,0.23684210526315785,0.24,10.10405,0.8791629999999999,0.5632755,0.21899547190400137
mturk,xe6oqx37xdawxlzrgixjkrxn,0.7333333333333333,63.0,0.9838709677419355,0.7037037037037037,0.14666666666666667,6.589684999999999,0.8410044999999999,0.9880255,-0.08038195108882855
mturk,xfte2nnmwo5forvvnhf147te,0.5777777777777777,46.0,0.9347826086956522,0.6976744186046512,0.26666666666666666,9.359625,0.245412,0.6622144999999999,-0.4592224885456738
mturk,xpy7msfhii19kauw617rabm7,0.7111111111111111,64.0,0.9841269841269841,0.5384615384615384,0.13333333333333333,6.09754,0.744821,0.6926905000000001,0.036264405536929514
mturk,y0m7gu1o0uy9u4nmziwujofk,0.5666666666666667,53.0,1.0,0.45945945945945943,0.2,10.630199999999999,0.7801665,0.997236,-0.12212737407537123
mturk,y3o44ojrgzutttr3noil3v6m,0.5666666666666667,54.0,1.0,0.6571428571428571,0.30666666666666664,11.843399999999999,0.784206,0.9958135,-0.1188793156479466
mturk,ycz8oq9t09kjdd31e6iws4zh,0.4,43.0,0.7619047619047619,0.7659574468085106,0.25333333333333335,2.19429,0.454321,0.858472,-0.3078558462758409
mturk,yr5vu6xys2fnolxie1e30c7h,0.5222222222222223,43.0,1.0,0.2978723404255319,0.28,9.59859,0.709497,0.436064,0.23868916626875394
mturk,z2y2avzhhdgfqg8idm03titm,0.6,54.0,0.9814814814814815,0.6285714285714286,0.2,8.013355,0.4823015,0.985131,-0.3426593727479799
mturk,z4quosqgyjnj8vmg4rc84q3i,0.5777777777777777,42.0,1.0,0.5833333333333333,0.28,10.70205,0.7657134999999999,0.885323,-0.07244509736762333
mturk,zakt1hcsgy0eh24ehvvxnf3b,0.5111111111111111,43.0,1.0,0.5319148936170213,0.32,4.758465,0.9465875,0.8565754999999999,0.049918947981962856
mturk,zaz4ydbrsd4x6rstq0t1d95s,0.5888888888888889,56.0,0.8181818181818182,0.8529411764705882,0.21333333333333335,2.821885,0.2999575,0.9533045,-0.5213171707113118
mturk,zhyatjv91vue1ejply55efv6,0.34444444444444444,34.0,0.696969696969697,0.4642857142857143,0.4,0.960533,0.29648050000000004,0.37750150000000005,-0.12021240923348102
mturk,zwbaaowabh4qdkku0tqsmyc7,0.4666666666666667,45.0,0.7333333333333333,0.7954545454545454,0.26666666666666666,1.392305,0.5255835,0.783706,-0.19714700224816592
mturk,zwmgj98ty8oq9j77mhqho8gx,0.36666666666666664,33.0,0.9090909090909091,0.9642857142857143,0.29333333333333333,3.91969,0.67583,0.9577625000000001,-0.1725843501362794
prolific,02hfkd0x4jtnoiwsds69adoq,0.6777777777777778,80.0,0.475,0.5555555555555556,0.17333333333333334,4.54636,0.07695175,0.008915365,0.7923450671424096
prolific,0do1x8qmwi6ok206agh1xqwb,0.6444444444444445,57.0,1.0,0.6060606060606061,0.24,11.0869,0.6784665,0.9716145,-0.17765673321491493
prolific,0imgqq6qokryvins8vmkeh7v,0.5666666666666667,50.0,0.88,0.9743589743589743,0.21333333333333335,2.810735,0.7872325,0.947144,-0.09220114548369399
prolific,0kw0yjeyfmbqohivbcjol0y4,0.5777777777777777,50.0,0.86,0.7948717948717949,0.2,3.916325,0.353218,0.9651915,-0.46417558429304395
prolific,0tztck6s2pmdsciuznilgj90,0.5333333333333333,47.0,0.9565217391304348,0.6511627906976745,0.28,4.325089999999999,0.813617,0.8378595,-0.014679288503348334
prolific,0vl2swi8jsl18qhae18l9lfn,0.7333333333333333,53.0,1.0,0.6216216216216216,0.2,11.79215,0.783912,0.8127504999999999,-0.01806173815693666
prolific,12c8bstpywx1b84b0gh2tof4,0.6,46.0,0.9782608695652174,0.6046511627906976,0.24,9.379380000000001,0.48700699999999997,0.8474254999999999,-0.2700912185517064
prolific,1i545xikf02ck7ekr6psckaq,0.5222222222222223,37.0,0.8055555555555556,0.7735849056603774,0.25333333333333335,2.7385,0.7559845000000001,0.7043885,0.03533069975958202
prolific,1id28gbzeshkr8a3rjqtu7gm,0.5777777777777777,53.0,0.8076923076923077,0.9459459459459459,0.2,3.826595,0.34174550000000004,0.926258,-0.4609707307590239
prolific,1sxr2nbpa4aj8f9ggyd14vjn,0.45555555555555555,48.0,0.3617021276595745,0.9523809523809523,0.25333333333333335,1.574,0.5313755,0.8407724999999999,-0.22548369417876202
prolific,1u2wyleqh3t6iqx93tokdv0k,0.6555555555555556,54.0,0.9811320754716981,0.9166666666666666,0.12,8.05582,0.6149835,0.9876355,-0.23252688255911105
prolific,25fuwx9wj8mwr4avjszslbbx,0.6333333333333333,53.0,0.9056603773584906,0.7222222222222222,0.2,4.436030000000001,0.460594,0.785183,-0.26055144700857374
prolific,2g95z4j2bkkzbjeeh5wex9qe,0.43333333333333335,35.0,0.8285714285714286,0.7777777777777778,0.22666666666666666,2.47781,0.81553,0.9832375,-0.09323467318594539
prolific,2leyyrsxpwbmugus6n9l7hgm,0.5777777777777777,56.0,0.8363636363636363,0.8823529411764706,0.22666666666666666,2.8034100000000004,0.76031,0.9600299999999999,-0.11609333038817903
prolific,2sdnu1yjjuxyew3zpe8nwlhb,0.5888888888888889,51.0,0.98,0.20512820512820518,0.29333333333333333,8.74334,0.27242849999999996,0.34314,-0.11487186235163112
prolific,354ipv8jxmf3sgg4kl6iwjyg,0.5777777777777777,53.0,1.0,0.7297297297297297,0.2,13.05685,0.6150599999999999,0.872657,-0.17314919436962814
prolific,3qz20dlryiffihwsltdnk6cn,0.32222222222222224,38.0,0.7567567567567568,0.15384615384615385,0.2,-5.700245,0.9806805000000001,0.102824,0.8102010651547824
prolific,3yg7loing1p7y2bbmo5b777o,0.4,37.0,0.9722222222222222,0.5471698113207547,0.30666666666666664,4.365069999999999,0.7209615,0.8433710000000001,-0.0782503080387322
prolific,4558saz9j220kta4eyyti4lz,0.6222222222222222,50.0,1.0,0.41025641025641024,0.21333333333333335,17.182,0.8671115,0.771352,0.05844469528921455
prolific,465libnx33ipciqmfy8yh88w,0.6444444444444445,55.0,1.0,0.3142857142857143,0.24,5.86575,0.810441,0.602995,0.1467671688000023
prolific,4kfljupnt4llnjgshhe5xho5,0.5666666666666667,45.0,1.0,0.24444444444444446,0.25333333333333335,6.608695,0.8672495,0.435439,0.33147640437449166
prolific,4szus5mziv7x6mwgfpa0oiq8,0.4222222222222222,40.0,0.925,0.6122448979591837,0.3466666666666667,8.110994999999999,0.220225,0.955872,-0.6254985770731496
prolific,4vw992lb5egmeaykdxcetamb,0.4888888888888889,39.0,1.0,0.8431372549019608,0.25333333333333335,10.3198,0.8001115,0.992999,-0.10757145195457836
prolific,54j8pa9apq5tj4fkft6dso0v,0.7222222222222222,60.0,0.9661016949152542,0.5,0.12,4.8813949999999995,0.6470685,0.695669,-0.03619508653031581
prolific,54ju60u1l79ogrexh490fh3s,0.6555555555555556,55.0,0.9629629629629629,0.9714285714285714,0.14666666666666667,5.02557,0.8663225,0.9714015,-0.057178879962388275
prolific,5a7qv48urh69t3za7xww81ue,0.5111111111111111,37.0,0.7777777777777778,0.5849056603773585,0.36,8.81111,0.22751549999999998,0.7420614999999999,-0.530691218954245
prolific,5m3nhzzzppo3vc3k6if20tnm,0.4111111111111111,42.0,0.6097560975609756,0.6875,0.30666666666666664,1.456275,0.7325225,0.9657294999999999,-0.1373217873436922
prolific,5moe0thth6evd7ri4hpzlxwm,0.5777777777777777,55.0,0.9814814814814815,0.7142857142857143,0.2,6.652775,0.8491895,0.991957,-0.07754271591098261
prolific,5tqi72vno74hjnv7elkchmn7,0.5,46.0,0.9555555555555556,0.5454545454545454,0.32,4.546645,0.484757,0.649466,-0.14521747487046197
prolific,5vlapy2kltynt6q6usdmw53x,0.4222222222222222,46.0,0.7555555555555555,0.7272727272727273,0.29333333333333333,2.00892,0.646992,0.9635555,-0.19655645052381254
prolific,65z4s3erqhtq0y32l4ud5c77,0.7666666666666667,62.0,1.0,0.3571428571428571,0.18666666666666668,10.8042,0.894344,0.486142,0.29569441486548936
prolific,6ueltttfobtmc33ejn29z66s,0.6555555555555556,56.0,0.8545454545454545,0.7647058823529411,0.17333333333333334,3.173315,0.6110895000000001,0.897868,-0.1900507469560938
prolific,77drfp2k71bu1i898kgrkloj,0.6555555555555556,48.0,0.9787234042553191,0.5238095238095238,0.25333333333333335,8.419875000000001,0.4971355,0.7671509999999999,-0.21357144919288462
prolific,7ezim729gp6n5w6uep9hptuu,0.6222222222222222,53.0,0.9807692307692307,0.5675675675675675,0.14666666666666667,5.286265,0.919562,0.9818365,-0.03275194547592207
prolific,7onu45df12zkrxfc750nn4sa,0.5666666666666667,50.0,0.9591836734693877,0.75,0.25333333333333335,8.479595,0.39348799999999995,0.8563540000000001,-0.3703396109268212
prolific,7sw6swyfiqm06ookrrxv1ejk,0.32222222222222224,30.0,0.6666666666666666,0.6949152542372881,0.29333333333333333,1.1457,0.577635,0.663359,-0.06907688514207161
prolific,84vog25x6i4fgbjucffyhd5p,0.5111111111111111,44.0,1.0,0.3913043478260869,0.26666666666666666,10.1903,0.79141,0.998458,-0.11567780417326866
prolific,8lfe345vgkvurp8du9sfe3cu,0.7888888888888889,56.0,0.9821428571428571,0.5757575757575757,0.10666666666666667,9.729285,0.5745635,0.7873135,-0.15621821941335376
prolific,8p2ni1ijdad6gblaeiq7rgzi,0.7111111111111111,59.0,1.0,0.3548387096774194,0.21333333333333335,8.79941,0.785106,0.5597430000000001,0.1675749470758426
prolific,9k89ceqjj2pul71i5uhx7kt5,0.7777777777777778,60.0,1.0,0.8666666666666667,0.12,11.914200000000001,0.7803625000000001,0.9757245000000001,-0.11124847459152082
prolific,9kzs2lfi4bmyk5xz03ck58ne,0.6222222222222222,55.0,0.8363636363636363,0.9705882352941176,0.17333333333333334,5.990625,0.42461,0.956868,-0.3852815607631827
prolific,9s73oel30gm6y0mvrbrhg5sl,0.6555555555555556,54.0,0.9811320754716981,0.5555555555555556,0.16,4.594165,0.7076705,0.7475799999999999,-0.027424488086415316
prolific,a2v38wfhjdt19iwmixx5ubbn,0.7333333333333333,78.0,0.6363636363636364,0.25,0.13333333333333333,-3.020505,0.0102288,0.215127,-0.909220885373263
prolific,a4sq9uovavhzmy3ugpw14nes,0.5,50.0,1.0,0.32499999999999996,0.30666666666666664,11.33745,0.9230259999999999,0.5679000000000001,0.2381915668517417
prolific,acyid5qbf3sxlj6irj8rue2i,0.43333333333333335,33.0,0.6363636363636364,0.6428571428571428,0.32,1.90091,0.8643755,0.9040555,-0.022437969024519503
prolific,adledzgxw4grcbjza71kl0bz,0.6333333333333333,57.0,0.9821428571428571,0.7575757575757576,0.2,8.555215,0.6024775,0.9920005,-0.24429499811223482
prolific,as4opn0p6i53xieis0t6eqgj,0.6111111111111112,56.0,0.9818181818181818,0.7941176470588236,0.17333333333333334,5.010345,0.8378615,0.9775465,-0.07694413597384166
prolific,aw52ysj006w4svfzx022ho6a,0.6888888888888889,62.0,1.0,0.9642857142857143,0.2,6.65958,0.8653785,0.9656819999999999,-0.05477891090982514
prolific,b50ed6wgqvfuz39mn3dw9s5i,0.6777777777777778,59.0,1.0,0.29032258064516125,0.24,7.197625,0.8793124999999999,0.46280849999999996,0.3103326749227529
prolific,b6ntfmchp7gcv2hhdnmy8dcx,0.5111111111111111,41.0,1.0,0.6458333333333333,0.36,6.5983149999999995,0.8588155,0.9695754999999999,-0.06057785233027289
prolific,bd1lnrnygthu88n7uhqouupu,0.6555555555555556,52.0,1.0,0.368421052631579,0.17333333333333334,14.08275,0.40144100000000005,0.830994,-0.348540085278331
prolific,bgdbxmyihscd8j5yck7zpncx,0.4444444444444444,39.0,0.6578947368421053,0.6666666666666667,0.3333333333333333,1.901715,0.66866,0.566296,0.08288878308215031
prolific,bglkgiekgvpk66wserkvszvn,0.7222222222222222,61.0,1.0,0.9310344827586207,0.17333333333333334,10.57865,0.801428,0.9620865000000001,-0.09110132068661757
prolific,bpx7zoh3jy0thvu8qzq8lf0w,0.6555555555555556,57.0,0.9649122807017544,0.5625,0.17333333333333334,8.956890000000001,0.1372625,0.949683,-0.7474344389852112
prolific,brbcu0xzd02uqsem1xrt52wr,0.7333333333333333,58.0,1.0,0.5,0.17333333333333334,7.617095,0.9259364999999999,0.615759,0.20119245337357475
prolific,bzkr2dox2xt1y9h4s7wpssde,0.6555555555555556,54.0,1.0,0.9714285714285714,0.17333333333333334,10.87745,0.7711695000000001,0.986228,-0.12237328208330779
prolific,c0vajovs4eeyqef7vqaq0ae3,0.5444444444444444,38.0,0.9459459459459459,0.6730769230769231,0.32,5.86322,0.4995995,0.8703395,-0.27062518842079836
prolific,clbuh3a2585h6gnz793fuy9c,0.5555555555555556,54.0,0.5660377358490566,0.6388888888888888,0.22666666666666666,1.41478,0.6355815,0.840032,-0.13855287986996592
prolific,cng3i38r1jvcidbz5s9p6pw8,0.5,51.0,0.803921568627451,0.8947368421052632,0.22666666666666666,2.0943050000000003,0.8704495000000001,0.8926855,-0.012611626449477732
prolific,cwgfb4shdtmzip7h3libx8if,0.45555555555555555,40.0,0.8,0.7959183673469388,0.28,4.937765,0.214198,0.733082,-0.5477620133434676
prolific,cyf4lwt71hzndc26n3gok5gn,0.5222222222222223,47.0,0.5869565217391305,0.8372093023255813,0.3333333333333333,1.83897,0.718026,0.671659,0.03336511511601553
prolific,d4kdo4b2j6sp5t7p2c7ay6u2,0.6555555555555556,58.0,0.9824561403508771,0.9375,0.18666666666666668,8.59893,0.5242305,0.9458770000000001,-0.2868133792936911
prolific,d548x9pit2z980gmf8mcce2g,0.6111111111111112,56.0,0.8909090909090909,0.9705882352941176,0.22666666666666666,3.673635,0.6974005000000001,0.9446525,-0.15057492054154153
prolific,d9hniznzrxs4dgpe5u2oh4gp,0.7111111111111111,57.0,1.0,0.4242424242424242,0.18666666666666668,9.69721,0.596669,0.6617649999999999,-0.051727782307216696
prolific,ddmw598i3zvxrzwq9tinro14,0.6,45.0,1.0,0.2954545454545454,0.29333333333333333,5.37665,0.940293,0.9182605,0.011854649328093061
prolific,dduz8pfhwdmhubex0xukns3v,0.6777777777777778,58.0,0.9824561403508771,0.75,0.14666666666666667,4.263915,0.917427,0.9846239999999999,-0.03532870569716583
prolific,dfr3ft3vadd2ecq1pqhkiiid,0.5777777777777777,50.0,0.7551020408163265,0.975,0.17333333333333334,2.19395,0.7016175,0.9658045,-0.15844039481307068
prolific,drsp05u7fyun1p5gbhu3a7r9,0.5333333333333333,47.0,0.8695652173913043,0.9767441860465116,0.26666666666666666,3.1621750000000004,0.8767295,0.938014,-0.03377033724049705
prolific,dz9dqzx96f5jbaaue75gaip4,0.4111111111111111,42.0,0.42857142857142855,0.8085106382978724,0.3333333333333333,1.30381,0.8766775,0.8716619999999999,0.0028687220073675976
prolific,e0nvk8pb717u3eqm3wsl2gkf,0.5,41.0,0.8292682926829268,0.8333333333333334,0.30666666666666664,2.2737100000000003,0.967212,0.9431700000000001,0.012584917571459476
prolific,ef4f7206jrf8matkgc345hmc,0.6111111111111112,46.0,1.0,0.41860465116279066,0.25333333333333335,10.9237,0.9156905,0.8381765,0.04419605363462564
prolific,ehwkf4wl2iz2imaw3cx7ysx3,0.6888888888888889,50.0,1.0,0.5128205128205128,0.25333333333333335,13.03585,0.9027719999999999,0.7745805,0.07642490174247804
prolific,emabcgvxonq2ef9by0gz9zgi,0.4111111111111111,40.0,0.85,0.7959183673469388,0.30666666666666664,3.2081049999999998,0.3937815,0.9634915,-0.4197460643510922
prolific,evqas6s8izco827tpqjvoxcj,0.6666666666666666,58.0,0.9473684210526315,0.96875,0.18666666666666668,4.443675,0.6841765,0.9500985,-0.16271557724373192
prolific,f9xjoighh0qfwmm86mqyv5f5,0.6111111111111112,55.0,0.9629629629629629,0.48571428571428577,0.32,7.180915000000001,0.5675835,0.250374,0.3878068237041656
prolific,ff6kgadu0qjiwk84rukj1h84,0.32222222222222224,40.0,0.9487179487179487,0.19999999999999996,0.56,2.96687,0.865005,0.572392,0.20357145590257947
prolific,fiqso5uscn2zlqereap76xmw,0.5222222222222223,42.0,0.6829268292682927,0.7916666666666666,0.29333333333333333,2.50484,0.8603565,0.537971,0.23055078298896362
prolific,fuqsuj8ayzevglbwkk56ps6r,0.6333333333333333,49.0,0.9591836734693877,0.95,0.13333333333333333,5.74901,0.551705,0.972869,-0.2762502836858034
prolific,g5eqvctv9id6b9ptz7kpkpcs,0.6777777777777778,52.0,1.0,0.5526315789473684,0.2,6.53161,0.8159175000000001,0.707379,0.07125237929713624
prolific,gg3va1kde4m54v1ewawz8bo7,0.6666666666666666,50.0,1.0,0.5128205128205128,0.21333333333333335,7.56489,0.715268,0.7732380000000001,-0.038945089908942306
prolific,gm54uazasq1wwy757lnxv8a7,0.6222222222222222,57.0,0.8070175438596491,1.0,0.18666666666666668,3.068055,0.8704465,0.9296925,-0.03291190291416386
prolific,grkd2z4k0wsugzpaadomco2b,0.6444444444444445,56.0,0.9636363636363636,0.47058823529411764,0.22666666666666666,10.1922,0.30776499999999996,0.7667935,-0.42717869711141837
prolific,gt2taip1p76tvaqyb4294t47,0.6555555555555556,56.0,0.9272727272727272,0.4411764705882353,0.18666666666666668,5.885505,0.9364395,0.4533195,0.3476286176236312
prolific,h3s7f80w8xa29f1pe7wotkx8,0.4777777777777778,46.0,0.9130434782608695,0.5116279069767442,0.25333333333333335,5.218439999999999,0.365042,0.9875765,-0.4602439638375492
prolific,h5hs7yvdwt3561x7r3lb2ic3,0.45555555555555555,40.0,0.425,0.8775510204081632,0.29333333333333333,2.65203,0.28576500000000005,0.831536,-0.48847266761597813
prolific,hhlynjf4hzepmv9w0mbcxqr6,0.5333333333333333,46.0,0.9333333333333333,0.6590909090909092,0.28,5.39834,0.4430725,0.7854315000000001,-0.2786795972988286
prolific,hrbrgwqw7co5zozydcd3fgrz,0.6666666666666666,55.0,1.0,0.8285714285714285,0.24,12.2179,0.6123375,0.919708,-0.20062752705451634
prolific,i0ugmx5o8r0kmwjzjg0izrr6,0.6222222222222222,52.0,0.9607843137254902,0.9210526315789473,0.17333333333333334,8.49418,0.4217785,0.9756125,-0.3963343115849465
prolific,i25gjxbngzv1icp6foea9h68,0.6666666666666666,58.0,0.9824561403508771,0.71875,0.24,5.00756,0.775366,0.900969,-0.07492714761667568
prolific,i6affm1b3nhuvqtt5axqrbx9,0.4111111111111111,42.0,0.8048780487804879,0.6041666666666667,0.14666666666666667,2.4830449999999997,0.5258385,0.9367829999999999,-0.28096435065394565
prolific,i7go7bwvda0otq6epxskd21k,0.5777777777777777,45.0,0.75,0.9333333333333333,0.21333333333333335,2.5785150000000003,0.4970465,0.888261,-0.2824026434564167
prolific,ii6vjnrw5osveykviroi5sjs,0.6888888888888889,69.0,0.6956521739130435,0.65,0.13333333333333333,1.7981099999999999,0.6425244999999999,0.5815195,0.049838894680256575
prolific,jakm2wy22dv5pig2gfe7sip6,0.6444444444444445,50.0,0.96,0.9743589743589743,0.17333333333333334,7.983155,0.4123535,0.969718,-0.40328195755429447
prolific,jenzwgz5xzbpfou39t519cbq,0.5888888888888889,49.0,0.9583333333333334,0.6341463414634146,0.22666666666666666,6.94259,0.27080499999999996,0.935415,-0.5509857239972807
prolific,jfvqy4bcxgd0018eo9v0aemz,0.6555555555555556,60.0,1.0,0.3793103448275862,0.26666666666666666,17.92885,0.8912945000000001,0.7325195,0.09777905597562289
prolific,jnabdy80h0q1gk2nwhrpcq4c,0.7333333333333333,54.0,0.9811320754716981,0.38888888888888884,0.16,10.1059,0.30320800000000003,0.487607,-0.2331759008111884
prolific,jpjqotrhlpgroq452sz8q1pp,0.6444444444444445,49.0,0.9795918367346939,0.95,0.18666666666666668,7.55847,0.5246934999999999,0.962578,-0.2944213615335197
prolific,jsiz28uvujubuu9fh299yt2x,0.6888888888888889,59.0,0.9655172413793104,0.5806451612903225,0.2,4.734875000000001,0.929558,0.7226585,0.12522541688695157
prolific,jsqd8nqe3yz1wf39o073cupk,0.7222222222222222,59.0,0.9655172413793104,0.25806451612903225,0.16,9.477855,0.726245,0.3093875,0.4025148882446235
prolific,jwf8igqmhrzi0d5auaw283ge,0.5555555555555556,48.0,0.9574468085106383,0.40476190476190477,0.26666666666666666,2.91093,0.9726195,0.9275145,0.023737799544663665
prolific,k20lt88h187bwdhylafnqt2u,0.5333333333333333,45.0,0.7727272727272727,0.6444444444444444,0.29333333333333333,4.02104,0.239637,0.6929935,-0.48610516169050877
prolific,k4r8vpzt3fw549gr1ud5u95y,0.5666666666666667,51.0,0.84,0.9743589743589743,0.26666666666666666,4.849925000000001,0.474679,0.8833085,-0.30090814532534355
prolific,k9loevk12co5ni85iv4n1nhy,0.4777777777777778,36.0,0.8571428571428571,0.5925925925925926,0.28,2.66988,0.366745,0.963299,-0.4485220037833335
prolific,ko9z51q0qculkdsls68k4ph7,0.5111111111111111,44.0,0.7954545454545454,0.6222222222222222,0.29333333333333333,2.0279499999999997,0.887238,0.9010294999999999,-0.007712213077741422
prolific,kwiconcwj088eqixqr19bdvk,0.4888888888888889,42.0,0.926829268292683,0.6041666666666667,0.3466666666666667,4.349145,0.8598825,0.9250609999999999,-0.03651572164609128
prolific,l3dgmgy4ntgblrflll7epil4,0.7333333333333333,62.0,0.9838709677419355,0.5185185185185186,0.14666666666666667,8.063345,0.7386165,0.8341985,-0.06077129223716709
prolific,lfefipdfxe5vmdz550ub6rab,0.5333333333333333,44.0,0.7674418604651163,0.6086956521739131,0.21333333333333335,2.3732249999999997,0.9391054999999999,0.6960405000000001,0.14865033458785934
prolific,lhrpsrhtf4ubnk9dev13a55u,0.5222222222222223,51.0,0.7843137254901961,0.6578947368421053,0.36,3.858625,0.7984469999999999,0.5610595,0.17461299375913236
prolific,ln0nrlca6tvkni2ac7xi7h7p,0.6666666666666666,49.0,0.9166666666666666,0.2195121951219512,0.13333333333333333,9.15681,0.18200349999999998,0.6251450000000001,-0.5490210289680276
prolific,m1nml3stwvbiv4tyez8791cz,0.7444444444444445,59.0,1.0,0.6774193548387097,0.14666666666666667,14.9725,0.4600255,0.8270775,-0.2851768661870884
prolific,m2d9cakvpjzfvssrwsue1l8x,0.7,57.0,0.8571428571428571,0.8787878787878788,0.16,3.006635,0.938636,0.921921,0.008983868809179205
prolific,m4wzuj1s8ja9agm0qoc2xj95,0.6666666666666666,58.0,0.9137931034482759,0.967741935483871,0.2,4.0367049999999995,0.9085565,0.945525,-0.019938983264759375
prolific,mg7hs29j7m7upg6e67lt7xnc,0.5666666666666667,47.0,0.9782608695652174,0.5116279069767442,0.28,7.44238,0.7325615,0.7230965,0.0065022141189757104
prolific,miokf3xp31sodz9fu1ooo8rv,0.5,44.0,1.0,0.4,0.3333333333333333,8.32647,0.931704,0.6942775000000001,0.1460204190515082
prolific,mkx1kg37cbbam013vv3o4d5n,0.7777777777777778,62.0,1.0,0.6785714285714286,0.17333333333333334,8.526454999999999,0.6201865,0.808514,-0.13181734030330358
prolific,ml99dlvnxomrv0ljb817mo1s,0.6666666666666666,53.0,1.0,0.6216216216216216,0.2,6.645910000000001,0.9075305,0.862977,0.025164253752102166
prolific,mn3egk3kcwj6f1iqo6txxdc8,0.4777777777777778,39.0,0.9743589743589743,0.78,0.37333333333333335,8.270105000000001,0.6948989999999999,0.03395695,0.9068212312734774
prolific,mw91qbdbkogx67zcyhafmq4o,0.7111111111111111,53.0,0.9807692307692307,0.43243243243243246,0.16,8.49382,0.5575650000000001,0.580951,-0.020540774130534754
prolific,mx811ate6r8f9iz7i54tx8qh,0.5333333333333333,46.0,0.9777777777777777,0.2954545454545454,0.30666666666666664,6.947975,0.8421799999999999,0.536335,0.2218655582275129
prolific,mzbjh9jcagvog8amt8gmj6l9,0.6555555555555556,56.0,0.9636363636363636,0.2941176470588235,0.16,3.433665,0.5160045,0.959974,-0.30079672569756266
prolific,ne5nmyju0k0oi4ez7ql5rkbc,0.4222222222222222,43.0,0.7674418604651163,0.6086956521739131,0.28,1.95933,0.374658,0.9485520000000001,-0.43371346951731027
prolific,neoj5f2tsstve521cz90zd7y,0.5888888888888889,53.0,0.8461538461538461,0.8378378378378378,0.17333333333333334,5.507054999999999,0.23827900000000002,0.9455685,-0.5974498404566466
prolific,o1tws8uglfy7iud0zcdhb0of,0.4222222222222222,33.0,0.9393939393939394,0.6785714285714286,0.3466666666666667,4.008185,0.9048285,0.923359,-0.010135995350586307
prolific,o6kb7svqlmiv784yyvo82og9,0.43333333333333335,40.0,0.46153846153846156,0.76,0.3466666666666667,2.0402199999999997,0.2845925,0.8552325000000001,-0.500638255872612
prolific,obyyqp9qfruwsd0srd1za801,0.28888888888888886,31.0,0.9032258064516129,0.22413793103448276,0.2,-21.7193,0.0015407749999999999,0.0551598,-0.9456522266308587
prolific,ofrox51pmggtdf039k1xu98q,0.7888888888888889,61.0,1.0,0.5714285714285714,0.12,6.63626,0.761638,0.8071025000000001,-0.028981530087353526
prolific,og5eiqhl4ell3pvt7e47zjx1,0.6,48.0,0.9166666666666666,0.5609756097560976,0.17333333333333334,5.061495,0.32640349999999996,0.6980230000000001,-0.36275857760415225
prolific,ozklnmnvkoeg9rhy7e65pj31,0.5333333333333333,48.0,0.8936170212765957,0.9047619047619048,0.2,3.716875,0.7987755,0.9675425,-0.0955473476463468
prolific,p63k33kd0va3yr9hsisv7nza,0.5444444444444444,44.0,0.9767441860465116,0.9130434782608696,0.25333333333333335,5.6513100000000005,0.7881635,0.977624,-0.10729518699163972
prolific,pfs02c9pkgwibojrw7huyt8j,0.6333333333333333,56.0,0.9090909090909091,0.9117647058823529,0.21333333333333335,4.23816,0.840444,0.9152145,-0.04258829379403801
prolific,pfvcy6m8s0xkkfd9llpty0gt,0.6444444444444445,47.0,1.0,0.4651162790697675,0.24,11.18335,0.803176,0.8190215000000001,-0.009767922833070614
prolific,pinf9kszx4wbdkhy5l1hwa6c,0.5666666666666667,47.0,0.8695652173913043,0.8372093023255813,0.28,3.999505,0.827696,0.980911,-0.08471436857205573
prolific,pj2juz9u4o3412tuhaaon2mx,0.7,74.0,0.5405405405405406,0.5333333333333333,0.22666666666666666,5.63258,0.0665813,0.00384607,0.8907791104509513
prolific,pky1krp9005h74sp6c3uzav9,0.5111111111111111,47.0,1.0,0.2558139534883721,0.29333333333333333,6.438795000000001,0.8603725,0.47371,0.2898340245074798
prolific,po1nb7atf5j4ghhdgotzdk87,0.7555555555555555,55.0,1.0,0.4117647058823529,0.16,14.7483,0.9120375000000001,0.7944045,0.06893466053929762
prolific,prixwwn7ldvehxeuaw036cka,0.5444444444444444,42.0,0.975609756097561,0.6458333333333333,0.25333333333333335,8.54359,0.45280750000000003,0.8623625,-0.3114084110799364
prolific,ptz9jbgy1fhpy8jo3lpshxna,0.43333333333333335,43.0,0.5,0.9361702127659575,0.30666666666666664,1.394325,0.9270685,0.658771,0.1691832622405987
prolific,pv0jxvb2357a5p0fwzibuqry,0.5444444444444444,49.0,1.0,0.24390243902439024,0.36,7.291605000000001,0.7887295,0.393292,0.3345434072053681
prolific,pydsub3305ez6hew5ads85ge,0.5111111111111111,45.0,0.8222222222222222,0.7272727272727273,0.18666666666666668,8.728584999999999,0.1942835,0.98682,-0.671013590256908
prolific,qcdk2tj1c6i20hiduqjeh67w,0.6111111111111112,45.0,0.9555555555555556,0.5909090909090908,0.17333333333333334,7.301055,0.31259000000000003,0.957994,-0.507958545047002
prolific,qqi5znxg9c08psfg0wbsi1jc,0.4777777777777778,44.0,0.8372093023255814,0.8260869565217391,0.26666666666666666,4.22775,0.2937885,0.957569,-0.5304483331102422
prolific,r8kvfvak4zlrwvn6pisn9vn3,0.6555555555555556,46.0,0.9555555555555556,0.7045454545454546,0.18666666666666668,4.26221,0.9106270000000001,0.6240345,0.18674639326001208
prolific,rajsvfwo2n9j6m1oj6c91rj3,0.6333333333333333,48.0,0.9574468085106383,0.5476190476190477,0.17333333333333334,5.39171,0.735136,0.7456929999999999,-0.0071291148404035365
prolific,rd874rrg3n6blz5e2vmch8ks,0.7111111111111111,56.0,0.9818181818181818,0.5882352941176471,0.12,6.237295,0.81579,0.697405,0.07823512501693435
prolific,res0ruqjbr1gufnelh1gmu11,0.45555555555555555,50.0,0.94,0.5641025641025641,0.32,7.290749999999999,0.492373,0.8333345,-0.25719210308457935
prolific,rlfnbchmxcdnmvh8rchpiker,0.6777777777777778,62.0,0.7377049180327869,1.0,0.17333333333333334,2.828895,0.8889325,0.918871,-0.016560704744735796
prolific,rz9oz1fa9mxw4p8xg1zex3dn,0.6777777777777778,53.0,1.0,0.6111111111111112,0.18666666666666668,6.10439,0.7624975,0.7719765,-0.006177361102240837
prolific,s6dmy269v6v8tq2sxx6ijbsi,0.6333333333333333,55.0,1.0,1.0,0.16,10.7053,0.7797305000000001,0.982199,-0.11491294061425268
prolific,s8xztpmugvi5i1hiiy0caf1l,0.6444444444444445,58.0,1.0,0.53125,0.26666666666666666,9.090795,0.6269155,0.468914,0.14418438269822081
prolific,scx3y6124yw45ct8lh80lxdm,0.4777777777777778,52.0,0.8823529411764706,0.4736842105263158,0.36,2.3104750000000003,0.9651025,0.935712,0.015462055871312
prolific,sfcoka8iitssmd15lnc8mb23,0.6,50.0,0.8163265306122449,0.85,0.21333333333333335,5.05565,0.2709205,0.970925,-0.5636808282511794
prolific,siqr7b26o4dl4t1qe59wdsyk,0.4111111111111111,37.0,0.7027027027027027,0.9230769230769231,0.3333333333333333,2.2530900000000003,0.4545785,0.944753,-0.3502919072428513
prolific,swq3fvf9fr79ha3hyl3pseuu,0.4444444444444444,40.0,0.48717948717948717,0.92,0.30666666666666664,7.03383,0.1424415,0.8019435,-0.6983401896472308
prolific,t1yzez4ovd27jbq0hyrpx1lm,0.5444444444444444,53.0,0.9056603773584906,1.0,0.24,3.526835,0.833599,0.9806425,-0.08104957360968756
prolific,tblx1m7ct4qr442pn677n41o,0.5555555555555556,50.0,1.0,0.8,0.22666666666666666,10.27785,0.7953669999999999,0.9500455,-0.08862002535217323
prolific,tgt0ui62axqihws96b9rp7q7,0.6222222222222222,53.0,0.9811320754716981,0.8055555555555556,0.28,7.53601,0.7381965,0.9042705,-0.1011125337678017
prolific,tmm6coys6dyyzbvl87at5f2z,0.5444444444444444,46.0,1.0,0.9090909090909091,0.25333333333333335,10.7889,0.790197,0.9846305,-0.10955064647127674
prolific,u3985tl25civw7cwkponfq3v,0.6888888888888889,55.0,1.0,0.6571428571428571,0.17333333333333334,5.82496,0.9367650000000001,0.7204305,0.1305425340582931
prolific,u4hewdfbi95vkie80f4arixr,0.6111111111111112,50.0,1.0,0.5,0.28,11.10685,0.680936,0.9352400000000001,-0.15734919959212368
prolific,u4llbg249clqj7gecwc19dj2,0.4444444444444444,31.0,0.7096774193548387,0.6379310344827587,0.25333333333333335,4.589345,0.16642400000000002,0.9448624999999999,-0.7004840785881948
prolific,u5gp53g7omv2ivz6ce9napx8,0.5333333333333333,54.0,0.9433962264150944,0.8333333333333334,0.3333333333333333,4.311109999999999,0.4870005,0.9268545,-0.31110262367781705
prolific,u8ugvmr32frcnzlceuo67kt0,0.6666666666666666,58.0,0.9824561403508771,0.8125,0.2,4.565245,0.718116,0.9787330000000001,-0.15358879900332917
prolific,ucftdalpyct4hvytx6pvkp3n,0.5444444444444444,51.0,0.9019607843137255,0.8157894736842105,0.3466666666666667,4.30215,0.476916,0.8774255,-0.29572268146549446
prolific,ulg8tc0zx06x1i6z1sgm5t4z,0.5888888888888889,42.0,1.0,0.5833333333333333,0.24,13.51915,0.5305145,0.788332,-0.19548711696167828
prolific,uuh7v8p7kao4kesi6uu6tvw9,0.36666666666666664,36.0,1.0,0.30188679245283023,0.38666666666666666,5.246605000000001,0.6541035,0.604035,0.03979569816836538
prolific,uukqsvy7zzeqfqovqzd1pa64,0.6333333333333333,47.0,0.9574468085106383,1.0,0.2,7.53505,0.399548,0.9676720000000001,-0.4155322479191352
prolific,uy4dfkzf724ww53jtl7euz3e,0.45555555555555555,38.0,0.7368421052631579,0.7254901960784313,0.30666666666666664,11.8911,0.0508322,0.794805,-0.8797777581213315
prolific,v2h8o96cg4bhv88n2a134lzf,0.6222222222222222,50.0,1.0,0.4,0.17333333333333334,11.94495,0.875769,0.803113,0.043276418473722426
prolific,v9ausuant19jns40jd4luox9,0.5888888888888889,50.0,0.7346938775510204,0.85,0.21333333333333335,2.191845,0.724291,0.9075705000000001,-0.11231314667329306
prolific,vagifv6u15xfnf6u3kh9vq6r,0.5555555555555556,46.0,0.9782608695652174,0.6976744186046512,0.30666666666666664,3.967125,0.885713,0.9393724999999999,-0.029401088332573995
prolific,vjt1f5j28jg0m1mme6atp0jt,0.3333333333333333,30.0,0.9655172413793104,0.09999999999999998,0.3333333333333333,12.835799999999999,0.102201,0.02105335,0.6583755461774777
prolific,w2mr1qy43bjo0tukpzsj8bem,0.5666666666666667,46.0,0.8888888888888888,0.5227272727272727,0.21333333333333335,2.5007599999999996,0.7879985,0.6980695,0.060514727455271256
prolific,wbmh5irelure1ly1hmnbdml3,0.6666666666666666,60.0,0.864406779661017,0.7,0.24,3.777015,0.445515,0.7653445000000001,-0.26413427817182755
prolific,wdioev3k4jeqerrhvrwol0tb,0.5333333333333333,48.0,0.8723404255319149,0.8571428571428572,0.26666666666666666,3.47153,0.592511,0.917351,-0.2151454901176399
prolific,wff878hbkprp629llodp0m48,0.6111111111111112,44.0,0.8372093023255814,0.5652173913043479,0.22666666666666666,3.630415,0.4965755,0.6869700000000001,-0.16086791762547367
prolific,wlj16w5ezr0c3vxwa8kpkei4,0.5222222222222223,41.0,0.975,0.4285714285714286,0.22666666666666666,4.77489,0.8557135,0.9579,-0.05634414388732768
prolific,wqv0k771mdewidtut1vlckwa,0.6,53.0,0.8653846153846154,0.6486486486486487,0.17333333333333334,2.934525,0.916613,0.918343,-0.0009428018982471565
prolific,wxiwvk4ltgldotcyc6r0r4u2,0.6,48.0,0.9787234042553191,0.7380952380952381,0.24,8.478425000000001,0.5349029999999999,0.9803795,-0.29398907464449703
prolific,x0141yy1fat9j4de4yerqoeh,0.6222222222222222,45.0,0.9318181818181818,0.6444444444444444,0.14666666666666667,8.77095,0.23046,0.9766349999999999,-0.6181576429361401
prolific,x0tr8sfr0g0hf2wcinx2sltl,0.5777777777777777,48.0,0.9574468085106383,0.8095238095238095,0.22666666666666666,3.7116,0.855558,0.9698625000000001,-0.06261817482601956
prolific,x9xony0cxtk8q4m0egvrv3p7,0.6111111111111112,53.0,0.8846153846153846,0.8648648648648649,0.2,3.658105,0.737783,0.9655715,-0.133729355809375
prolific,xd78fudntrmkohbpq9cgjdik,0.7222222222222222,55.0,1.0,0.3142857142857143,0.21333333333333335,6.780435000000001,0.9354615,0.5858410000000001,0.22981655522159458
prolific,xlvutciogdrl2r9g45gz7ldl,0.37777777777777777,43.0,0.9534883720930233,0.30434782608695654,0.52,6.881045,0.8082775,0.148449,0.6896730674858488
prolific,xmcftp4w2e52rl9zsgzpyrxh,0.7444444444444445,61.0,0.9833333333333333,0.896551724137931,0.14666666666666667,8.426515,0.57985,0.939411,-0.23666835389047702
prolific,xod95zhzmdzosg5eoygdfe35,0.5333333333333333,43.0,0.9285714285714286,0.9361702127659575,0.25333333333333335,4.398225,0.779574,0.91846,-0.08179223737569452
prolific,xuoje6vh4hw7rm08jc79muav,0.6,52.0,0.8627450980392157,0.8157894736842105,0.28,3.23523,0.7835179999999999,0.6183825000000001,0.11779402318495491
prolific,xus1hcgd5jscu5yugxpbjjus,0.4888888888888889,45.0,1.0,0.7333333333333334,0.18666666666666668,10.5658,0.7857305,0.9938374999999999,-0.1169424264765381
prolific,xvpdzry1jqz4fq3gom48b9c6,0.6111111111111112,76.0,0.4533333333333333,0.7142857142857143,0.18666666666666668,1.111915,0.6678854999999999,0.1515575,0.6300962971188966
prolific,y20qesh4on6pf8bl4d8xnfxw,0.5555555555555556,48.0,0.9791666666666666,0.4390243902439024,0.41333333333333333,8.30753,0.309524,0.3690275,-0.08769194379498091
prolific,y8t2sd3dutbsp5rki7byp72x,0.5555555555555556,49.0,0.7708333333333334,0.9024390243902439,0.21333333333333335,3.2778799999999997,0.30246249999999997,0.9425775000000001,-0.5141320760778771
prolific,yfnacg4i0v7jifyfakxjbd1q,0.34444444444444444,36.0,0.0,0.9814814814814815,0.32,0.208093,0.19289699999999999,0.259065,-0.14640168863754036
prolific,yjylqgzycho9i25v2kjx1lo0,0.6333333333333333,57.0,0.9642857142857143,0.2727272727272727,0.25333333333333335,12.9793,0.2403255,0.27520900000000004,-0.06766472466925111
prolific,ym6mi7m98bwg02h1q56c9brf,0.5,45.0,0.9772727272727273,0.5333333333333333,0.4266666666666667,5.6535899999999994,0.892112,0.458761,0.3207932944103554
prolific,ypz0pdffitn3le2tum2n6vhx,0.4,45.0,0.4444444444444444,0.7045454545454546,0.4,2.1802349999999997,0.4974695,0.400862,0.10754103579803224
prolific,yrfvdu0d1fl5g8994ej278vz,0.6777777777777778,55.0,0.8518518518518519,0.7142857142857143,0.22666666666666666,5.900415000000001,0.2860465,0.76747,-0.45696816328932677
prolific,yy3a6xvbwcgzufjmpng6wb3d,0.4777777777777778,45.0,1.0,0.8409090909090909,0.3466666666666667,10.6928,0.774844,0.9765445,-0.11516605253488878
prolific,z8a14walv6et4id5gwsv4s7t,0.6,56.0,0.9464285714285714,0.9696969696969697,0.17333333333333334,4.16187,0.932875,0.964128,-0.01647493440969781
prolific,zk7jn70yddea3o8731mzpoz6,0.4888888888888889,59.0,0.3103448275862069,0.7096774193548387,0.2,-0.46425249999999996,0.5734305,0.1504595,0.5843028636947603
prolific,zoaj7vekc9hzlt1rxkbt1f5h,0.6111111111111112,70.0,0.4492753623188406,0.65,0.16,0.4694215,0.459376,0.1487075,0.5108977632183738
prolific,zs4sf8n0ws77fp0e0a75jflw,0.6777777777777778,53.0,0.9807692307692307,0.32432432432432434,0.25333333333333335,6.558,0.791489,0.6504725,0.09779491338707724
