"subject","platform","prop_correct","win_stay_rate","lose_stay_rate","WSLS_ratio","reward_rt_diff","RW_symm_eta","RW_symm_beta"
"02hfkd0x4jtnoiwsds69adoq","prolific",0.677777777777778,0.468354430379747,0.444444444444444,0.0261941448382127,0.184864978902954,0.630737334141849,1.25505716473418
"0do1x8qmwi6ok206agh1xqwb","prolific",0.644444444444444,1,0.393939393939394,0.434782608695652,-0.020603354978355,0.971075514023383,7.62919211242288
"0imgqq6qokryvins8vmkeh7v","prolific",0.566666666666667,0.862745098039216,0.0263157894736842,0.940800928612885,-0.279789473684211,0.94071413849328,2.61739998203935
"0kw0yjeyfmbqohivbcjol0y4","prolific",0.577777777777778,0.86,0.205128205128205,0.614829080404429,0.0162651282051282,0.933512053443133,2.4790007653908
"0tztck6s2pmdsciuznilgj90","prolific",0.533333333333333,0.956521739130435,0.348837209302326,0.465530596436871,-0.12396865520728,0.860215512683024,4.10835331211624
"0vl2swi8jsl18qhae18l9lfn","prolific",0.733333333333333,0.981132075471698,0.388888888888889,0.432287681713849,-0.0279748427672956,0.801379281380927,9.54574055950737
"12c8bstpywx1b84b0gh2tof4","prolific",0.6,0.956521739130435,0.395348837209302,0.415108451757666,0.0542143579373104,0.808011088641726,6.28761699297516
"1i545xikf02ck7ekr6psckaq","prolific",0.522222222222222,0.805555555555556,0.226415094339623,0.561198577958355,-0.117231656184486,0.800474331968132,2.57949061973853
"1id28gbzeshkr8a3rjqtu7gm","prolific",0.577777777777778,0.811320754716981,0.0555555555555556,0.871825876662636,0.0430366876310272,0.897001329245409,2.46471504278136
"1sxr2nbpa4aj8f9ggyd14vjn","prolific",0.455555555555556,0.375,0.0487804878048781,0.769784172661871,0.177692581300813,0.837168410402637,1.29414738146091
"1u2wyleqh3t6iqx93tokdv0k","prolific",0.655555555555556,0.962962962962963,0.0857142857142857,0.836528758829465,0.174394708994709,0.975678894185822,5.61768458417033
"25fuwx9wj8mwr4avjszslbbx","prolific",0.633333333333333,0.888888888888889,0.285714285714286,0.513513513513514,0.083021164021164,0.726729085480252,3.57425855980709
"2g95z4j2bkkzbjeeh5wex9qe","prolific",0.433333333333333,0.828571428571429,0.203703703703704,0.605330599692465,-0.0785661375661376,0.977535566619937,2.22864670047098
"2leyyrsxpwbmugus6n9l7hgm","prolific",0.577777777777778,0.833333333333333,0.114285714285714,0.758793969849246,0.0461396825396826,0.951163105572021,2.59519451268583
"2sdnu1yjjuxyew3zpe8nwlhb","prolific",0.588888888888889,0.96,0.794871794871795,0.0940970192869667,0.0123353846153846,0.327432104757727,7.7006663218445
"354ipv8jxmf3sgg4kl6iwjyg","prolific",0.577777777777778,1,0.27027027027027,0.574468085106383,0.0461299376299376,0.856861675031537,8.96686046190634
"3qz20dlryiffihwsltdnk6cn","prolific",0.322222222222222,0.736842105263158,0.843137254901961,-0.0672762900065317,0.0684798761609907,0.578384957034514,0.266681005016028
"3yg7loing1p7y2bbmo5b777o","prolific",0.4,0.944444444444444,0.452830188679245,0.351837959489872,0.280759433962264,0.829254927586409,3.90585980465553
"4558saz9j220kta4eyyti4lz","prolific",0.622222222222222,0.980392156862745,0.605263157894737,0.236576635209893,0.0692884416924664,0.743167620134801,12.5131742559052
"465libnx33ipciqmfy8yh88w","prolific",0.644444444444444,1,0.685714285714286,0.186440677966102,-0.413342328042328,0.65099491965099,6.14743923791385
"4kfljupnt4llnjgshhe5xho5","prolific",0.566666666666667,1,0.755555555555556,0.139240506329114,0.127086868686869,0.501111028349092,7.35646984582935
"4szus5mziv7x6mwgfpa0oiq8","prolific",0.422222222222222,0.902439024390244,0.395833333333333,0.390215264187867,0.0948399390243903,0.855497283390712,2.96167407875691
"4vw992lb5egmeaykdxcetamb","prolific",0.488888888888889,1,0.156862745098039,0.728813559322034,0.108131062951496,0.985268639588041,7.26970913710818
"54j8pa9apq5tj4fkft6dso0v","prolific",0.722222222222222,0.966101694915254,0.5,0.317919075144509,-0.00215367231638419,0.6981236079277,4.62431151655987
"54ju60u1l79ogrexh490fh3s","prolific",0.655555555555556,0.962962962962963,0.0285714285714286,0.942369263607257,0.13191164021164,0.967232048561661,4.59344421002217
"5a7qv48urh69t3za7xww81ue","prolific",0.511111111111111,0.756756756756757,0.423076923076923,0.282819383259912,0.230085758835759,0.818033442087558,3.53308472163201
"5m3nhzzzppo3vc3k6if20tnm","prolific",0.411111111111111,0.609756097560976,0.3125,0.322314049586777,0.298900914634146,0.962990526140594,1.26578447501069
"5moe0thth6evd7ri4hpzlxwm","prolific",0.577777777777778,0.981818181818182,0.294117647058824,0.538977367979883,0.077651871657754,0.987886061721949,5.65315676519884
"5tqi72vno74hjnv7elkchmn7","prolific",0.5,0.955555555555556,0.454545454545455,0.355300859598854,0.0154757575757576,0.619948936118702,3.95999545956888
"5vlapy2kltynt6q6usdmw53x","prolific",0.422222222222222,0.733333333333333,0.272727272727273,0.457831325301205,0.277629292929293,0.959407098492351,1.64460723372074
"65z4s3erqhtq0y32l4ud5c77","prolific",0.766666666666667,0.983606557377049,0.642857142857143,0.209503239740821,0.00337763466042157,0.61006854177939,9.98599001172715
"6ueltttfobtmc33ejn29z66s","prolific",0.655555555555556,0.872727272727273,0.235294117647059,0.575289575289575,0.104458823529412,0.825513332446207,2.88490564603284
"77drfp2k71bu1i898kgrkloj","prolific",0.655555555555556,0.979166666666667,0.48780487804878,0.334949774852788,0.0412992886178862,0.731306721880063,6.24710677143844
"7ezim729gp6n5w6uep9hptuu","prolific",0.622222222222222,0.961538461538462,0.432432432432432,0.379567486950037,-0.067410602910603,0.979012264507235,5.03607972597628
"7onu45df12zkrxfc750nn4sa","prolific",0.566666666666667,0.94,0.256410256410256,0.57136733819117,0.150558461538462,0.792138124422534,5.0138434007014
"7sw6swyfiqm06ookrrxv1ejk","prolific",0.322222222222222,0.67741935483871,0.293103448275862,0.395988538681948,-0.2055,0.911713771840972,0.961238074325283
"84vog25x6i4fgbjucffyhd5p","prolific",0.511111111111111,1,0.630434782608696,0.226666666666667,-0.132072295247725,0.996146159671993,7.19751548162831
"8lfe345vgkvurp8du9sfe3cu","prolific",0.788888888888889,0.982142857142857,0.424242424242424,0.396691035013467,0.0978566017316017,0.777303116325823,7.61219568490982
"8p2ni1ijdad6gblaeiq7rgzi","prolific",0.711111111111111,1,0.625,0.230769230769231,0.0126946271929824,0.582722508162969,9.19116872130235
"9k89ceqjj2pul71i5uhx7kt5","prolific",0.777777777777778,1,0.133333333333333,0.764705882352941,0.101542372881356,0.963837692344494,8.51126321900818
"9kzs2lfi4bmyk5xz03ck58ne","prolific",0.622222222222222,0.836363636363636,0.0294117647058824,0.932056825200741,-0.0418058823529412,0.908889698762861,3.92345869996888
"9s73oel30gm6y0mvrbrhg5sl","prolific",0.655555555555556,0.981132075471698,0.416666666666667,0.403824521934758,0.00739412997903566,0.748823372504339,4.45845824626708
"a2v38wfhjdt19iwmixx5ubbn","prolific",0.733333333333333,0.636363636363636,0.75,-0.0819672131147541,0.0635216450216451,0.0200381551374111,12.1831599302323
"a4sq9uovavhzmy3ugpw14nes","prolific",0.5,0.98,0.692307692307692,0.172033118675253,-0.00998358974358976,0.649365114755935,11.1170670377116
"acyid5qbf3sxlj6irj8rue2i","prolific",0.433333333333333,0.636363636363636,0.357142857142857,0.281045751633987,0.149260281385281,0.936703902529622,1.79961834613736
"adledzgxw4grcbjza71kl0bz","prolific",0.633333333333333,1,0.235294117647059,0.619047619047619,-0.148019786096257,0.986562915823357,5.77300222471363
"as4opn0p6i53xieis0t6eqgj","prolific",0.611111111111111,0.982142857142857,0.212121212121212,0.644766651563208,0.0985784632034632,0.970218673817318,4.56648965471194
"aw52ysj006w4svfzx022ho6a","prolific",0.688888888888889,0.983870967741935,0.037037037037037,0.927442949093037,-0.131673835125448,0.965734620060724,5.97562904277729
"b50ed6wgqvfuz39mn3dw9s5i","prolific",0.677777777777778,0.983050847457627,0.7,0.168177240684794,0.127920338983051,0.543507619111179,7.5217852194378
"b6ntfmchp7gcv2hhdnmy8dcx","prolific",0.511111111111111,0.975609756097561,0.354166666666667,0.467329002674818,0.0999766260162602,0.964959050844476,5.98379234486706
"bd1lnrnygthu88n7uhqouupu","prolific",0.655555555555556,1,0.631578947368421,0.225806451612903,-0.175877708978328,0.86115195182324,7.95879241499864
"bgdbxmyihscd8j5yck7zpncx","prolific",0.444444444444444,0.657894736842105,0.333333333333333,0.327433628318584,0.224626418988648,0.901991754963936,1.41227899811842
"bglkgiekgvpk66wserkvszvn","prolific",0.722222222222222,1,0.0714285714285714,0.866666666666667,-0.102300351288056,0.946531257503304,7.85375538924087
"bpx7zoh3jy0thvu8qzq8lf0w","prolific",0.655555555555556,0.948275862068966,0.451612903225806,0.354787445371474,0.00824972191323695,0.914774206030629,2.75093609075554
"brbcu0xzd02uqsem1xrt52wr","prolific",0.733333333333333,1,0.515151515151515,0.32,-0.424438311688312,0.706453786197,7.61470977897455
"bzkr2dox2xt1y9h4s7wpssde","prolific",0.655555555555556,1,0.0294117647058824,0.942857142857143,0.111986096256684,0.978404401402698,7.77675788634436
"c0vajovs4eeyqef7vqaq0ae3","prolific",0.544444444444444,0.944444444444444,0.320754716981132,0.492957746478873,-0.105964884696017,0.870575146484342,4.11422717644402
"clbuh3a2585h6gnz793fuy9c","prolific",0.555555555555556,0.566037735849057,0.361111111111111,0.221028829847371,0.152858490566038,0.873491538786598,1.18364325745934
"cng3i38r1jvcidbz5s9p6pw8","prolific",0.5,0.788461538461538,0.0810810810810811,0.813508667065153,0.162035862785863,0.933700254565164,1.95140556580767
"cwgfb4shdtmzip7h3libx8if","prolific",0.455555555555556,0.8,0.224489795918367,0.561752988047809,0.0448637755102041,0.42619702255687,3.4161371419163
"cyf4lwt71hzndc26n3gok5gn","prolific",0.522222222222222,0.577777777777778,0.159090909090909,0.568197395476354,0.0404545454545455,0.861049721536491,1.4206914463253
"d4kdo4b2j6sp5t7p2c7ay6u2","prolific",0.655555555555556,0.982758620689655,0.0645161290322581,0.876792352628784,0.24286318131257,0.933520277476489,5.84570390822619
"d548x9pit2z980gmf8mcce2g","prolific",0.611111111111111,0.892857142857143,0.0303030303030303,0.934349355216882,0.0897029220779221,0.930717926626536,3.22852407563119
"d9hniznzrxs4dgpe5u2oh4gp","prolific",0.711111111111111,1,0.59375,0.254901960784314,0.0293163377192983,0.677395310416838,8.75352075082702
"ddmw598i3zvxrzwq9tinro14","prolific",0.6,0.977777777777778,0.704545454545455,0.162413689582708,0.0673818181818182,0.937061782674692,5.18738543617028
"dduz8pfhwdmhubex0xukns3v","prolific",0.677777777777778,0.982456140350877,0.21875,0.635782747603834,-0.205758771929825,0.980672366740776,4.08850633676883
"dfr3ft3vadd2ecq1pqhkiiid","prolific",0.577777777777778,0.755102040816326,0.025,0.935905820797907,0.113604081632653,0.958088941051752,1.97657989863309
"drsp05u7fyun1p5gbhu3a7r9","prolific",0.533333333333333,0.869565217391304,0.0232558139534884,0.947904869762174,0.114386248736097,0.950292237921188,2.95203925505476
"dz9dqzx96f5jbaaue75gaip4","prolific",0.411111111111111,0.441860465116279,0.173913043478261,0.435139573070608,0.0469676440849343,0.932125886500651,1.26961522481891
"e0nvk8pb717u3eqm3wsl2gkf","prolific",0.5,0.829268292682927,0.1875,0.631184407796102,-0.11247256097561,0.972545411395695,2.24297484670775
"ef4f7206jrf8matkgc345hmc","prolific",0.611111111111111,1,0.581395348837209,0.264705882352941,-0.120025278058645,0.837895491237432,9.70664203274903
"ehwkf4wl2iz2imaw3cx7ysx3","prolific",0.688888888888889,1,0.512820512820513,0.322033898305085,-0.0741164102564102,0.766873486111381,11.1087965002526
"emabcgvxonq2ef9by0gz9zgi","prolific",0.411111111111111,0.85,0.224489795918367,0.582146248812916,0.0663229591836735,0.932856186504339,2.02534425521785
"evqas6s8izco827tpqjvoxcj","prolific",0.666666666666667,0.964285714285714,0.0303030303030303,0.939064200217628,-0.130311147186147,0.935595765492375,3.91527839446888
"f9xjoighh0qfwmm86mqyv5f5","prolific",0.611111111111111,0.962962962962963,0.514285714285714,0.303724928366762,0.0875391534391534,0.404447616451371,6.60712045931309
"ff6kgadu0qjiwk84rukj1h84","prolific",0.322222222222222,0.925,0.816326530612245,0.0624084383240551,0.091425,0.808805424897031,2.61799392665307
"fiqso5uscn2zlqereap76xmw","prolific",0.522222222222222,0.682926829268293,0.208333333333333,0.532497149372862,0.136321138211382,0.730842198266704,2.39793184239676
"fuqsuj8ayzevglbwkk56ps6r","prolific",0.633333333333333,0.96,0.0512820512820513,0.898580121703854,0.00325435897435894,0.958962172940796,4.10193778126255
"g5eqvctv9id6b9ptz7kpkpcs","prolific",0.677777777777778,1,0.435897435897436,0.392857142857143,-0.101969230769231,0.740308432740611,6.66245944078641
"gg3va1kde4m54v1ewawz8bo7","prolific",0.666666666666667,0.980392156862745,0.473684210526316,0.34847409510291,0.00239628482972137,0.786585928137398,6.85989757537849
"gm54uazasq1wwy757lnxv8a7","prolific",0.622222222222222,0.821428571428571,0,1,-0.0953035714285715,0.937189453825375,2.96017370065006
"grkd2z4k0wsugzpaadomco2b","prolific",0.644444444444444,0.963636363636364,0.558823529411765,0.26589392342817,-0.0675946524064171,0.776171522800772,5.38781028737628
"gt2taip1p76tvaqyb4294t47","prolific",0.655555555555556,0.910714285714286,0.575757575757576,0.22533673097925,-0.0262943722943723,0.585760227258505,6.04160562608266
"h3s7f80w8xa29f1pe7wotkx8","prolific",0.477777777777778,0.893617021276596,0.5,0.282442748091603,0.0691236068895644,0.952307137444768,2.75236152281625
"h5hs7yvdwt3561x7r3lb2ic3","prolific",0.455555555555556,0.425,0.142857142857143,0.49685534591195,-0.0577091836734694,0.663719813175138,1.63254065803711
"hhlynjf4hzepmv9w0mbcxqr6","prolific",0.533333333333333,0.933333333333333,0.363636363636364,0.439252336448598,-0.0156434343434343,0.740171190689635,4.0692084062492
"hrbrgwqw7co5zozydcd3fgrz","prolific",0.666666666666667,0.981818181818182,0.176470588235294,0.695290858725762,0.224694652406417,0.928065258492329,7.9796062466901
"i0ugmx5o8r0kmwjzjg0izrr6","prolific",0.622222222222222,0.96078431372549,0.0789473684210526,0.848138957816377,0.0391465428276574,0.957141011909285,4.74450453195509
"i25gjxbngzv1icp6foea9h68","prolific",0.666666666666667,0.96551724137931,0.258064516129032,0.578181818181818,0.0856212458286985,0.898022692744482,4.55742204761321
"i6affm1b3nhuvqtt5axqrbx9","prolific",0.411111111111111,0.785714285714286,0.382978723404255,0.344603381014304,-0.241843465045593,0.88548938835955,1.81019451177936
"i7go7bwvda0otq6epxskd21k","prolific",0.577777777777778,0.772727272727273,0.0666666666666667,0.84115523465704,0.134688383838384,0.846352412620321,2.0379537457678
"ii6vjnrw5osveykviroi5sjs","prolific",0.688888888888889,0.710144927536232,0.35,0.339712918660287,0.199186956521739,0.795259514620321,1.47290096234924
"jakm2wy22dv5pig2gfe7sip6","prolific",0.644444444444444,0.979591836734694,0.025,0.950228542407313,0.0807744897959184,0.947890636948511,4.57744974680984
"jenzwgz5xzbpfou39t519cbq","prolific",0.588888888888889,0.957446808510638,0.357142857142857,0.456647398843931,-0.0694468085106383,0.764261599124019,3.86104175175348
"jfvqy4bcxgd0018eo9v0aemz","prolific",0.655555555555556,1,0.642857142857143,0.217391304347826,0.07253981264637,0.718593649343732,13.5138296361585
"jnabdy80h0q1gk2nwhrpcq4c","prolific",0.733333333333333,0.981132075471698,0.611111111111111,0.232389730085583,0.0560120545073376,0.418648422945415,8.05894669913125
"jpjqotrhlpgroq452sz8q1pp","prolific",0.644444444444444,0.96,0.0512820512820513,0.898580121703854,0.0637323076923077,0.937643267604238,4.98915584054641
"jsiz28uvujubuu9fh299yt2x","prolific",0.688888888888889,0.96551724137931,0.451612903225806,0.362637362637363,-0.0735100111234705,0.816549218778081,4.54783331070156
"jsqd8nqe3yz1wf39o073cupk","prolific",0.722222222222222,0.96551724137931,0.741935483870968,0.130944625407166,0.013650723025584,0.414082884312762,9.12292425623694
"jwf8igqmhrzi0d5auaw283ge","prolific",0.555555555555556,0.9375,0.585365853658537,0.231231231231231,0.148036585365854,0.969015903869218,2.85362880072389
"k20lt88h187bwdhylafnqt2u","prolific",0.533333333333333,0.777777777777778,0.340909090909091,0.390519187358916,0.0438535353535353,0.787492336245419,2.14013324475632
"k4r8vpzt3fw549gr1ud5u95y","prolific",0.566666666666667,0.823529411764706,0.0263157894736842,0.938069216757741,0.104164086687307,0.814885136168233,3.55934799804658
"k9loevk12co5ni85iv4n1nhy","prolific",0.477777777777778,0.885714285714286,0.407407407407407,0.369885433715221,0.137366666666667,0.967438866928755,2.02840374638728
"ko9z51q0qculkdsls68k4ph7","prolific",0.511111111111111,0.8,0.386363636363636,0.348659003831418,0.271854545454545,0.94265758894413,1.93427563528831
"kwiconcwj088eqixqr19bdvk","prolific",0.488888888888889,0.95,0.387755102040816,0.420289855072464,0.0561321428571429,0.928700436176032,4.06443336101013
"l3dgmgy4ntgblrflll7epil4","prolific",0.733333333333333,0.984126984126984,0.5,0.32620320855615,-0.0113412698412698,0.834264248043576,7.04856645420998
"lfefipdfxe5vmdz550ub6rab","prolific",0.533333333333333,0.767441860465116,0.391304347826087,0.324607329842932,0.203190596562184,0.894709071600912,2.18916126665087
"lhrpsrhtf4ubnk9dev13a55u","prolific",0.522222222222222,0.769230769230769,0.351351351351351,0.37291280148423,0.218902806652807,0.71029291914414,3.5546682749474
"ln0nrlca6tvkni2ac7xi7h7p","prolific",0.666666666666667,0.916666666666667,0.780487804878049,0.0802395209580838,-0.0713328252032521,0.45299747068649,5.05244536479091
"m1nml3stwvbiv4tyez8791cz","prolific",0.744444444444444,1,0.333333333333333,0.5,0.114597740112994,0.813369035901662,9.44135636158406
"m2d9cakvpjzfvssrwsue1l8x","prolific",0.7,0.842105263157895,0.125,0.741496598639456,-0.31021326754386,0.952774861256648,2.93229123952379
"m4wzuj1s8ja9agm0qoc2xj95","prolific",0.666666666666667,0.913793103448276,0.032258064516129,0.93180482069371,0.168085650723026,0.955727240219432,3.86971487483904
"mg7hs29j7m7upg6e67lt7xnc","prolific",0.566666666666667,0.978260869565217,0.511627906976744,0.313199864268748,-0.0999322548028312,0.73658022296313,7.03902294773707
"miokf3xp31sodz9fu1ooo8rv","prolific",0.5,0.977777777777778,0.613636363636364,0.228816248809902,0.0780671717171717,0.738385507293504,8.65356711482712
"mkx1kg37cbbam013vv3o4d5n","prolific",0.777777777777778,1,0.321428571428571,0.513513513513514,-0.0172412177985949,0.852818686291117,7.01673809443762
"ml99dlvnxomrv0ljb817mo1s","prolific",0.666666666666667,1,0.361111111111111,0.469387755102041,0.0889711740041929,0.880242953866702,6.38370277471067
"mn3egk3kcwj6f1iqo6txxdc8","prolific",0.477777777777778,0.948717948717949,0.22,0.623519087319,0.200297948717949,0.883248013310067,1.3157395212641
"mw91qbdbkogx67zcyhafmq4o","prolific",0.711111111111111,1,0.578947368421053,0.266666666666667,-0.243500515995872,0.588099939629164,7.87150704319999
"mx811ate6r8f9iz7i54tx8qh","prolific",0.533333333333333,0.956521739130435,0.720930232558139,0.140446051838457,0.0216491405460061,0.58647825913855,7.58479421300199
"mzbjh9jcagvog8amt8gmj6l9","prolific",0.655555555555556,0.964285714285714,0.696969696969697,0.160912052117264,-0.281977272727273,0.86409388866321,2.71267042066123
"ne5nmyju0k0oi4ez7ql5rkbc","prolific",0.422222222222222,0.744186046511628,0.391304347826087,0.310774710596616,0.153095045500506,0.958234869225441,1.32017632100899
"neoj5f2tsstve521cz90zd7y","prolific",0.588888888888889,0.862745098039216,0.157894736842105,0.690596562184024,0.0186233230134158,0.804598445713809,2.91751878203109
"o1tws8uglfy7iud0zcdhb0of","prolific",0.422222222222222,0.909090909090909,0.321428571428571,0.477572559366755,0.151524350649351,0.947831887353945,3.87006484195739
"o6kb7svqlmiv784yyvo82og9","prolific",0.433333333333333,0.461538461538462,0.26,0.279317697228145,0.0458569230769231,0.933151420820468,1.08601985915176
"obyyqp9qfruwsd0srd1za801","prolific",0.288888888888889,0.875,0.789473684210526,0.0513833992094862,0.0333020833333333,0.900816019163296,0.154943485972275
"ofrox51pmggtdf039k1xu98q","prolific",0.788888888888889,1,0.448275862068966,0.380952380952381,-0.0476649425287357,0.840637852738621,6.23052970604377
"og5eiqhl4ell3pvt7e47zjx1","prolific",0.6,0.936170212765957,0.452380952380952,0.348412987960598,0.31609219858156,0.657602264445014,3.53974054025289
"ozklnmnvkoeg9rhy7e65pj31","prolific",0.533333333333333,0.91304347826087,0.116279069767442,0.774066797642436,-0.0352694641051567,0.955984009402729,3.34638732036924
"p63k33kd0va3yr9hsisv7nza","prolific",0.544444444444444,0.976744186046512,0.0869565217391304,0.836501901140684,0.148793225480283,0.974864934087056,4.75600531157024
"pfs02c9pkgwibojrw7huyt8j","prolific",0.633333333333333,0.910714285714286,0.0909090909090909,0.818476499189627,0.117583333333333,0.929071848579439,3.92979027933445
"pfvcy6m8s0xkkfd9llpty0gt","prolific",0.644444444444444,1,0.547619047619048,0.292307692307692,-0.00417477203647415,0.795435923556369,9.29451892715392
"pinf9kszx4wbdkhy5l1hwa6c","prolific",0.566666666666667,0.869565217391304,0.162790697674419,0.68462291870715,-0.0395768452982811,0.971814044912744,3.55670392550803
"pj2juz9u4o3412tuhaaon2mx","prolific",0.7,0.540540540540541,0.466666666666667,0.073345259391771,0.0996135135135134,0.60301207567936,0.372558733224307
"pky1krp9005h74sp6c3uzav9","prolific",0.511111111111111,1,0.75,0.142857142857143,-0.0841888888888889,0.599319798079941,6.58287009122782
"po1nb7atf5j4ghhdgotzdk87","prolific",0.755555555555556,1,0.606060606060606,0.245283018867925,0.0591260822510823,0.779542092273297,11.8740662765919
"prixwwn7ldvehxeuaw036cka","prolific",0.544444444444444,1,0.346938775510204,0.484848484848485,-0.0738668367346939,0.850921923153281,5.26800954646098
"ptz9jbgy1fhpy8jo3lpshxna","prolific",0.433333333333333,0.488372093023256,0.0652173913043478,0.764383561643836,0.234908493427705,0.934859542995143,1.2230553930144
"pv0jxvb2357a5p0fwzibuqry","prolific",0.544444444444444,0.979591836734694,0.75,0.132743362831858,0.00413010204081632,0.470197848770497,8.16490599501698
"pydsub3305ez6hew5ads85ge","prolific",0.511111111111111,0.804347826086957,0.27906976744186,0.484834344377041,0.142875631951466,0.915635222724835,2.55303475508205
"qcdk2tj1c6i20hiduqjeh67w","prolific",0.611111111111111,0.955555555555556,0.431818181818182,0.377502730251183,-0.0739363636363636,0.837918836480926,3.50254755720551
"qqi5znxg9c08psfg0wbsi1jc","prolific",0.477777777777778,0.837209302325581,0.195652173913043,0.621145374449339,-0.0153634984833165,0.820685740314754,2.3611650439148
"r8kvfvak4zlrwvn6pisn9vn3","prolific",0.655555555555556,0.956521739130435,0.302325581395349,0.519678714859438,0.0625955510616784,0.728870894351896,4.37782625356435
"rajsvfwo2n9j6m1oj6c91rj3","prolific",0.633333333333333,0.957446808510638,0.452380952380952,0.358246496586417,0.188422492401216,0.752746657202695,5.11648303313876
"rd874rrg3n6blz5e2vmch8ks","prolific",0.711111111111111,0.963636363636364,0.411764705882353,0.401244167962675,-0.054727807486631,0.728933231299773,6.32214334847299
"res0ruqjbr1gufnelh1gmu11","prolific",0.455555555555556,0.94,0.435897435897436,0.366380916884085,0.154283076923077,0.755676799814489,5.45271822696987
"rlfnbchmxcdnmvh8rchpiker","prolific",0.677777777777778,0.733333333333333,0,1,-0.17458275862069,0.93559926163984,2.74339638620167
"rmj5e5y59rzx15cktxgyyfya","prolific",0.366666666666667,0.358974358974359,0.08,0.635514018691589,0.216073846153846,0.894858628140286,0.598620152326475
"rz9oz1fa9mxw4p8xg1zex3dn","prolific",0.677777777777778,1,0.361111111111111,0.469387755102041,-0.220020964360587,0.801935166794112,5.77069039508614
"s6dmy269v6v8tq2sxx6ijbsi","prolific",0.633333333333333,1,0,1,-0.203661497326203,0.974169233479575,7.71964071958997
"s8xztpmugvi5i1hiiy0caf1l","prolific",0.644444444444444,1,0.454545454545455,0.375,-0.172933982683983,0.520788000253413,9.18932954206999
"scx3y6124yw45ct8lh80lxdm","prolific",0.477777777777778,0.862745098039216,0.526315789473684,0.242199108469539,0.126732198142415,0.970894079858295,2.22410821938961
"sfcoka8iitssmd15lnc8mb23","prolific",0.6,0.8,0.153846153846154,0.67741935483871,0.132241025641026,0.958994532099741,2.79116689857639
"siqr7b26o4dl4t1qe59wdsyk","prolific",0.411111111111111,0.684210526315789,0.0784313725490196,0.794316644113667,0.374963364293086,0.944002729232538,1.49629066517213
"swq3fvf9fr79ha3hyl3pseuu","prolific",0.444444444444444,0.487179487179487,0.08,0.717902350813743,-0.072014358974359,0.719879955859622,2.17743634547526
"t1yzez4ovd27jbq0hyrpx1lm","prolific",0.544444444444444,0.924528301886792,0,1,0.163479559748428,0.97388763331149,3.22676985528458
"tblx1m7ct4qr442pn677n41o","prolific",0.555555555555556,1,0.2,0.666666666666667,0.0155576530612245,0.941635564339748,7.87278568182363
"tgt0ui62axqihws96b9rp7q7","prolific",0.622222222222222,0.981132075471698,0.194444444444444,0.669193045028979,0.0179633123689728,0.887527422880521,6.31199871907489
"tmm6coys6dyyzbvl87at5f2z","prolific",0.544444444444444,1,0.113636363636364,0.795918367346939,-0.163115656565657,0.977673755131847,7.45538695139567
"u3985tl25civw7cwkponfq3v","prolific",0.688888888888889,1,0.342857142857143,0.48936170212766,0.170261375661376,0.818095652245267,5.9150276444143
"u4hewdfbi95vkie80f4arixr","prolific",0.611111111111111,0.98,0.512820512820513,0.312950875987633,0.131097435897436,0.938091583601262,7.6901094888597
"u4llbg249clqj7gecwc19dj2","prolific",0.444444444444444,0.71875,0.368421052631579,0.322239031770045,0.246304824561404,0.951971632086348,1.51529732138122
"u5gp53g7omv2ivz6ce9napx8","prolific",0.533333333333333,0.961538461538462,0.162162162162162,0.711378353376503,-0.0748258835758836,0.885165652494105,3.17932037252476
"u8ugvmr32frcnzlceuo67kt0","prolific",0.666666666666667,0.982758620689655,0.193548387096774,0.670921985815603,0.0533203559510568,0.966930180739624,4.01685460351398
"ucftdalpyct4hvytx6pvkp3n","prolific",0.544444444444444,0.901960784313726,0.184210526315789,0.660807600950119,-0.633083591331269,0.77238288456332,3.39256531891866
"ulg8tc0zx06x1i6z1sgm5t4z","prolific",0.588888888888889,1,0.416666666666667,0.411764705882353,-0.0235604674796748,0.76783620479616,9.02875721332518
"uuh7v8p7kao4kesi6uu6tvw9","prolific",0.366666666666667,0.972222222222222,0.69811320754717,0.16410417320364,-0.00851886792452833,0.691970152726151,5.10707771980033
"uukqsvy7zzeqfqovqzd1pa64","prolific",0.633333333333333,0.957446808510638,0.0238095238095238,0.951471347444502,0.00635460992907799,0.920280255673532,4.20151417708218
"uy4dfkzf724ww53jtl7euz3e","prolific",0.455555555555556,0.736842105263158,0.274509803921569,0.457142857142857,0.0393720330237358,0.782817440556188,1.60504742989984
"v2h8o96cg4bhv88n2a134lzf","prolific",0.622222222222222,1,0.625,0.230769230769231,-0.0654811224489796,0.793523735850877,10.0878246094464
"v9ausuant19jns40jd4luox9","prolific",0.588888888888889,0.72,0.128205128205128,0.69770253929867,0.0130461538461539,0.904701460439291,2.01287911517966
"vagifv6u15xfnf6u3kh9vq6r","prolific",0.555555555555556,0.957446808510638,0.30952380952381,0.511395441823271,0.178167679837893,0.948974264546703,3.77778995517936
"vjt1f5j28jg0m1mme6atp0jt","prolific",0.333333333333333,0.964285714285714,0.885245901639344,0.0427350427350427,-0.21018793911007,0.470257383839184,6.30331290102018
"w2mr1qy43bjo0tukpzsj8bem","prolific",0.566666666666667,0.891304347826087,0.488372093023256,0.292048369366068,0.0679524772497472,0.761537671239553,2.42587253657949
"wbmh5irelure1ly1hmnbdml3","prolific",0.666666666666667,0.847457627118644,0.3,0.477104874446086,0.129301129943503,0.690391338711376,3.11442423289459
"wdioev3k4jeqerrhvrwol0tb","prolific",0.533333333333333,0.893617021276596,0.142857142857143,0.724340175953079,0.131713779128673,0.843791502641069,2.83038511415264
"wff878hbkprp629llodp0m48","prolific",0.611111111111111,0.840909090909091,0.422222222222222,0.331467413034786,0.0845863636363637,0.621373191163386,3.23296541415155
"wlj16w5ezr0c3vxwa8kpkei4","prolific",0.522222222222222,0.951219512195122,0.5625,0.256797583081571,0.00727134146341463,0.947369299953191,4.3540961791477
"wqv0k771mdewidtut1vlckwa","prolific",0.6,0.849056603773585,0.361111111111111,0.403204850584669,-0.0186682389937107,0.94052734712157,2.86173693586298
"wxiwvk4ltgldotcyc6r0r4u2","prolific",0.6,0.958333333333333,0.268292682926829,0.562551781275891,0.272748475609756,0.974216104970786,5.44313815249101
"x0141yy1fat9j4de4yerqoeh","prolific",0.622222222222222,0.954545454545455,0.355555555555556,0.457208943716268,0.0345530303030303,0.924299888268118,3.06964640764547
"x0tr8sfr0g0hf2wcinx2sltl","prolific",0.577777777777778,0.9375,0.195121951219512,0.655450874831763,0.185508130081301,0.964407387000561,3.45058019730339
"x9xony0cxtk8q4m0egvrv3p7","prolific",0.611111111111111,0.884615384615385,0.135135135135135,0.734964322120286,0.194766632016632,0.948482541644477,3.20593306647627
"xd78fudntrmkohbpq9cgjdik","prolific",0.722222222222222,1,0.676470588235294,0.192982456140351,0.0925909090909091,0.708402816530503,6.79009881640211
"xlvutciogdrl2r9g45gz7ldl","prolific",0.377777777777778,0.953488372093023,0.695652173913043,0.156345800122624,0.0351061678463094,0.385136738395772,4.90601130055454
"xmcftp4w2e52rl9zsgzpyrxh","prolific",0.744444444444444,0.983050847457627,0.1,0.815336463223787,-0.243046327683616,0.917380036213217,6.06236109973185
"xod95zhzmdzosg5eoygdfe35","prolific",0.533333333333333,0.906976744186046,0.0652173913043478,0.865834633385336,0.041556622851365,0.927290678360805,3.85577574000386
"xuoje6vh4hw7rm08jc79muav","prolific",0.6,0.843137254901961,0.184210526315789,0.641386238071321,0.169162022703818,0.749966538710899,3.04062452576509
"xus1hcgd5jscu5yugxpbjjus","prolific",0.488888888888889,0.977777777777778,0.272727272727273,0.563812600969305,0.127140909090909,0.988874027605845,7.24159117702958
"xvpdzry1jqz4fq3gom48b9c6","prolific",0.611111111111111,0.44,0.285714285714286,0.21259842519685,0.236841904761905,0.78735882131846,0.711362062612318
"y20qesh4on6pf8bl4d8xnfxw","prolific",0.555555555555556,0.958333333333333,0.560975609756098,0.261538461538461,0.0590914634146341,0.379095520966343,7.16021579341448
"y8t2sd3dutbsp5rki7byp72x","prolific",0.555555555555556,0.770833333333333,0.0975609756097561,0.77530719719134,-0.183559959349593,0.903116004724188,2.05642190107652
"yfnacg4i0v7jifyfakxjbd1q","prolific",0.344444444444444,0,0.0188679245283019,-1,0.364757337526205,0.863747100427616,0.454202073874853
"yjylqgzycho9i25v2kjx1lo0","prolific",0.633333333333333,0.946428571428571,0.727272727272727,0.13094083414161,0.0591607142857143,0.310421085363392,10.6413659492115
"ym6mi7m98bwg02h1q56c9brf","prolific",0.5,0.954545454545455,0.466666666666667,0.343283582089552,0.0224500000000001,0.601304024478392,6.50555782728863
"ypz0pdffitn3le2tum2n6vhx","prolific",0.4,0.444444444444444,0.295454545454545,0.201365187713311,0.06995,0.585282680502277,1.8312621681814
"yrfvdu0d1fl5g8994ej278vz","prolific",0.677777777777778,0.849056603773585,0.305555555555556,0.470721743077621,0.18389570230608,0.642127983467891,3.74122579030421
"yy3a6xvbwcgzufjmpng6wb3d","prolific",0.477777777777778,0.978260869565217,0.162790697674419,0.714665485157289,-0.0246198179979777,0.967739042993553,7.54112360553797
"z8a14walv6et4id5gwsv4s7t","prolific",0.6,0.945454545454545,0.0294117647058824,0.939659901261657,0.142290374331551,0.96574465081322,4.02493474238759
"zk7jn70yddea3o8731mzpoz6","prolific",0.488888888888889,0.315789473684211,0.28125,0.0578512396694215,-0.278015899122807,0.734667030127177,0.201782064463065
"zoaj7vekc9hzlt1rxkbt1f5h","prolific",0.611111111111111,0.449275362318841,0.35,0.124206708975521,-0.0882355072463767,0.716550982852658,0.527238952259665
"zs4sf8n0ws77fp0e0a75jflw","prolific",0.677777777777778,1,0.675675675675676,0.193548387096774,-0.0828108108108108,0.708094438033152,6.5639789847003
"02rwq76tp9lcye8vrl41llnh","mturk",0.388888888888889,0.710526315789474,0.196078431372549,0.567444507683552,0.150098555211558,0.952586377760765,2.57486605208767
"0a8zkiu9rpf0mxo0h9ecdyzh","mturk",0.766666666666667,0.955223880597015,0.0454545454545455,0.909152542372881,0.0675461329715061,0.948489523318451,5.27815927725962
"0g4fx9g2wryeio74yzgqwpq8","mturk",0.722222222222222,0.982758620689655,0.387096774193548,0.43483556638246,0.0965127919911012,0.823151387256455,10.219521284409
"0k1tzkzdb7dvx6z9q0nyovde","mturk",0.655555555555556,0.98,0.615384615384615,0.22854387656702,0.0491025641025641,0.546528556766561,11.7569369909256
"0lq9i4x81dgnwglgvgnh34rj","mturk",0.666666666666667,0.964912280701754,0.53125,0.289849761817516,0.00835635964912279,0.385017278329902,11.4612976169031
"0piu71owxiz9tgsitq7ktqh6","mturk",0.588888888888889,0.980769230769231,0,1,-0.666991683991684,0.971790911933232,5.04368893164527
"19h68mzzzd51m1ysm4jbmlml","mturk",0.644444444444444,0.925925925925926,0.114285714285714,0.780264496439471,0.364265079365079,0.954724542387905,3.13786480677924
"1bkivj7fl2s7bnshyc0xs9xo","mturk",0.655555555555556,0.983050847457627,0.166666666666667,0.71007371007371,0.0951853107344632,0.903249396906588,3.96644824085053
"1dhmst23cwb07eov3r1qc7i1","mturk",0.444444444444444,0.333333333333333,0,1,0.209906281661601,0.901054760704387,0.91041001832102
"1emkh8fj8n8ujo3jfrrswpna","mturk",0.622222222222222,0.980769230769231,0.216216216216216,0.638732088580113,0.226193866943867,0.97334469103839,4.67936107042765
"1gzcp8taimbcpvzulsjo6w7a","mturk",0.644444444444444,0.9,0.0689655172413793,0.857651245551601,-0.104958620689655,0.878721717422552,3.23972368082043
"1h67fnjgm45dzniy6y91vld7","mturk",0.733333333333333,0.941176470588235,0.421052631578947,0.381818181818182,0.0842038183694531,0.720907665569109,5.43959624589999
"1ujw1gehpdx2ufvvvly3gx69","mturk",0.722222222222222,1,0.75,0.142857142857143,0.126832285115304,0.512862322390016,10.7201432316929
"1ww0gs6eyl6uksonzztb0ezu","mturk",0.533333333333333,0.943396226415094,0.611111111111111,0.213755900202293,0.0749523060796645,0.972279347558693,2.67401323514836
"26drsd0sb4o6mw8hh3db4y8y","mturk",0.655555555555556,0.962962962962963,0.0857142857142857,0.836528758829465,0.259007936507937,0.944130747063439,5.75885410857139
"2gbv6cbysitn0o9t9m53f3xi","mturk",0.611111111111111,1,0.704545454545455,0.173333333333333,-0.140777272727273,0.463457773361645,10.4412489369028
"2j7koq5arntmjpvv38xf6g5x","mturk",0.722222222222222,0.892307692307692,0.125,0.754253308128545,-0.311136538461538,0.7405486139632,2.79025970150925
"2l792wi6dr04cwnd2lxldsg3","mturk",0.533333333333333,0.980769230769231,0.756756756756757,0.128926114268621,0.045016632016632,0.648911623058347,12.9870371850214
"2n2791gfw1ojwu32i7nsvght","mturk",0.522222222222222,1,0.485714285714286,0.346153846153846,-0.0647137566137566,0.973299911793624,7.65049980568609
"2tbdv5xl54zpvqubll7hx9xl","mturk",0.544444444444444,0.833333333333333,0.106382978723404,0.773584905660377,-0.171642857142857,0.959223319670743,2.41086974865838
"381z8zb2qt43qj83bpagb37k","mturk",0.6,0.816326530612245,0.05,0.884570082449941,0.459303571428571,0.933021404850157,2.4710894158711
"3h1i9f440aazwely8ptjns7x","mturk",0.766666666666667,0.980392156862745,0.447368421052632,0.373328514636791,0.0163106295149639,0.636480772769832,7.85670056504617
"3h34cgrzlp4wtlx1eo4tv73k","mturk",0.611111111111111,0.977272727272727,0.133333333333333,0.759890859481583,0.0587979797979798,0.929601089338153,4.56447679854847
"3xzn2gdh051u5slem3dme6y4","mturk",0.633333333333333,0.978723404255319,0.261904761904762,0.577786851776235,0.0964964539007092,0.911050485905981,8.47865696038929
"48kl2yj4bk3oit3lc8y2c8qf","mturk",0.411111111111111,0.282051282051282,0.18,0.220865704772475,-0.213314871794872,0.806535141656795,0.406128555058773
"49siubkt857w9wa5ym6zyrss","mturk",0.544444444444444,0.938775510204082,0.05,0.898864809081527,-0.105133163265306,0.895530807173564,3.34571412067742
"5ia4n00eepgph445l075pzvt","mturk",0.655555555555556,0.963636363636364,0.617647058823529,0.218802840716943,0.0228818181818182,0.579446392087412,5.87826300132397
"5lc5w8l31px66g93vfq2rlcg","mturk",0.288888888888889,0.0256410256410256,0.04,-0.21875,1.07374512820513,0.782640694416282,0.266874517641569
"5lukl1r5qtcpaaxcy1z4k2pb","mturk",0.666666666666667,0.943396226415094,0.5,0.30718954248366,0.0444564989517819,0.765556313835955,6.48421368908552
"5sg7gnocyd7oke5w09iyjmkw","mturk",0.422222222222222,0.315789473684211,0.156862745098039,0.336244541484716,-0.21947471620227,0.361365908980858,2.81734853068378
"5vfsoys60vdnkpwg6eycknxs","mturk",0.744444444444444,1,0.655172413793103,0.208333333333333,0.0677229885057471,0.568730413628766,8.7078064047895
"6anblbfay00uf1lrjuvta75s","mturk",0.611111111111111,0.96078431372549,0.236842105263158,0.604480827229642,-0.0135841073271414,0.959204770171582,2.82043930620092
"6ddzcn9af3ba6dv3c91n5enx","mturk",0.444444444444444,0.7,0.204081632653061,0.548532731376975,0.0975040816326531,0.893023468752302,1.62720562131621
"6ebn8yjdbepfbi3vshim0fa4","mturk",0.444444444444444,0.450980392156863,0.157894736842105,0.48135593220339,0.0694246646026832,0.888230087382379,1.0682266607773
"6g0smxt28qc8rof31hj311l7","mturk",0.677777777777778,0.98,0.435897435897436,0.38428105758783,0.0373584615384616,0.896301893038606,5.22351236367797
"6kf2nrcsp1vlkc4ognfrvlg6","mturk",0.555555555555556,0.911111111111111,0.272727272727273,0.539249146757679,-0.0616065656565656,0.954297981364175,2.32383479440711
"6o83uqmv0frbft9n0ojoh68u","mturk",0.466666666666667,0.476190476190476,0.0425531914893617,0.8359375,0.250661094224924,0.900375480988564,0.637929192386287
"6tsrpsayz54lw11oc7xqro8j","mturk",0.511111111111111,0.789473684210526,0.156862745098039,0.668484187568157,0.0773797729618163,0.96263598679339,2.3613999618676
"6u3el0wrisrdbl98ibq0opof","mturk",0.6,0.94,0.0256410256410256,0.946893255443441,0.129028205128205,0.938151068923026,4.2163806399486
"6xcrpdfmw33oggfcpop84jjc","mturk",0.6,1,0.666666666666667,0.2,-0.0597148268398269,0.719205220064224,13.4717137520725
"71r198qbputz56vycr57vwrj","mturk",0.611111111111111,0.98,0.461538461538462,0.35965848452508,0.077825641025641,0.508450558657663,8.23221270128769
"76znet129fvrpj732mz2wfkx","mturk",0.288888888888889,0.225806451612903,0.293103448275862,-0.129689174705252,-0.0814649610678532,0.844717522180764,0.112045784980182
"79wkgbbalgknlalvcbuej04n","mturk",0.377777777777778,1,0.649122807017544,0.212765957446808,0.0737587719298246,0.93131802201684,4.41404498032798
"7c2n6irhszcuommpxijsqo0m","mturk",0.5,0.659090909090909,0.0666666666666667,0.816283924843424,-0.0405510101010101,0.920171204164983,1.55180141967647
"8268uvon5c4wg6cqy7jsgya1","mturk",0.755555555555556,0.982456140350877,0.53125,0.298080405650127,0.00624342105263165,0.682638271185107,12.2669046880036
"8bis5casr4mjnn033kaxc4a9","mturk",0.811111111111111,0.983606557377049,0.535714285714286,0.294797687861272,0.0328928571428571,0.602857526558637,8.45662786915955
"8gms1x5mpu3zq71ytb9tjrss","mturk",0.566666666666667,0.981481481481482,0.514285714285714,0.312345242306332,0.0772407407407407,0.566657838291166,10.1855245410164
"8jsbtrhsjtr1f1g26cw3ybge","mturk",0.333333333333333,0.131578947368421,0.0784313725490196,0.253071253071253,0.054718782249742,0.819115217565006,0.400876193200586
"8mn0ti7z45rkqyclbp3bkuox","mturk",0.611111111111111,1,0.567567567567568,0.275862068965517,-0.0272136174636175,0.775599771139081,11.6237082843554
"984rqmge2ibnb6ry6iy9u0zo","mturk",0.466666666666667,0.761904761904762,0.319148936170213,0.409559512652296,0.289844984802432,0.930992182399753,1.34126694223378
"9bx9aapx2af3ya9iqbfycexr","mturk",0.477777777777778,0.489795918367347,0.05,0.814744801512287,-0.150889795918367,0.902529009205224,1.24155912197346
"9x3grmi9fq74uxr3ub097epz","mturk",0.733333333333333,1,0.666666666666667,0.2,-0.0480362554112554,0.670812031455462,6.32661513429729
"aov6xe6od75nt5353uwbsp77","mturk",0.566666666666667,0.951219512195122,0.416666666666667,0.390787518573551,-0.0181880081300813,0.933185681662311,4.01970071992752
"avr04c4gt8kmeq5i2jiisiyh","mturk",0.644444444444444,0.979591836734694,0.6,0.24031007751938,-0.391410714285714,0.618343959257731,11.8376428029786
"avuxpoyolfbqqsskoym8iwxk","mturk",0.533333333333333,0.631578947368421,0.529411764705882,0.088,0.0222910216718267,0.630045995945003,2.02952486004495
"aw0v60s7vif90ifki5jvje15","mturk",0.333333333333333,0.6,0.76271186440678,-0.119402985074627,-0.0601638418079096,0.895052702435722,0.221743594935389
"ayqvxud8iyhd449mhjpztndy","mturk",0.588888888888889,0.938775510204082,0.425,0.376730265619155,-0.206571428571429,0.886046378926596,3.25712377703491
"bgdjjadiljq5gtg3zd419eif","mturk",0.677777777777778,0.826086956521739,0.55,0.200631911532385,0.0351217391304348,0.38050291250889,3.17570883325326
"bhoyosccpd9jwnfuwpgla7cg","mturk",0.377777777777778,0.30952380952381,0.25531914893617,0.0959641255605382,0.136937183383992,0.877948365295545,0.375989660097658
"borpj9kwayuoawc2db7wbyxj","mturk",0.577777777777778,0.82,0.128205128205128,0.729583558680368,0.000238461538461521,0.672248270657622,3.15525647435825
"cdbeog6cjz4lt4fk2fsw9a6d","mturk",0.711111111111111,1,0.771428571428571,0.129032258064516,-0.0744010582010582,0.414968680312921,9.12906680572836
"cdx4de9mp88efzq0p2e2hq41","mturk",0.466666666666667,0.75,0.339622641509434,0.376623376623377,0.135509433962264,0.830404502815062,2.31837559505948
"clm0rwz7njx098ktz0rq6tzj","mturk",0.5,0.767441860465116,0.239130434782609,0.524861878453039,0.0423139534883721,0.898958680082491,2.3359850342798
"ctnvg9z0u302ddk5abjypszu","mturk",0.7,0.983050847457627,0.566666666666667,0.268683922712359,-0.346087570621469,0.45950221325806,7.28250349557879
"cweobvm4evs54h8932qi6kqj","mturk",0.433333333333333,0.418604651162791,0.217391304347826,0.31637519872814,-0.0244747219413549,0.930728454342825,1.03950665701446
"cwjn0tx0m76gm35d8f4jnxrq","mturk",0.644444444444444,0.977272727272727,0.6,0.239193083573487,-0.0532424242424243,0.909343536838629,5.32610360314211
"czs7a87g24y6q0hq4ygiyrrl","mturk",0.644444444444444,0.944444444444444,0.457142857142857,0.347678369195923,0.0255804232804232,0.882275449697378,4.0288807202528
"d535ylen0c8wkaigri45rrml","mturk",0.655555555555556,0.964912280701754,0.625,0.213793103448276,0.0728711622807018,0.683226375958953,5.49750536888626
"dbuiumbyfl1ma1h69ta20xw8","mturk",0.411111111111111,1,0.666666666666667,0.2,0.0760655487804878,0.703472662294496,11.6944917515408
"deuoj5f7ihyov9fdc56skfam","mturk",0.588888888888889,0.851063829787234,0.238095238095238,0.562790697674419,-0.174924518743668,0.725377720748927,3.56669524462867
"dhdxn5ir5mjb94yjprcgwago","mturk",0.466666666666667,1,0.574468085106383,0.27027027027027,-0.118647922998987,0.763328858110773,10.9475665372838
"dkfxcqyznu2etu3ycixgpuct","mturk",0.622222222222222,0.592105263157895,0.384615384615385,0.212435233160622,0.276533400809717,0.856317355617942,0.915424174992225
"e1zp3dh9u2801k50qm9h97c1","mturk",0.611111111111111,0.98,0.333333333333333,0.492385786802031,0.0545128205128205,0.934304163520783,5.3500385409165
"e3qgdoddsuhvnumamuxze5fo","mturk",0.388888888888889,0.311111111111111,0.159090909090909,0.323308270676692,0.237564646464646,0.85146590743896,0.819072494111136
"e8jii58m72v5f48f2rvcju86","mturk",0.588888888888889,0.981132075471698,0.638888888888889,0.211258492397282,0.00044549266247379,0.692371710086571,4.28714850201801
"e9lartq70jdvtyo1tovgyi8r","mturk",0.733333333333333,1,0.636363636363636,0.222222222222222,-0.0944420995670995,0.788644858974579,9.67980161913868
"eajz1vw10kitydeyf4zgtwzs","mturk",0.7,0.928571428571429,0.545454545454545,0.259911894273128,-0.0751304112554113,0.733460019403912,5.48870754740887
"elw3bumjdsy00i3eny567iz0","mturk",0.566666666666667,0.982758620689655,0.580645161290323,0.257203842049093,-0.0401395995550612,0.713751470356036,8.32910298791983
"eo9co1hgmoaamlnqgma3ktjl","mturk",0.566666666666667,1,0.268292682926829,0.576923076923077,-0.0233470528455285,0.911929482556672,6.42333222155196
"eq0izxtfrsskhbao16tcq4lv","mturk",0.322222222222222,0.393939393939394,0.267857142857143,0.190515126737531,-0.114478354978355,0.831742920463455,0.219890211881608
"f413rfthchh1liluwockcj93","mturk",0.511111111111111,0.739130434782609,0.13953488372093,0.682393555811277,0.0166526794742163,0.946872477048388,2.38163315355228
"f4wl4bmtithmjc70e5p02q4q","mturk",0.766666666666667,1,0.294117647058824,0.545454545454545,-0.0208112299465241,0.929684258665645,5.6315704952346
"f8d2kruoqk7otxvnhqd44ziz","mturk",0.777777777777778,1,0.44,0.388888888888889,0.02347375,0.747665461939891,7.23153974527965
"fexsj0u5oib0e90p5kvm0lal","mturk",0.777777777777778,1,0.65625,0.207547169811321,-0.130512061403509,0.674923235584198,8.28726501730212
"fgjk761asl4q1j9d46ivqdhk","mturk",0.466666666666667,0.48780487804878,0.479166666666667,0.00893326326852335,0.259044207317073,0.813791902464665,0.369567290561348
"fl0bey18x3e1awvawxjz06jf","mturk",0.7,0.981481481481482,0.657142857142857,0.19793348401679,0.0830222222222222,0.772598234563193,6.03995294705375
"fmivxe7rg2s9ylzoqntzivua","mturk",0.311111111111111,0.4375,0.43859649122807,-0.00125156445556943,0.12012774122807,0.727977592115564,0.265481179182346
"fsig4dpz5iesxkjnc5e03ruv","mturk",0.566666666666667,0.790697674418605,0.195652173913043,0.603280369041517,-0.0499261880687563,0.604708943092336,3.76908468196879
"fy3568ynzims1sa778zhdgsj","mturk",0.655555555555556,0.980392156862745,0.657894736842105,0.196850393700787,0.00196646026831787,0.705019667104084,12.7340436897091
"g0hcri7lt06it7zaxn7bdehy","mturk",0.577777777777778,0.86046511627907,0,1,-0.0540904954499495,0.85943551472131,3.02337753567859
"g2j8r1fp1mfn0sdufesl7l2w","mturk",0.666666666666667,1,0.513513513513513,0.321428571428571,-0.283102390852391,0.855881012070731,5.64923231667456
"g7p583cf83iuo5tnssmqoom2","mturk",0.522222222222222,0.869565217391304,0.418604651162791,0.350078492935636,0.0957654196157736,0.980911109281289,2.70034638037141
"g93kv8yzmln3bk1vikjphvig","mturk",0.6,0.959183673469388,0.15,0.729530818767249,0.136605612244898,0.980675702787216,4.08482986635182
"gb9l1rxvfwpsridpzj2phab0","mturk",0.577777777777778,0.785714285714286,0.234042553191489,0.540983606557377,-0.0835015197568387,0.891192634023872,1.80732679684621
"gi5el1yqgg66eawzpbt2cug6","mturk",0.633333333333333,0.980769230769231,0.540540540540541,0.289374786470789,0.0370431392931393,0.337854936236499,14.701807337582
"gruwe2az316sg0lrtz6mop4m","mturk",0.277777777777778,0.621621621621622,0.711538461538462,-0.0674463937621833,0.0795077962577962,0.800920830134907,0.214629202744243
"h1pemdlnh3c9vhbgryg1ixhn","mturk",0.544444444444444,0.98,0.58974358974359,0.248611564848089,0.0193071794871795,0.655213204382874,10.1033666699998
"h1utmgv01tgofu4ja7y7he1r","mturk",0.644444444444444,1,0.58974358974359,0.258064516129032,-0.0322671794871795,0.802318436091609,7.89599210586403
"h2ob40i8w8dt2pnbe0fjyz69","mturk",0.7,0.962962962962963,0.542857142857143,0.278988053408292,0.0146026455026455,0.711432836551782,5.52798330703099
"hat45nuw60i6qp17myltiq6e","mturk",0.411111111111111,0.888888888888889,0.490566037735849,0.288753799392097,0.377770964360587,0.957686476788787,1.47622619850487
"hcikwtzf80rybffjd4nzmcqn","mturk",0.577777777777778,0.975,0.551020408163265,0.277833500501505,-0.0932035714285714,0.979527538637835,3.30354011224324
"he3bi0kweifzr3c3elm0xyx5","mturk",0.344444444444444,0.878048780487805,0.895833333333333,-0.0100257805786308,0.160887195121951,0.778826513743954,0.731163755798243
"hjga6ro8xdcijnzxcabiekgh","mturk",0.677777777777778,1,0.315789473684211,0.52,0.155329205366357,0.884159507559343,8.92815118882173
"hp22ihu8hgb4l5p0ocf695wh","mturk",0.477777777777778,0.720930232558139,0.130434782608696,0.693586698337292,0.0315121334681497,0.802599597347536,1.78834067936842
"hp9jlhcupmuyhjt2v5kzyeyo","mturk",0.4,0.348837209302326,0.0434782608695652,0.778350515463917,0.314555106167846,0.886560540196131,1.13832602382704
"hr3fruz8unemddmhsargqdjo","mturk",0.688888888888889,1,0.105263157894737,0.80952380952381,0.0242311661506708,0.927111686768946,7.16862130509386
"hvp7r3m4nd4hnwcb8su5ste8","mturk",0.622222222222222,0.943396226415094,0.416666666666667,0.38728323699422,0.120993186582809,0.63915360541441,4.77617855307177
"hxlba4lafjaq254jq3x5hug0","mturk",0.544444444444444,0.983050847457627,0.433333333333333,0.388113282808137,0.0204858757062147,0.972768998872318,3.19633607844602
"icgpg7hk8l4t8vf3fi5rwhpy","mturk",0.388888888888889,0.314285714285714,0.240740740740741,0.132507149666349,1.06237248677249,0.610739829452256,0.415434998700416
"iij7l7ztcavt3v3b8beljv40","mturk",0.377777777777778,0.111111111111111,0.159090909090909,-0.177570093457944,-0.0724242424242424,0.822954646241494,0.439492166083875
"ilccg6au6ebu6vrvwcnsxvnp","mturk",0.577777777777778,0.980392156862745,0.447368421052632,0.373328514636791,0.0702048503611971,0.859323708077496,5.41649288887817
"itgf2egc6lv9acekard2994a","mturk",0.322222222222222,0.837209302325581,0.630434782608696,0.140888735790561,-0.00507229524772498,0.847849400954134,3.3840136850762
"j49ycui0iz38y7r8xtr8tnna","mturk",0.733333333333333,1,0.59375,0.254901960784314,-0.0505866228070175,0.516769131129432,9.48940270314939
"j5uig6vo0a3bq4tw72necwg5","mturk",0.544444444444444,0.96,0.769230769230769,0.110320284697509,0.148777435897436,0.102384228449995,14.5547856701461
"jyqbceyvrsxtbtis6813ecuq","mturk",0.777777777777778,1,0.722222222222222,0.161290322580645,0.0427636268343816,0.916477295543002,8.45100576267413
"k0jvnuk92lshedg61l3kgup4","mturk",0.488888888888889,1,0.705882352941177,0.172413793103448,-0.0714331550802139,0.564586519585163,12.6219449758533
"k266fuoev3tmaxz85c4l07j7","mturk",0.433333333333333,0.738095238095238,0.425531914893617,0.268611232041794,-0.0951231003039513,0.902133458477734,0.958200516187145
"kkj6xz9h7v18suqjh1915mno","mturk",0.322222222222222,0.352941176470588,0.272727272727273,0.128205128205128,0.200918181818182,0.489283020308525,0.899778802965068
"kse3g3i8vm4uhmn2p4sfnyy0","mturk",0.655555555555556,1,0.757575757575758,0.137931034482759,-0.0268349567099567,0.412774489014161,11.1542899038156
"kz2mnejtguvxh70ucjcunti8","mturk",0.588888888888889,0.977777777777778,0.590909090909091,0.246619446233097,-0.14189595959596,0.806386418906323,7.04992612239739
"kzth30eqt6puh2fdm1xyqqcl","mturk",0.677777777777778,1,0.58974358974359,0.258064516129032,-0.0583651282051282,0.944374830199173,7.94799015827722
"l4giixxbal8owtn90r4a0zmg","mturk",0.511111111111111,0.707317073170732,0.4375,0.235685752330226,0.16532012195122,0.818995494652726,1.72697201216071
"l768h0oa3rsy0s30wy81gx7w","mturk",0.588888888888889,0.980769230769231,0.189189189189189,0.676588183029765,-0.232231808731809,0.976550472760379,4.56543918763926
"lfmnxogaj6os5ptjy6jcrdx5","mturk",0.644444444444444,0.9375,0.292682926829268,0.524163568773234,-0.0280020325203252,0.588311427514612,5.56426469458234
"lq0d2xsr43y3la4p6u2kw6dk","mturk",0.577777777777778,0.96,0.0256410256410256,0.947970863683663,0.135532820512821,0.948523650174759,4.20853268907001
"lrbgqwdhc5j9d3cfmhgrwfy1","mturk",0.433333333333333,0.925,0.306122448979592,0.50269374222959,0.206929591836735,0.951635198075848,3.96631044632334
"m94kxuxvt80yh510yh7slut7","mturk",0.5,1,0.615384615384615,0.238095238095238,-0.126245322245322,0.717062902595062,6.75884062250841
"mb5e0hve2rlscxyhkntk34bl","mturk",0.366666666666667,0.0357142857142857,0.131147540983607,-0.571929824561404,0.0775351288056205,0.627319623234354,0.280572146736363
"mc9b0kvhdjz7jqifqhgajsyr","mturk",0.633333333333333,0.958333333333333,0.24390243902439,0.59425190194421,0.106185975609756,0.944442382276866,4.71250615478493
"mxvivkh38e0o23x08txfpnxn","mturk",0.577777777777778,0.87037037037037,0.0285714285714286,0.936433195997646,-0.0739116402116403,0.946741985203068,2.56172880536716
"mynywo837risvkfygi19hhpg","mturk",0.755555555555556,1,0.59375,0.254901960784314,0.0105646929824561,0.850940618271258,6.56239887298678
"n29vff3xy758kc4si86avrjk","mturk",0.522222222222222,0.826086956521739,0.0697674418604651,0.844243792325056,-0.294984833164813,0.941094397107979,2.38975386499249
"n4ztb6292aou1l4jr8n0tezk","mturk",0.288888888888889,0.421052631578947,0.372549019607843,0.0611183355006502,0.160298761609907,0.40974011354019,0.900822936087226
"nbisw5umh0isb2ixsbdr99q5","mturk",0.588888888888889,0.944444444444444,0.714285714285714,0.138755980861244,-0.174815873015873,0.356938539504241,5.42082095035656
"nf8od7h3v3autbl7bobc44vj","mturk",0.566666666666667,0.962962962962963,0.171428571428571,0.697761194029851,-0.0729402116402116,0.915913346429353,3.67522845141612
"ngpbl2m7v35qr23mxqg4zq6j","mturk",0.611111111111111,1,0.368421052631579,0.461538461538462,-0.0425727554179566,0.965210370245855,4.4744945295204
"nk20nova3ldcu67y76d1t9jz","mturk",0.477777777777778,0.977272727272727,0.777777777777778,0.113669064748201,0.0906075757575758,0.729265118364503,10.1220006628522
"ny6aiki69pl2sa6bs4po6ig5","mturk",0.366666666666667,0.3125,0.228070175438596,0.156186612576065,0.826081688596491,0.683187148630229,0.677406446051954
"o1a5ftr9a4e138psg4vt96xo","mturk",0.4,0.6,0.142857142857143,0.615384615384615,1.01139285714286,0.812806676047141,1.74438518254514
"o1vx5thxb89l44xmoqh1wwz0","mturk",0.633333333333333,0.941176470588235,0.236842105263158,0.597897503285151,-0.00376315789473686,0.91892906160226,4.47974260197484
"oc0019i87h6mkoth39vmedqq","mturk",0.688888888888889,0.656716417910448,0.318181818181818,0.347251217814892,0.184603120759837,0.895705116615081,1.59656373831768
"ofcrkm8mve7t3y81h2ahi6tr","mturk",0.488888888888889,0.877551020408163,0.175,0.667474551623849,-0.0731392857142857,0.960987003884753,2.46904910892441
"ol0fexiw547u6gli6izgrus4","mturk",0.6,1,0.659090909090909,0.205479452054795,0.0119616161616162,0.884343728304174,8.49691692549155
"olovtqotk8ct27eww19gc1k2","mturk",0.544444444444444,0.780487804878049,0,1,0.0700757113821138,0.853729937073304,1.95950809351869
"ow3rmlf7ftv9o9jowr5pudue","mturk",0.766666666666667,1,0.65625,0.207547169811321,-0.0821299342105263,0.561045021584163,10.508811162268
"pbe1z8nw3u49kut6yzpm5d8d","mturk",0.6,1,0.025,0.951219512195122,0.114438265306122,0.967773277561549,8.17264853489536
"pcbef4vi4t1k3os59yintjx7","mturk",0.666666666666667,0.982758620689655,0.451612903225806,0.370298565335401,0.110899888765295,0.865980127293951,6.49539510519562
"phbhdjtlsux8o4b6lw205gdn","mturk",0.388888888888889,0.375,0.387755102040816,-0.0167224080267558,-0.0345581632653061,0.720484852539679,0.606795155971429
"pips94le21jq08pesfaiefxd","mturk",0.466666666666667,1,0.679245283018868,0.191011235955056,-0.0985141509433962,0.47036866811901,3.6798677209918
"pnmept0z8agaln6bqziozweo","mturk",0.544444444444444,0.863636363636364,0.111111111111111,0.772020725388601,-0.194953535353535,0.931758959965084,2.72458107482391
"poea2a28uml13k7mbk6w4ou5","mturk",0.511111111111111,0.723404255319149,0.0476190476190476,0.876478318002628,0.0267234042553192,0.815639928001888,2.21420085595783
"pwjlt47u6xaxkcx5xnxonxjy","mturk",0.622222222222222,0.890909090909091,0.294117647058824,0.503610108303249,0.0286572192513369,0.732163867345262,4.56955910256407
"q7os2mbb6ijejlub0fmdwyth","mturk",0.522222222222222,0.770833333333333,0.195121951219512,0.596002104155707,0.142450711382114,0.518662307901779,3.60726900527347
"qhmczq0e1c0s4t3mpthy0kan","mturk",0.511111111111111,0.958333333333333,0.390243902439024,0.421250941974378,-0.139576219512195,0.985358622193806,4.47747037446806
"qlgapgx6bfkf4ff2uhuofcr6","mturk",0.322222222222222,0.40625,0.543859649122807,-0.144835545297173,-0.420383771929825,0.731038858890099,0.215469477068533
"qryxvy9232jetvwgtops3qjw","mturk",0.5,0.785714285714286,0.234042553191489,0.540983606557377,0.00780445795339413,0.910927774085559,2.02661108204467
"r928h1js9k0sfrlcv2wbiosz","mturk",0.466666666666667,0.923076923076923,0.46,0.334816462736374,-0.22032717948718,0.902744655616777,1.0517582336565
"req395sg5aaa99tgui0irfk8","mturk",0.533333333333333,0.868421052631579,0.294117647058824,0.494007989347537,0.0440330237358101,0.945822676029738,2.73311212621789
"rnktpyd6ech7t9az85fcdscs","mturk",0.455555555555556,0.875,0.224489795918367,0.591647331786543,0.285572448979592,0.965839587075221,3.24598390642938
"ru5ws3pu83q9tqcyqm9i66vg","mturk",0.344444444444444,0.5,0.389830508474576,0.123809523809524,0.0569011299435029,0.959071429621054,1.26022105982675
"rvbvs8wupqk0cepnaw1go9bs","mturk",0.633333333333333,0.962264150943396,0.777777777777778,0.106024096385542,-0.0582452830188679,0.400940814390362,6.94142319174676
"rxk216v2u00knpik4144b379","mturk",0.466666666666667,0.675675675675676,0.192307692307692,0.55688622754491,0.0409080041580042,0.335142032286748,3.56371461758376
"s00v1x1d54te4umlyvvwaic6","mturk",0.633333333333333,0.96078431372549,0.315789473684211,0.505254648342765,-0.0112358101135191,0.469296714269951,8.40075896823654
"s6skqzwsxbnuallv93zxt728","mturk",0.333333333333333,0.0909090909090909,0.0222222222222222,0.607142857142857,0.553794444444444,0.809158005988578,0.449902211428113
"se99pdkqoizyh6c8lmlc05n3","mturk",0.355555555555556,1,0.583333333333333,0.263157894736842,-0.0264888211382114,0.699952340824799,11.4561606856706
"sxgwt55mbktag0euyj5ck394","mturk",0.766666666666667,0.954545454545455,0.652173913043478,0.188191881918819,0.0313544137022398,0.468239886928414,6.9998929943057
"szygpouygrmb7vi2zvcsi7kj","mturk",0.622222222222222,0.979166666666667,0.48780487804878,0.334949774852788,0.0657809959349593,0.760184151382669,5.42870856986495
"t76x8ndbtxbx72lsb8ngqv1z","mturk",0.622222222222222,1,0.416666666666667,0.411764705882353,-0.136165618448637,0.966226211196133,7.65959737084489
"t9d9ki02qf20po7hnalni8bs","mturk",0.733333333333333,1,0.666666666666667,0.2,0.0621830508474576,0.51397290379896,7.73924089376709
"tbi53v4723zampua525gigey","mturk",0.344444444444444,0.717948717948718,0.64,0.0574018126888217,0.150453333333333,0.850092836449824,0.167065162407153
"tcbpf1kmvs92g8t2x5iowvqs","mturk",0.344444444444444,0.30952380952381,0.297872340425532,0.0191826522101752,-0.100172239108409,0.397434621400649,0.712023551709717
"th2b9q0wuq3762odsxe9y0kh","mturk",0.788888888888889,0.983870967741935,0.555555555555556,0.278230500582072,0.0565890083632019,0.650918955670872,8.35801678104624
"tlw8dxp34gf5zt4nfb7yftnf","mturk",0.611111111111111,0.943396226415094,0.0555555555555556,0.888772298006296,-0.0747746331236897,0.890325124949957,4.17573196764203
"toz6nvp14zs7mfg4bwsaebd6","mturk",0.477777777777778,0.815789473684211,0.0784313725490196,0.824581650317369,0.0168431372549019,0.824071338689843,2.0343703937475
"tsid1av4r8o3dobjmikdnw6x","mturk",0.577777777777778,0.91304347826087,0.27906976744186,0.531806615776081,-0.0248159757330637,0.886970300144377,2.96012765646594
"tw1nzqjjixjzlwy9kc1t7qdu","mturk",0.633333333333333,0.941176470588235,0.315789473684211,0.497536945812808,0.084827657378741,0.848529233431215,3.76959271929843
"uabqljbqhtguwieaax9i9jbi","mturk",0.544444444444444,0.897959183673469,0.225,0.599273057701045,0.206672959183673,0.870272444095352,3.19912715282461
"ufzhw64z1nwocsg8k80i3y5r","mturk",0.555555555555556,0.82,0.0769230769230769,0.828473413379074,-0.00895487179487181,0.885538135560758,2.723631620025
"us4jynu3a76tfb7zh5erygr0","mturk",0.4,0.263157894736842,0.0196078431372549,0.861313868613139,0.0357389060887513,0.823379329302048,0.762460377282715
"usdq8rqhfvf4hnru7h6e1v0e","mturk",0.577777777777778,0.8125,0.121951219512195,0.738988580750408,0.0335284552845528,0.778204236711573,3.78070910145303
"v282ua4fcihshurm6znabfd3","mturk",0.433333333333333,0.380952380952381,0.361702127659574,0.0259208731241473,-0.159174265450861,0.82287544971405,0.330385325318368
"v9ep9v5q2l33kle8h2gpb8z4","mturk",0.422222222222222,0.543478260869565,0.581395348837209,-0.0337078651685394,0.122151162790698,0.793445200444362,0.263207440423886
"vh8uyrnltv4hh60dzg5r3n1i","mturk",0.377777777777778,1,0.777777777777778,0.125,-0.0259505050505051,0.656383188456167,6.00820456663552
"w1qbxw4ltfgr7ddtsf930nhc","mturk",0.788888888888889,0.653846153846154,0.363636363636364,0.285223367697594,0.281820512820513,0.904183596481801,2.72204504934712
"w4ascja5gszgs3ox6eh471me","mturk",0.522222222222222,0.790697674418605,0.0869565217391304,0.80184331797235,0.0726521739130435,0.837627231697962,2.07300676839416
"w8rp7rwwb638sy4r2hha3hud","mturk",0.677777777777778,0.96551724137931,0.451612903225806,0.362637362637363,-0.081579532814238,0.96440501326934,5.08500739842036
"waigs5rf1gkl2y4f6yt2la5q","mturk",0.7,1,0.542857142857143,0.296296296296296,-0.153484656084656,0.557766806210783,7.80681052971028
"wdsdynq3ht0uipzelqp7g0xd","mturk",0.255555555555556,0.3125,0.385964912280702,-0.105180533751962,0.128429276315789,0.669706010477114,0.202906439206429
"wjo05xz5faw7ef8m6bu18ev5","mturk",0.688888888888889,1,0.0967741935483871,0.823529411764706,-0.0799360400444939,0.982245420174535,7.5742433166643
"x12oo9pn58e61fflukvug2mr","mturk",0.677777777777778,1,0.735294117647059,0.152542372881356,-0.171643315508021,0.971706788534437,7.73318192598259
"x3lheipk8oq00fhkkfjrw6p1","mturk",0.677777777777778,1,0.743589743589744,0.147058823529412,-0.075725641025641,0.59773148142619,10.1923831279294
"xe6oqx37xdawxlzrgixjkrxn","mturk",0.733333333333333,0.984126984126984,0.307692307692308,0.523629489603025,0.0515775335775336,0.982037884272618,5.9356057090592
"xfte2nnmwo5forvvnhf147te","mturk",0.577777777777778,0.936170212765957,0.30952380952381,0.503050020333469,0.122074974670719,0.620171995804302,5.15316459599721
"xpy7msfhii19kauw617rabm7","mturk",0.711111111111111,0.983870967741935,0.481481481481481,0.342845495311863,-0.121452210274791,0.752241361151198,5.7528426609883
"y0m7gu1o0uy9u4nmziwujofk","mturk",0.566666666666667,0.981132075471698,0.555555555555556,0.276944065484311,-0.165987421383648,0.993612285969921,7.35081715714394
"y3o44ojrgzutttr3noil3v6m","mturk",0.566666666666667,0.981818181818182,0.352941176470588,0.471153846153846,-0.0721764705882353,0.990611245796639,8.38711717604665
"ycz8oq9t09kjdd31e6iws4zh","mturk",0.4,0.761904761904762,0.234042553191489,0.53001017293998,0.215158054711246,0.767124214596236,1.68265467042062
"yr5vu6xys2fnolxie1e30c7h","mturk",0.522222222222222,0.976744186046512,0.717391304347826,0.153088630259624,0.0403907987866532,0.552595767239266,10.6267599859501
"z2y2avzhhdgfqg8idm03titm","mturk",0.6,0.981818181818182,0.382352941176471,0.439435515484124,0.0648470588235294,0.967168923008478,5.02019626222715
"z4quosqgyjnj8vmg4rc84q3i","mturk",0.577777777777778,1,0.416666666666667,0.411764705882353,-0.0162886178861789,0.881944554604206,8.1603984532427
"zakt1hcsgy0eh24ehvvxnf3b","mturk",0.511111111111111,1,0.478260869565217,0.352941176470588,0.0698063700707786,0.903946165361036,4.72577229289857
"zaz4ydbrsd4x6rstq0t1d95s","mturk",0.588888888888889,0.821428571428571,0.151515151515152,0.688542825361513,0.0571704545454546,0.890039482127979,1.92456781188407
"zhyatjv91vue1ejply55efv6","mturk",0.344444444444444,0.705882352941177,0.545454545454545,0.128205128205128,0.0462604278074866,0.846137668389962,0.673484697818958
"zwbaaowabh4qdkku0tqsmyc7","mturk",0.466666666666667,0.717391304347826,0.209302325581395,0.548281505728314,0.0880141557128411,0.786023158079607,1.21627533912481
"zwmgj98ty8oq9j77mhqho8gx","mturk",0.366666666666667,0.909090909090909,0.0357142857142857,0.924398625429553,-0.0116764069264069,0.95119397750463,3.04222933431802
