platform,subject,gad7-infreq,7u7d-infreq,bisbas-infreq,shaps-infreq,infreq,infreq-any,entropy,reliability,mahalanobis,gad7-rt,7u7d-rt,bisbas-rt,shaps-rt,reading,n_loops,accuracy,wsls,rt
prolific,02hfkd0x4jtnoiwsds69adoq,0,0,0,0,0,0,5.376486389306729,0.17048462301587314,8.033340797421078,False,False,False,False,0,1,0.6777777777777778,0.030555555555555454,0.03333333333333333
prolific,0do1x8qmwi6ok206agh1xqwb,0,1,0,1,2,1,2.3630926770350524,0.05583779761904777,6.462031176827253,False,True,False,False,1,1,0.6444444444444445,0.606060606060606,0.13333333333333333
prolific,0imgqq6qokryvins8vmkeh7v,0,0,0,0,0,0,5.7741778900584775,0.155297371031746,7.1923089868640915,False,False,False,False,0,1,0.5666666666666667,0.854358974358974,0.15555555555555556
prolific,0kw0yjeyfmbqohivbcjol0y4,0,0,0,0,0,0,7.0667870151533485,0.16793179563492036,9.933782198387272,False,False,False,False,0,1,0.5777777777777777,0.6548717948717947,0.044444444444444446
prolific,0tztck6s2pmdsciuznilgj90,0,1,1,0,2,1,7.684670863844442,0.19859672619047616,10.02970607469114,False,False,False,False,0,1,0.5333333333333333,0.6076845298281088,0.5666666666666667
prolific,0vl2swi8jsl18qhae18l9lfn,0,0,0,0,0,0,4.3253323743873135,0.1066646825396828,6.053478089140011,False,False,False,False,0,1,0.7333333333333333,0.6216216216216217,0.022222222222222223
prolific,12c8bstpywx1b84b0gh2tof4,0,0,0,0,0,0,7.873201876188034,0.19743625992063488,8.647082447050431,False,False,False,False,0,2,0.6,0.5829120323559154,0.044444444444444446
prolific,1i545xikf02ck7ekr6psckaq,0,0,0,0,0,0,2.128912762291693,0.07197222222222244,6.58833028259017,False,False,False,False,0,1,0.5222222222222223,0.579140461215933,0.4777777777777778
prolific,1id28gbzeshkr8a3rjqtu7gm,0,1,0,0,1,1,6.874206622907746,0.17709598214285718,9.253198708357464,False,False,False,False,0,2,0.5777777777777777,0.7536382536382537,0.43333333333333335
prolific,1sxr2nbpa4aj8f9ggyd14vjn,0,0,0,0,0,0,3.1300216614629077,0.08649404761904798,5.7268036474874835,False,False,False,False,0,1,0.45555555555555555,0.3140830800405269,0.07777777777777778
prolific,1u2wyleqh3t6iqx93tokdv0k,0,0,0,0,0,0,5.269984936621645,0.14754141865079398,6.5251925117275835,False,False,False,False,0,1,0.6555555555555556,0.8977987421383649,0.13333333333333333
prolific,25fuwx9wj8mwr4avjszslbbx,0,1,0,0,1,1,4.367069279928037,0.10075148809523778,6.266624111569608,False,False,False,False,0,1,0.6333333333333333,0.6278825995807128,0.06666666666666667
prolific,2g95z4j2bkkzbjeeh5wex9qe,0,1,0,0,1,1,1.5128009657225854,0.040827380952381045,4.14198545188935,False,False,False,False,0,2,0.43333333333333335,0.606349206349206,0.3333333333333333
prolific,2leyyrsxpwbmugus6n9l7hgm,0,0,0,1,1,1,5.796391121196113,0.16119444444444467,8.52767453270902,False,False,False,False,0,1,0.5777777777777777,0.7187165775401072,0.05555555555555555
prolific,2sdnu1yjjuxyew3zpe8nwlhb,0,0,0,0,0,0,5.694082380040808,0.15712276785714333,7.571128309157692,False,False,False,False,0,1,0.5888888888888889,0.18512820512820516,0.3333333333333333
prolific,354ipv8jxmf3sgg4kl6iwjyg,0,0,0,0,0,0,3.3349734287947674,0.12770238095238118,6.10953474641719,False,False,False,False,0,1,0.5777777777777777,0.72972972972973,0.16666666666666666
prolific,3qz20dlryiffihwsltdnk6cn,0,0,0,0,0,0,4.424040078317122,0.1242562003968259,6.277045914265165,False,False,False,False,0,1,0.32222222222222224,-0.08939708939708926,0.35555555555555557
prolific,3yg7loing1p7y2bbmo5b777o,0,0,0,0,0,0,5.1720300604407585,0.11605654761904778,7.180967892380105,False,False,False,False,0,1,0.4,0.5193920335429769,0.05555555555555555
prolific,4558saz9j220kta4eyyti4lz,0,0,0,0,0,0,3.709561887361157,0.09357986111111107,6.108263963831765,False,False,False,False,0,1,0.6222222222222222,0.41025641025641035,0.03333333333333333
prolific,465libnx33ipciqmfy8yh88w,0,0,0,0,0,0,3.8154926288987383,0.09805580357142861,5.725614903440077,False,False,False,False,0,2,0.6444444444444445,0.31428571428571395,0.06666666666666667
prolific,4kfljupnt4llnjgshhe5xho5,0,0,0,0,0,0,4.72899331084267,0.1527579365079368,7.957624681819096,False,False,False,False,0,1,0.5666666666666667,0.2444444444444443,0.08888888888888889
prolific,4szus5mziv7x6mwgfpa0oiq8,0,0,0,0,0,0,3.055960658413401,0.1203447420634922,6.733965656337241,False,False,False,False,0,1,0.4222222222222222,0.5372448979591838,0.1
prolific,4vw992lb5egmeaykdxcetamb,0,0,0,0,0,0,3.7518866293408735,0.07482093253968264,7.573099011468767,False,False,False,False,0,1,0.4888888888888889,0.8431372549019611,0.2111111111111111
prolific,54j8pa9apq5tj4fkft6dso0v,0,0,0,0,0,0,4.647900203246224,0.10406175595238158,6.0848982936163045,False,False,False,False,0,1,0.7222222222222222,0.4661016949152545,0.06666666666666667
prolific,54ju60u1l79ogrexh490fh3s,0,1,0,0,1,1,3.219568123164954,0.0758333333333334,5.611578862271743,False,True,False,False,1,2,0.6555555555555556,0.934391534391534,0.28888888888888886
prolific,5a7qv48urh69t3za7xww81ue,0,0,0,0,0,0,4.0295027575097855,0.09548214285714324,6.939056197664777,False,False,False,False,0,1,0.5111111111111111,0.36268343815513643,0.24444444444444444
prolific,5m3nhzzzppo3vc3k6if20tnm,0,1,1,0,2,1,6.259761487048369,0.23616517857142874,9.028967897449245,False,False,False,False,0,7,0.4111111111111111,0.29725609756097554,0.1
prolific,5moe0thth6evd7ri4hpzlxwm,0,0,0,0,0,0,4.885563986440211,0.1439186507936511,6.556966490828884,False,False,False,False,0,1,0.5777777777777777,0.6957671957671958,0.3111111111111111
prolific,5tqi72vno74hjnv7elkchmn7,0,0,0,0,0,0,5.302582387516877,0.15026438492063507,7.821239653468054,False,False,False,False,0,1,0.5,0.5010101010101012,0.25555555555555554
prolific,5vlapy2kltynt6q6usdmw53x,0,0,0,0,0,0,6.198076543692192,0.15524429563492065,6.976026261358219,False,False,False,False,0,1,0.4222222222222222,0.4828282828282829,0.07777777777777778
prolific,65z4s3erqhtq0y32l4ud5c77,0,0,0,0,0,0,4.426346376194942,0.0942648809523811,6.095678978283754,False,False,False,False,0,1,0.7666666666666667,0.3571428571428572,0.13333333333333333
prolific,6ueltttfobtmc33ejn29z66s,0,0,0,0,0,0,3.504274631171037,0.11950099206349188,5.551213431820541,False,False,False,False,0,1,0.6555555555555556,0.6192513368983962,0.07777777777777778
prolific,77drfp2k71bu1i898kgrkloj,0,0,0,0,0,0,3.241836452697469,0.09093080357142873,7.284261257693705,False,False,False,False,0,1,0.6555555555555556,0.5025329280648431,0.15555555555555556
prolific,7ezim729gp6n5w6uep9hptuu,0,0,0,0,0,0,3.9754194714541393,0.13640550595238193,4.933885622114958,False,False,False,False,0,1,0.6222222222222222,0.5483367983367984,0.12222222222222222
prolific,7onu45df12zkrxfc750nn4sa,0,0,0,0,0,0,3.792142343643236,0.09113343253968231,6.125168260512059,False,False,False,False,0,1,0.5666666666666667,0.7091836734693876,0.022222222222222223
prolific,7sw6swyfiqm06ookrrxv1ejk,0,0,0,0,0,0,3.2898066675470328,0.08919543650793664,5.176701463840295,False,False,False,False,0,2,0.32222222222222224,0.3615819209039547,0.4
prolific,84vog25x6i4fgbjucffyhd5p,0,0,0,0,0,0,3.8874197921218685,0.10732118055555566,6.215223622609193,False,False,False,False,0,1,0.5111111111111111,0.3913043478260868,0.044444444444444446
prolific,8lfe345vgkvurp8du9sfe3cu,0,0,0,1,1,1,3.860467972090303,0.10096279761904788,6.729736417730974,False,False,False,False,0,1,0.7888888888888889,0.5579004329004328,0.03333333333333333
prolific,8p2ni1ijdad6gblaeiq7rgzi,0,0,0,0,0,0,5.1718767433880855,0.15076388888888917,8.340183984629716,False,False,False,False,0,1,0.7111111111111111,0.3548387096774192,0.03333333333333333
prolific,9k89ceqjj2pul71i5uhx7kt5,0,0,0,0,0,0,5.606958917661185,0.12546949404761948,6.205369356648129,False,False,False,False,0,2,0.7777777777777778,0.8666666666666669,0.32222222222222224
prolific,9kzs2lfi4bmyk5xz03ck58ne,0,0,0,0,0,0,5.752481927617941,0.14490749007936501,7.190255420699469,False,False,False,False,0,1,0.6222222222222222,0.8069518716577541,0.35555555555555557
prolific,9s73oel30gm6y0mvrbrhg5sl,0,0,0,0,0,0,4.6852969008891865,0.1471458333333334,7.452074959363384,False,False,False,False,0,1,0.6555555555555556,0.5366876310272536,0.03333333333333333
prolific,a2v38wfhjdt19iwmixx5ubbn,0,0,0,0,0,0,4.584957649571547,0.12219518849206348,7.099516218381657,False,False,False,False,0,1,0.7333333333333333,-0.11363636363636348,0.08888888888888889
prolific,a4sq9uovavhzmy3ugpw14nes,0,0,0,0,0,0,4.221857736916456,0.15112450396825333,7.354531879771416,False,False,False,False,0,1,0.5,0.32499999999999996,0.26666666666666666
prolific,acyid5qbf3sxlj6irj8rue2i,0,1,0,0,1,1,5.029448479691599,0.13025545634920646,8.552509154872073,False,False,False,False,0,1,0.43333333333333335,0.2792207792207792,0.15555555555555556
prolific,adledzgxw4grcbjza71kl0bz,0,0,0,1,1,1,4.68710771765218,0.1206579861111109,7.306529031107873,False,False,False,False,0,1,0.6333333333333333,0.7397186147186146,0.011111111111111112
prolific,as4opn0p6i53xieis0t6eqgj,0,0,0,0,0,0,5.083917040311251,0.15671825396825384,7.079926244629802,False,False,False,False,0,1,0.6111111111111112,0.7759358288770056,0.044444444444444446
prolific,aw52ysj006w4svfzx022ho6a,0,1,0,0,1,1,6.7610686169841125,0.18792509920634926,7.63820466218932,False,False,False,False,0,1,0.6888888888888889,0.9642857142857142,0.15555555555555556
prolific,b50ed6wgqvfuz39mn3dw9s5i,0,0,0,0,0,0,3.1816225446056983,0.07200223214285721,6.165916207747766,False,False,False,False,0,1,0.6777777777777778,0.2903225806451611,0.03333333333333333
prolific,b6ntfmchp7gcv2hhdnmy8dcx,0,0,0,0,0,0,4.9247884982375485,0.12678224206349223,6.069242502225114,False,False,False,False,0,1,0.5111111111111111,0.6458333333333331,0.1
prolific,bd1lnrnygthu88n7uhqouupu,0,0,0,0,0,0,3.173394603339032,0.0844236111111113,5.2305257439391495,False,False,False,False,0,1,0.6555555555555556,0.36842105263157904,0.07777777777777778
prolific,bgdbxmyihscd8j5yck7zpncx,0,0,0,0,0,0,4.900896965020799,0.12167584325396755,5.878868845514729,False,False,False,False,0,1,0.4444444444444444,0.32456140350877194,0.05555555555555555
prolific,bglkgiekgvpk66wserkvszvn,0,0,0,0,0,0,4.078045339451327,0.10135863095238093,5.7823220345573265,False,False,False,False,0,1,0.7222222222222222,0.9310344827586207,0.14444444444444443
prolific,bpx7zoh3jy0thvu8qzq8lf0w,0,0,0,0,0,0,2.85420888052131,0.08880729166666616,4.434400407766445,False,False,False,False,0,1,0.6555555555555556,0.5274122807017544,0.3
prolific,brbcu0xzd02uqsem1xrt52wr,0,0,0,0,0,0,3.935486737566224,0.10263814484126979,5.084697531443919,False,False,False,False,0,1,0.7333333333333333,0.49999999999999983,0.06666666666666667
prolific,bzkr2dox2xt1y9h4s7wpssde,0,0,0,0,0,0,3.2643251988097193,0.0939164186507934,5.099465581074166,False,False,False,False,0,1,0.6555555555555556,0.9714285714285714,0.16666666666666666
prolific,c0vajovs4eeyqef7vqaq0ae3,0,0,0,0,0,0,5.326214211868608,0.1159042658730159,8.239970687368421,False,False,False,False,0,1,0.5444444444444444,0.619022869022869,0.011111111111111112
prolific,clbuh3a2585h6gnz793fuy9c,0,0,0,0,0,0,5.288131122366275,0.12240128968253977,7.601972029196408,False,False,False,False,0,1,0.5555555555555556,0.2049266247379456,0.03333333333333333
prolific,cng3i38r1jvcidbz5s9p6pw8,0,0,0,0,0,0,2.673984550340829,0.06399702380952349,5.02509497729062,False,False,False,False,0,1,0.5,0.6986584107327142,0.16666666666666666
prolific,cwgfb4shdtmzip7h3libx8if,0,0,0,0,0,0,5.37475679381015,0.11744444444444481,6.575307853291438,False,False,False,False,0,1,0.45555555555555555,0.5959183673469384,0.13333333333333333
prolific,cyf4lwt71hzndc26n3gok5gn,0,0,0,0,0,0,3.696914457100782,0.0995967261904762,5.8316113963067595,False,False,False,False,0,1,0.5222222222222223,0.4241658240647119,0.13333333333333333
prolific,d4kdo4b2j6sp5t7p2c7ay6u2,0,0,0,0,0,0,4.251159171396,0.1434047619047623,7.341877169258784,False,False,False,False,0,2,0.6555555555555556,0.9199561403508771,0.022222222222222223
prolific,d548x9pit2z980gmf8mcce2g,0,0,0,1,1,1,5.0743931684151224,0.1247596726190474,6.191315281794596,False,False,False,False,0,1,0.6111111111111112,0.861497326203209,0.07777777777777778
prolific,d9hniznzrxs4dgpe5u2oh4gp,0,0,0,0,0,0,4.828533754366984,0.12351364087301578,5.888592867938921,False,False,False,False,0,1,0.7111111111111111,0.42424242424242425,0.15555555555555556
prolific,ddmw598i3zvxrzwq9tinro14,0,1,0,0,1,1,4.4815629442789175,0.11899801587301591,7.363934082720879,False,False,False,False,0,1,0.6,0.29545454545454536,0.23333333333333334
prolific,dduz8pfhwdmhubex0xukns3v,0,0,0,0,0,0,6.037256042462716,0.13473263888888898,7.8487559888904155,False,False,False,False,0,1,0.6777777777777778,0.732456140350877,0.08888888888888889
prolific,dfr3ft3vadd2ecq1pqhkiiid,0,0,0,0,0,0,4.680261924540586,0.1042222222222222,7.304313581520121,False,False,False,False,0,1,0.5777777777777777,0.7301020408163265,0.044444444444444446
prolific,drsp05u7fyun1p5gbhu3a7r9,0,0,0,0,0,0,4.65239393163358,0.10257242063492092,7.327215270072076,False,False,False,False,0,1,0.5333333333333333,0.8463094034378161,0.28888888888888886
prolific,dz9dqzx96f5jbaaue75gaip4,0,0,0,0,0,0,6.084275788410756,0.17375644841269886,9.135653388969272,False,False,False,False,0,1,0.4111111111111111,0.237082066869301,0.32222222222222224
prolific,e0nvk8pb717u3eqm3wsl2gkf,0,0,0,0,0,0,6.082286484049159,0.19137524801587336,10.122342605453017,False,False,False,False,0,1,0.5,0.6626016260162597,0.2777777777777778
prolific,ef4f7206jrf8matkgc345hmc,0,0,0,0,0,0,5.101325540779047,0.1263137400793655,5.958894156068577,False,False,False,False,0,1,0.6111111111111112,0.4186046511627908,0.2
prolific,ehwkf4wl2iz2imaw3cx7ysx3,0,0,0,0,0,0,4.350258274449212,0.13696279761904762,5.730821689308345,False,False,False,False,0,1,0.6888888888888889,0.5128205128205128,0.022222222222222223
prolific,emabcgvxonq2ef9by0gz9zgi,0,0,0,0,0,0,6.714238168485078,0.1513172123015873,8.130822717420065,False,False,False,False,0,1,0.4111111111111111,0.6459183673469387,0.022222222222222223
prolific,evqas6s8izco827tpqjvoxcj,0,0,0,0,0,0,4.5456986783287565,0.09663392857142881,6.0879096627841465,False,False,False,False,0,1,0.6666666666666666,0.9161184210526316,0.011111111111111112
prolific,f9xjoighh0qfwmm86mqyv5f5,0,0,0,0,0,0,2.942632902933302,0.0977182539682535,7.502255937383701,False,False,False,False,0,1,0.6111111111111112,0.4486772486772485,0.36666666666666664
prolific,ff6kgadu0qjiwk84rukj1h84,0,1,0,0,1,1,5.0122325885617585,0.15629861111111115,8.653632947354469,False,False,False,False,0,1,0.32222222222222224,0.1487179487179487,0.16666666666666666
prolific,fiqso5uscn2zlqereap76xmw,0,0,0,0,0,0,5.565792723267963,0.14768675595238098,7.250639621713379,False,False,False,False,0,1,0.5222222222222223,0.474593495934959,0.13333333333333333
prolific,fuqsuj8ayzevglbwkk56ps6r,0,1,0,1,2,1,7.991951186855538,0.21334449404761863,10.676194351407997,False,True,False,False,1,1,0.6333333333333333,0.9091836734693874,0.1111111111111111
prolific,g5eqvctv9id6b9ptz7kpkpcs,0,0,0,0,0,0,4.8071852392679535,0.133507688492064,6.841394943587627,False,False,False,False,0,1,0.6777777777777778,0.5526315789473681,0.022222222222222223
prolific,gg3va1kde4m54v1ewawz8bo7,0,0,0,0,0,0,3.3054850652066206,0.09726140873015901,5.237012213343716,False,False,False,False,0,2,0.6666666666666666,0.5128205128205129,0.07777777777777778
prolific,gm54uazasq1wwy757lnxv8a7,0,0,0,0,0,0,6.24923089922299,0.19094345238095214,9.767939236049026,False,False,False,False,0,1,0.6222222222222222,0.8070175438596496,0.05555555555555555
prolific,grkd2z4k0wsugzpaadomco2b,0,0,0,0,0,0,5.569584050249431,0.14256001984127,7.238788945357863,False,False,False,False,0,1,0.6444444444444445,0.4342245989304815,0.18888888888888888
prolific,gt2taip1p76tvaqyb4294t47,0,0,0,0,0,0,3.9934068233361133,0.10267733134920659,6.7275455359171925,False,False,False,False,0,1,0.6555555555555556,0.3684491978609628,0.1
prolific,h3s7f80w8xa29f1pe7wotkx8,0,0,0,0,0,0,5.223955572848983,0.1214799107142864,6.678316473453932,False,False,False,False,0,1,0.4777777777777778,0.42467138523761394,0.1111111111111111
prolific,h5hs7yvdwt3561x7r3lb2ic3,0,0,0,0,0,0,5.849742238784908,0.1579774305555554,7.907280957638207,False,False,False,False,0,1,0.45555555555555555,0.3025510204081633,0.5
prolific,hhlynjf4hzepmv9w0mbcxqr6,0,0,0,0,0,0,5.125596831749818,0.1253112599206352,8.563940196663532,False,False,False,False,0,4,0.5333333333333333,0.5924242424242426,0.1
prolific,hrbrgwqw7co5zozydcd3fgrz,0,0,0,0,0,0,6.242245446135382,0.14912946428571444,8.293958681179216,False,False,False,False,0,1,0.6666666666666666,0.8285714285714281,0.022222222222222223
prolific,i0ugmx5o8r0kmwjzjg0izrr6,0,0,0,0,0,0,5.0039483576184285,0.12732390873015903,8.58757846119212,False,False,False,False,0,1,0.6222222222222222,0.8818369453044375,0.05555555555555555
prolific,i25gjxbngzv1icp6foea9h68,0,0,0,0,0,0,1.6655986434671626,0.0473611111111107,3.1653708801875773,False,False,False,False,0,1,0.6666666666666666,0.7012061403508772,0.13333333333333333
prolific,i6affm1b3nhuvqtt5axqrbx9,0,0,0,0,0,0,5.2750963013968315,0.13427356150793607,7.948033248664377,False,False,False,False,0,2,0.4111111111111111,0.4090447154471543,0.4222222222222222
prolific,i7go7bwvda0otq6epxskd21k,0,0,0,0,0,0,4.737449841843624,0.11670535714285721,7.369765192888226,False,False,False,False,0,3,0.5777777777777777,0.6833333333333339,0.15555555555555556
prolific,ii6vjnrw5osveykviroi5sjs,0,0,0,0,0,0,3.9342754111668348,0.09412450396825398,6.8005503955017925,False,False,False,False,0,8,0.6888888888888889,0.34565217391304365,0.28888888888888886
prolific,jakm2wy22dv5pig2gfe7sip6,0,0,0,1,1,1,4.434735300357204,0.10638120039682497,5.937528203927594,False,False,False,False,0,1,0.6444444444444445,0.934358974358974,0.044444444444444446
prolific,jenzwgz5xzbpfou39t519cbq,0,0,0,0,0,0,5.151803984631783,0.1126755952380953,7.0055607497711465,False,False,False,False,0,1,0.5888888888888889,0.5924796747967478,0.05555555555555555
prolific,jfvqy4bcxgd0018eo9v0aemz,0,0,0,0,0,0,5.771983975226741,0.12530307539682564,7.445551866119791,False,False,False,False,0,1,0.6555555555555556,0.37931034482758647,0.4888888888888889
prolific,jnabdy80h0q1gk2nwhrpcq4c,0,0,0,0,0,0,3.487645764609925,0.07381076388888957,5.758374002173609,False,False,False,False,0,1,0.7333333333333333,0.3700209643605872,0.0
prolific,jpjqotrhlpgroq452sz8q1pp,0,0,0,0,0,0,3.5669481541933004,0.09986011904761934,7.168392734528943,False,False,False,False,0,6,0.6444444444444445,0.9295918367346939,0.25555555555555554
prolific,jsiz28uvujubuu9fh299yt2x,0,0,0,0,0,0,3.3146421524552316,0.08893824404761912,6.241318141668419,False,False,False,False,0,1,0.6888888888888889,0.5461624026696328,0.1
prolific,jsqd8nqe3yz1wf39o073cupk,0,0,0,0,0,0,4.2754099842053295,0.11300967261904642,6.540717242158237,False,False,False,False,0,1,0.7222222222222222,0.22358175750834253,0.1111111111111111
prolific,jwf8igqmhrzi0d5auaw283ge,0,0,0,0,0,0,4.286096221220595,0.10979712301587351,6.91182611012757,False,False,False,False,0,1,0.5555555555555556,0.36220871327254317,0.16666666666666666
prolific,k20lt88h187bwdhylafnqt2u,0,0,0,0,0,0,3.7714437753445527,0.08882192460317472,5.454977687709619,False,False,False,False,0,1,0.5333333333333333,0.4171717171717173,0.1
prolific,k4r8vpzt3fw549gr1ud5u95y,0,0,0,0,0,0,3.9396301713858137,0.09491071428571503,5.927428627819439,False,False,False,False,0,2,0.5666666666666667,0.8143589743589742,0.28888888888888886
prolific,k9loevk12co5ni85iv4n1nhy,0,0,0,0,0,0,4.595402991845635,0.12257266865079373,6.20298804400301,False,False,False,False,0,1,0.4777777777777778,0.44973544973544965,0.18888888888888888
prolific,ko9z51q0qculkdsls68k4ph7,0,0,0,0,0,0,2.5745073783659436,0.0875312499999999,5.077272324171504,False,False,False,False,0,1,0.5111111111111111,0.41767676767676754,0.17777777777777778
prolific,kwiconcwj088eqixqr19bdvk,0,0,0,0,0,0,4.033288263806563,0.08346527777777768,6.913385081180177,False,False,False,False,0,1,0.4888888888888889,0.5309959349593492,0.022222222222222223
prolific,l3dgmgy4ntgblrflll7epil4,0,1,0,0,1,1,5.103694602894667,0.14073933531746022,6.558913952039727,False,False,False,False,0,1,0.7333333333333333,0.5023894862604543,0.37777777777777777
prolific,lfefipdfxe5vmdz550ub6rab,0,0,0,0,0,0,3.3712162383478512,0.09211284722222197,5.516683061638001,False,False,False,False,0,1,0.5333333333333333,0.3761375126390293,0.16666666666666666
prolific,lhrpsrhtf4ubnk9dev13a55u,0,0,0,0,0,0,6.710901175413862,0.15728397817460316,8.416637157420274,False,False,False,False,0,1,0.5222222222222223,0.4422084623323015,0.03333333333333333
prolific,ln0nrlca6tvkni2ac7xi7h7p,0,0,0,0,0,0,2.969547770594216,0.10642460317460342,5.151370427758952,False,False,False,False,0,1,0.6666666666666666,0.1361788617886179,0.022222222222222223
prolific,m1nml3stwvbiv4tyez8791cz,0,0,0,0,0,0,3.3039862227004324,0.06862425595238068,5.744788479154786,False,False,False,False,0,1,0.7444444444444445,0.6774193548387096,0.011111111111111112
prolific,m2d9cakvpjzfvssrwsue1l8x,0,0,0,0,0,0,4.110757355313455,0.10746031746031737,7.370585450000928,False,False,False,False,0,1,0.7,0.7359307359307359,0.1
prolific,m4wzuj1s8ja9agm0qoc2xj95,0,0,0,0,0,0,6.4456291081778865,0.1540850694444444,7.693064452608815,False,False,False,False,0,1,0.6666666666666666,0.8815350389321465,0.1
prolific,mg7hs29j7m7upg6e67lt7xnc,0,0,0,0,0,0,3.484840190400929,0.08372172619047652,5.415810208659564,False,False,False,False,0,1,0.5666666666666667,0.48988877654196167,0.16666666666666666
prolific,miokf3xp31sodz9fu1ooo8rv,0,0,0,0,0,0,4.961903656784283,0.13207316468253932,6.25349315823583,False,False,False,False,0,2,0.5,0.4,0.4666666666666667
prolific,mkx1kg37cbbam013vv3o4d5n,0,0,0,0,0,0,3.757061265665489,0.10481398809523779,6.848737518790955,False,False,False,False,0,1,0.7777777777777778,0.6785714285714288,0.03333333333333333
prolific,ml99dlvnxomrv0ljb817mo1s,0,0,0,0,0,0,5.795112187958033,0.13364186507936518,7.4412249113139985,False,False,False,False,0,2,0.6666666666666666,0.6216216216216217,0.3333333333333333
prolific,mn3egk3kcwj6f1iqo6txxdc8,0,0,0,0,0,0,4.630337194443971,0.10631299603174628,6.431347414433706,False,False,False,False,0,1,0.4777777777777778,0.754358974358974,0.05555555555555555
prolific,mw91qbdbkogx67zcyhafmq4o,0,0,0,0,0,0,2.931717264313484,0.0912031249999998,4.227678346937396,False,False,False,False,0,2,0.7111111111111111,0.41320166320166307,0.2111111111111111
prolific,mx811ate6r8f9iz7i54tx8qh,0,0,0,0,0,0,5.121931374342045,0.12786656746031755,7.853267894098195,False,False,False,False,0,1,0.5333333333333333,0.2732323232323232,0.37777777777777777
prolific,mzbjh9jcagvog8amt8gmj6l9,0,0,0,0,0,0,3.4435576187704564,0.08110739087301577,6.332245538340949,False,False,False,False,0,1,0.6555555555555556,0.2577540106951872,0.13333333333333333
prolific,ne5nmyju0k0oi4ez7ql5rkbc,0,0,1,0,1,1,5.823111871123423,0.16108407738095284,8.174769035838215,False,False,False,False,0,1,0.4222222222222222,0.37613751263902917,0.15555555555555556
prolific,neoj5f2tsstve521cz90zd7y,0,1,0,0,1,1,5.551536083162595,0.14119419642857162,7.91369233232807,False,False,False,False,0,1,0.5888888888888889,0.6839916839916838,0.011111111111111112
prolific,o1tws8uglfy7iud0zcdhb0of,0,0,0,0,0,0,5.156351155469542,0.15845535714285702,8.45007692101322,False,False,False,False,0,2,0.4222222222222222,0.6179653679653682,0.2222222222222222
prolific,o6kb7svqlmiv784yyvo82og9,0,0,0,0,0,0,3.33554413994227,0.08775148809523833,5.7464909702101,False,False,False,False,0,1,0.43333333333333335,0.22153846153846146,0.15555555555555556
prolific,obyyqp9qfruwsd0srd1za801,0,0,0,0,0,0,5.880818014874714,0.14833903769841278,6.1442896666525275,False,False,False,False,0,3,0.28888888888888886,0.1273637374860957,0.35555555555555557
prolific,ofrox51pmggtdf039k1xu98q,0,0,0,0,0,0,6.156656461118644,0.14765327380952376,7.314727372435101,False,False,False,False,0,1,0.7888888888888889,0.5714285714285713,0.28888888888888886
prolific,og5eiqhl4ell3pvt7e47zjx1,0,1,0,0,1,1,6.209883724841021,0.15256696428571434,8.796936452362754,False,True,False,False,1,1,0.6,0.47764227642276424,0.4
prolific,ozklnmnvkoeg9rhy7e65pj31,0,0,0,0,0,0,6.11856755093162,0.14977480158730164,8.262842409226005,False,False,False,False,0,1,0.5333333333333333,0.798378926038501,0.05555555555555555
prolific,p63k33kd0va3yr9hsisv7nza,0,0,0,1,1,1,3.6996338137841676,0.10617013888888896,4.712234607387112,False,False,False,False,0,1,0.5444444444444444,0.8897876643073809,0.03333333333333333
prolific,pfs02c9pkgwibojrw7huyt8j,1,1,0,0,2,1,4.696549177000111,0.11402976190476219,7.804418358184672,False,False,False,False,0,1,0.6333333333333333,0.8208556149732623,0.23333333333333334
prolific,pfvcy6m8s0xkkfd9llpty0gt,0,0,0,0,0,0,5.948588117295303,0.14429141865079373,7.88159775686794,False,False,False,False,0,1,0.6444444444444445,0.4651162790697675,0.28888888888888886
prolific,pinf9kszx4wbdkhy5l1hwa6c,0,0,0,0,0,0,4.171602556869716,0.11216865079365099,7.849738242816989,False,False,False,False,0,1,0.5666666666666667,0.7067745197168858,0.2111111111111111
prolific,pj2juz9u4o3412tuhaaon2mx,0,0,0,0,0,0,3.4135086699150516,0.06607192460317464,6.068416188013328,False,False,False,False,0,1,0.7,0.07387387387387394,0.044444444444444446
prolific,pky1krp9005h74sp6c3uzav9,0,0,0,0,0,0,4.506148042109493,0.12593501984127028,7.276060544893719,False,False,False,False,0,2,0.5111111111111111,0.25581395348837216,0.12222222222222222
prolific,po1nb7atf5j4ghhdgotzdk87,0,0,0,1,1,1,4.8995492763111805,0.15968650793650793,7.410275162629613,False,False,False,False,0,1,0.7555555555555555,0.4117647058823532,0.08888888888888889
prolific,prixwwn7ldvehxeuaw036cka,0,0,0,0,0,0,2.8894351023971803,0.06686805555555542,5.158122217711255,False,False,False,False,0,1,0.5444444444444444,0.621443089430894,0.1
prolific,ptz9jbgy1fhpy8jo3lpshxna,0,0,0,0,0,0,4.71966323956628,0.17981944444444434,9.067362994790173,False,False,False,False,0,1,0.43333333333333335,0.43617021276595763,0.2111111111111111
prolific,pv0jxvb2357a5p0fwzibuqry,0,0,0,0,0,0,4.180630947651017,0.11300272817460351,6.576198743574248,False,False,False,False,0,1,0.5444444444444444,0.2439024390243903,0.044444444444444446
prolific,pydsub3305ez6hew5ads85ge,0,0,0,0,0,0,4.773993097961071,0.12484052579365132,5.313574379398553,False,False,False,False,0,1,0.5111111111111111,0.5494949494949495,0.07777777777777778
prolific,qcdk2tj1c6i20hiduqjeh67w,0,0,0,0,0,0,4.5128461780651214,0.11764459325396853,6.293590241632775,False,False,False,False,0,2,0.6111111111111112,0.5464646464646468,0.03333333333333333
prolific,qqi5znxg9c08psfg0wbsi1jc,0,0,0,0,0,0,5.407552179971628,0.13987723214285713,8.433316329436488,False,False,False,False,0,1,0.4777777777777778,0.6632962588473206,0.022222222222222223
prolific,r8kvfvak4zlrwvn6pisn9vn3,0,0,0,0,0,0,4.664568362092618,0.12825967261904767,6.610751758965804,False,False,False,False,0,1,0.6555555555555556,0.6601010101010103,0.3
prolific,rajsvfwo2n9j6m1oj6c91rj3,0,0,0,0,0,0,2.1216357545892413,0.08516666666666667,5.52809494014807,False,False,False,False,0,1,0.6333333333333333,0.5050658561296858,0.022222222222222223
prolific,rd874rrg3n6blz5e2vmch8ks,0,1,0,0,1,1,5.342389251831098,0.1307646329365075,6.646842543559407,False,False,False,False,0,1,0.7111111111111111,0.5700534759358291,0.26666666666666666
prolific,res0ruqjbr1gufnelh1gmu11,0,0,0,0,0,0,4.401557816527072,0.15767410714285693,7.4907700569870705,False,False,False,False,0,1,0.45555555555555555,0.5041025641025642,0.2
prolific,rlfnbchmxcdnmvh8rchpiker,0,0,0,1,1,1,5.8806145956863585,0.15072743055555515,7.564024902687733,False,False,False,False,0,3,0.6777777777777778,0.7377049180327867,0.17777777777777778
prolific,rmj5e5y59rzx15cktxgyyfya,0,0,0,0,0,0,3.8730542798341863,0.1089112103174603,5.546317085886992,False,False,False,False,0,4,0.36666666666666664,0.2636738906088751,0.06666666666666667
prolific,rz9oz1fa9mxw4p8xg1zex3dn,0,0,0,0,0,0,5.646291477215341,0.15091493055555544,7.0257366728491375,False,False,False,False,0,1,0.6777777777777778,0.611111111111111,0.011111111111111112
prolific,s6dmy269v6v8tq2sxx6ijbsi,0,0,0,0,0,0,6.694006271991411,0.1650362103174603,7.847266434911174,False,False,False,False,0,1,0.6333333333333333,1.0000000000000004,0.1
prolific,s8xztpmugvi5i1hiiy0caf1l,0,0,0,0,0,0,4.780561883572945,0.11969444444444477,6.920119254140761,False,False,False,False,0,1,0.6444444444444445,0.5312500000000003,0.022222222222222223
prolific,scx3y6124yw45ct8lh80lxdm,0,0,0,0,0,0,3.897325570804957,0.10987450396825386,6.265206697710976,False,False,False,False,0,1,0.4777777777777778,0.35603715170278644,0.07777777777777778
prolific,sfcoka8iitssmd15lnc8mb23,0,0,0,0,0,0,4.9236147655300275,0.12430952380952415,6.413050422645117,False,False,False,False,0,1,0.6,0.6663265306122449,0.08888888888888889
prolific,siqr7b26o4dl4t1qe59wdsyk,0,0,0,0,0,0,6.137709318547749,0.1945086805555551,7.731008892576003,False,False,False,False,0,2,0.4111111111111111,0.6257796257796258,0.12222222222222222
prolific,swq3fvf9fr79ha3hyl3pseuu,0,0,0,1,1,1,4.172121974599752,0.10160987103174596,6.340565552069078,False,False,False,False,0,1,0.4444444444444444,0.40717948717948727,0.07777777777777778
prolific,t1yzez4ovd27jbq0hyrpx1lm,0,0,0,0,0,0,6.98702995489714,0.19982366071428603,10.057935336129557,False,False,False,False,0,1,0.5444444444444444,0.9056603773584909,0.15555555555555556
prolific,tblx1m7ct4qr442pn677n41o,0,0,0,0,0,0,3.384728528417483,0.09517807539682537,5.323134906951237,False,False,False,False,0,1,0.5555555555555556,0.8000000000000002,0.15555555555555556
prolific,tgt0ui62axqihws96b9rp7q7,0,0,0,0,0,0,6.448446683519066,0.14376041666666645,8.851811695687227,False,False,False,False,0,1,0.6222222222222222,0.7866876310272541,0.044444444444444446
prolific,tmm6coys6dyyzbvl87at5f2z,0,0,0,0,0,0,3.1306392978507387,0.0780590277777778,5.931297903868874,False,False,False,False,0,1,0.5444444444444444,0.9090909090909095,0.14444444444444443
prolific,u3985tl25civw7cwkponfq3v,0,0,0,0,0,0,1.3862943611198906,0.029291666666666803,4.670006468526993,False,True,False,False,1,1,0.6888888888888889,0.6571428571428568,0.25555555555555554
prolific,u4hewdfbi95vkie80f4arixr,1,0,0,0,1,1,6.293481389788885,0.17353174603174637,9.585850103454225,False,False,False,False,0,1,0.6111111111111112,0.49999999999999983,0.12222222222222222
prolific,u4llbg249clqj7gecwc19dj2,1,1,0,1,3,1,6.59222478495811,0.1655612599206347,8.290367301301073,False,True,False,True,2,1,0.4444444444444444,0.3476084538375973,0.06666666666666667
prolific,u5gp53g7omv2ivz6ce9napx8,0,0,0,0,0,0,2.4725465793085437,0.05859002976190462,6.231710714456323,False,False,False,False,0,2,0.5333333333333333,0.7767295597484281,0.044444444444444446
prolific,u8ugvmr32frcnzlceuo67kt0,0,0,0,0,0,0,4.427419507681099,0.10233581349206339,6.116703032868551,False,False,False,False,0,1,0.6666666666666666,0.7949561403508774,0.022222222222222223
prolific,ucftdalpyct4hvytx6pvkp3n,0,0,0,1,1,1,5.041218024499622,0.14162748015873036,9.526835676166952,False,False,False,False,0,1,0.5444444444444444,0.717750257997936,0.2
prolific,ulg8tc0zx06x1i6z1sgm5t4z,0,0,0,0,0,0,4.877733264981639,0.10772743055555556,6.680949184846125,False,False,False,False,0,1,0.5888888888888889,0.5833333333333331,0.03333333333333333
prolific,uuh7v8p7kao4kesi6uu6tvw9,0,0,0,0,0,0,5.209784685606534,0.12472197420634965,6.9572345000954785,False,False,False,False,0,1,0.36666666666666664,0.3018867924528302,0.011111111111111112
prolific,uukqsvy7zzeqfqovqzd1pa64,0,0,0,0,0,0,4.560086184267016,0.11593576388888881,5.950745853311263,False,False,False,False,0,1,0.6333333333333333,0.9574468085106383,0.18888888888888888
prolific,uy4dfkzf724ww53jtl7euz3e,0,0,0,0,0,0,4.52732724316456,0.10985565476190405,6.90649942850611,False,False,False,False,0,3,0.45555555555555555,0.4623323013415892,0.022222222222222223
prolific,v2h8o96cg4bhv88n2a134lzf,0,0,0,0,0,0,2.9752761633238904,0.09264657738095147,5.022385487002458,False,False,False,False,0,1,0.6222222222222222,0.4,0.14444444444444443
prolific,v9ausuant19jns40jd4luox9,0,0,0,0,0,0,2.8322232387178694,0.07661383928571391,5.37370782092537,False,False,False,False,0,4,0.5888888888888889,0.5846938775510203,0.4
prolific,vagifv6u15xfnf6u3kh9vq6r,0,0,0,0,0,0,4.293189257402332,0.11171354166666715,5.990681759888709,False,False,False,False,0,1,0.5555555555555556,0.6759352881698685,0.08888888888888889
prolific,vjt1f5j28jg0m1mme6atp0jt,0,0,0,0,0,0,3.8445173571218834,0.08683928571428587,6.219296079184994,False,False,False,False,0,1,0.3333333333333333,0.0655172413793104,0.5444444444444444
prolific,w2mr1qy43bjo0tukpzsj8bem,0,0,0,0,0,0,4.689111870372221,0.12756150793650822,7.135312746577904,False,False,False,False,0,1,0.5666666666666667,0.4116161616161618,0.28888888888888886
prolific,wbmh5irelure1ly1hmnbdml3,0,0,0,0,0,0,3.9625368189045225,0.11086458333333349,5.938384441047366,False,False,False,False,0,1,0.6666666666666666,0.5644067796610173,0.2222222222222222
prolific,wdioev3k4jeqerrhvrwol0tb,0,0,0,0,0,0,6.167253464500929,0.14511780753968273,9.009321930547385,False,False,False,False,0,1,0.5333333333333333,0.7294832826747726,0.36666666666666664
prolific,wff878hbkprp629llodp0m48,0,0,0,0,0,0,4.18059914455013,0.12110813492063478,6.0165768524164704,False,False,False,False,0,1,0.6111111111111112,0.4024266936299292,0.14444444444444443
prolific,wlj16w5ezr0c3vxwa8kpkei4,0,0,0,0,0,0,5.818783304595045,0.12826636904761904,6.812971026465822,False,False,False,False,0,1,0.5222222222222223,0.4035714285714287,0.15555555555555556
prolific,wqv0k771mdewidtut1vlckwa,0,0,0,0,0,0,4.577644196810073,0.10607366071428569,6.58331615636295,False,False,False,False,0,1,0.6,0.5140332640332643,0.03333333333333333
prolific,wxiwvk4ltgldotcyc6r0r4u2,0,0,0,0,0,0,5.185202392353279,0.11903397817460298,7.705119548412306,False,False,False,False,0,1,0.6,0.716818642350557,0.03333333333333333
prolific,x0141yy1fat9j4de4yerqoeh,0,0,0,0,0,0,5.214020854161809,0.13703125000000013,6.001053533876586,False,False,False,False,0,1,0.6222222222222222,0.5762626262626263,0.0
prolific,x0tr8sfr0g0hf2wcinx2sltl,0,0,0,0,0,0,4.793238777019576,0.11899751984126947,6.341001449469436,False,False,False,False,0,1,0.5777777777777777,0.7669706180344479,0.1
prolific,x9xony0cxtk8q4m0egvrv3p7,0,1,0,0,1,1,5.678302903941937,0.13802281746031742,6.83293005355234,False,False,False,False,0,1,0.6111111111111112,0.7494802494802493,0.044444444444444446
prolific,xd78fudntrmkohbpq9cgjdik,0,0,0,0,0,0,5.959507764329455,0.18160094246031744,9.260675858460976,False,False,False,False,0,1,0.7222222222222222,0.31428571428571406,0.06666666666666667
prolific,xlvutciogdrl2r9g45gz7ldl,0,0,0,0,0,0,6.689844679592365,0.17998239087301562,10.06565491316197,False,False,False,False,0,1,0.37777777777777777,0.2578361981799797,0.022222222222222223
prolific,xmcftp4w2e52rl9zsgzpyrxh,0,0,0,0,0,0,5.37411732719111,0.1335014880952385,6.837178303514631,False,False,False,False,0,1,0.7444444444444445,0.8798850574712643,0.03333333333333333
prolific,xod95zhzmdzosg5eoygdfe35,0,0,0,0,0,0,5.968243481956777,0.1384972718253969,7.833185254473835,False,False,False,False,0,1,0.5333333333333333,0.8647416413373862,0.15555555555555556
prolific,xuoje6vh4hw7rm08jc79muav,0,0,0,1,1,1,5.107548864662982,0.1433246527777774,7.657238437364111,False,False,False,False,0,1,0.6,0.6785345717234261,0.12222222222222222
prolific,xus1hcgd5jscu5yugxpbjjus,0,0,0,0,0,0,5.339678068302263,0.14265500992063515,7.494781115473959,False,False,False,False,0,1,0.4888888888888889,0.7333333333333336,0.044444444444444446
prolific,xvpdzry1jqz4fq3gom48b9c6,0,0,0,0,0,0,4.036975551445545,0.12578472222222262,7.458303298845001,False,False,False,False,0,3,0.6111111111111112,0.1676190476190475,0.1
prolific,y20qesh4on6pf8bl4d8xnfxw,0,0,0,0,0,0,6.37743116157487,0.16187772817460347,7.37923041565221,False,False,False,False,0,1,0.5555555555555556,0.418191056910569,0.05555555555555555
prolific,y8t2sd3dutbsp5rki7byp72x,0,1,0,0,1,1,3.052821643257368,0.0855922619047617,5.869004540830016,False,False,False,False,0,1,0.5555555555555556,0.6732723577235776,0.34444444444444444
prolific,yfnacg4i0v7jifyfakxjbd1q,0,0,0,0,0,0,4.7510177376197635,0.11717460317460295,6.952771202972282,False,False,False,False,0,1,0.34444444444444444,-0.018518518518518517,0.1
prolific,yjylqgzycho9i25v2kjx1lo0,0,0,0,0,0,0,5.178892850943734,0.12453075396825383,6.767992896628333,False,False,False,False,0,1,0.6333333333333333,0.23701298701298693,0.06666666666666667
prolific,ym6mi7m98bwg02h1q56c9brf,0,0,0,0,0,0,4.487582806325558,0.14350793650793636,6.051528764666475,False,False,False,False,0,1,0.5,0.5106060606060607,0.0
prolific,ypz0pdffitn3le2tum2n6vhx,0,0,0,0,0,0,3.998160260588487,0.10499255952380948,6.6173916533190695,False,False,False,False,0,2,0.4,0.14898989898989895,0.24444444444444444
prolific,yrfvdu0d1fl5g8994ej278vz,0,0,0,0,0,0,7.456431542607004,0.17298412698412677,8.823018905401964,False,False,False,False,0,1,0.6777777777777778,0.566137566137566,0.03333333333333333
prolific,yy3a6xvbwcgzufjmpng6wb3d,0,0,0,0,0,0,6.11774295160379,0.12597321428571442,6.819285472731364,False,False,False,False,0,1,0.4777777777777778,0.8409090909090906,0.25555555555555554
prolific,z8a14walv6et4id5gwsv4s7t,0,0,0,0,0,0,3.435726897311884,0.08673437499999986,5.042180540465422,False,False,False,False,0,1,0.6,0.9161255411255412,0.07777777777777778
prolific,zk7jn70yddea3o8731mzpoz6,0,1,0,0,1,1,3.9248504418986556,0.1140600198412697,5.135509291903805,False,False,False,False,0,1,0.4888888888888889,0.02002224694104555,0.1111111111111111
prolific,zoaj7vekc9hzlt1rxkbt1f5h,0,1,0,0,1,1,3.3681465870966996,0.07476041666666655,7.195700721047201,False,False,False,False,0,1,0.6111111111111112,0.09927536231884065,0.2111111111111111
prolific,zs4sf8n0ws77fp0e0a75jflw,0,0,0,0,0,0,6.067264507751055,0.15206894841269877,9.559281114868362,False,False,False,False,0,1,0.6777777777777778,0.30509355509355507,0.011111111111111112
mturk,02rwq76tp9lcye8vrl41llnh,1,1,0,1,3,1,7.146016821287551,0.17278918650793632,9.716071339364982,False,False,False,False,0,5,0.3888888888888889,0.5374220374220375,0.1
mturk,0a8zkiu9rpf0mxo0h9ecdyzh,0,0,0,0,0,0,5.743994277486256,0.14142286706349216,8.02001575682442,False,False,False,False,0,1,0.7666666666666667,0.9097693351424696,0.03333333333333333
mturk,0g4fx9g2wryeio74yzgqwpq8,0,0,0,0,0,0,2.302112811761975,0.06016145833333338,4.418713606031071,False,False,False,False,0,1,0.7222222222222222,0.6249999999999998,0.18888888888888888
mturk,0k1tzkzdb7dvx6z9q0nyovde,0,0,0,0,0,0,2.5366600184644823,0.060170138888888974,5.006736202458275,False,False,False,False,0,1,0.6555555555555556,0.3846153846153849,0.044444444444444446
mturk,0lq9i4x81dgnwglgvgnh34rj,0,0,0,0,0,0,1.7971189014988784,0.05359722222222281,4.753823230681116,False,False,False,False,0,1,0.6666666666666666,0.4512061403508772,0.07777777777777778
mturk,0piu71owxiz9tgsitq7ktqh6,1,1,0,0,2,1,5.761402777954052,0.1298385416666667,8.033706629091407,False,False,False,False,0,1,0.5888888888888889,0.981132075471698,0.25555555555555554
mturk,19h68mzzzd51m1ysm4jbmlml,1,1,0,0,2,1,6.406007376572456,0.13600868055555546,8.1894439595102,False,True,False,False,1,4,0.6444444444444445,0.8045073375262056,0.12222222222222222
mturk,1bkivj7fl2s7bnshyc0xs9xo,1,1,0,0,2,1,5.310263596900189,0.13919320436507962,7.989804627289036,True,True,False,False,2,4,0.6555555555555556,0.8214682981090096,0.2222222222222222
mturk,1dhmst23cwb07eov3r1qc7i1,0,1,1,0,2,1,4.771192520011273,0.11139260912698427,6.940960758595511,False,False,False,False,0,6,0.4444444444444444,0.3170731707317072,0.07777777777777778
mturk,1emkh8fj8n8ujo3jfrrswpna,0,0,0,0,0,0,5.498377574911755,0.14416790674603197,7.153896616638364,False,False,False,False,0,1,0.6222222222222222,0.7894736842105263,0.044444444444444446
mturk,1gzcp8taimbcpvzulsjo6w7a,0,1,0,0,1,1,4.196104093519248,0.1096215277777777,5.4101572483685585,False,False,False,False,0,1,0.6444444444444445,0.8310344827586208,0.26666666666666666
mturk,1h67fnjgm45dzniy6y91vld7,0,0,0,0,0,0,5.105477147753186,0.1387103174603177,7.112134534475996,False,False,False,False,0,1,0.7333333333333333,0.5397316821465427,0.15555555555555556
mturk,1ujw1gehpdx2ufvvvly3gx69,0,0,0,0,0,0,2.475592204184507,0.06484325396825412,5.804638303204075,False,False,False,False,0,1,0.7222222222222222,0.25000000000000006,0.022222222222222223
mturk,1ww0gs6eyl6uksonzztb0ezu,0,0,0,0,0,0,2.469574030970215,0.10094047619047525,5.909544262919126,False,False,False,False,0,2,0.5333333333333333,0.34771309771309783,0.07777777777777778
mturk,26drsd0sb4o6mw8hh3db4y8y,0,0,0,0,0,0,3.073444938874439,0.08071874999999987,7.58490163489284,False,False,False,False,0,18,0.6555555555555556,0.8977987421383649,0.2777777777777778
mturk,2gbv6cbysitn0o9t9m53f3xi,0,0,0,0,0,0,3.4517702470159883,0.07995436507936536,5.4690792996918365,False,False,False,False,0,1,0.6111111111111112,0.27906976744186035,0.011111111111111112
mturk,2j7koq5arntmjpvv38xf6g5x,1,1,0,0,2,1,5.362949612661321,0.10994072420634923,7.3835213306507494,False,True,False,False,1,5,0.7222222222222222,0.7673076923076924,0.1
mturk,2l792wi6dr04cwnd2lxldsg3,0,0,0,0,0,0,1.5347866075260255,0.05355555555555637,3.975190368010629,False,False,False,False,0,1,0.5333333333333333,0.2631578947368421,0.044444444444444446
mturk,2n2791gfw1ojwu32i7nsvght,0,0,0,0,0,0,3.6185750022138063,0.08967311507936473,6.872146607896107,False,False,False,False,0,1,0.5222222222222223,0.5277777777777779,0.14444444444444443
mturk,2tbdv5xl54zpvqubll7hx9xl,1,1,1,0,3,1,7.041362660518191,0.16840054563492074,9.082924606676773,False,False,False,False,0,4,0.5444444444444444,0.7285136501516684,0.3
mturk,381z8zb2qt43qj83bpagb37k,1,1,0,1,3,1,6.398365459474425,0.14579538690476193,7.207257031223037,False,False,False,False,0,3,0.6,0.7663265306122448,0.1
mturk,3h1i9f440aazwely8ptjns7x,0,0,0,0,0,0,3.272254138926086,0.0756889880952382,4.840778734904986,False,False,False,False,0,1,0.7666666666666667,0.5641025641025641,0.5111111111111111
mturk,3h34cgrzlp4wtlx1eo4tv73k,0,0,0,0,0,0,1.754380593401967,0.04715228174603146,4.7416835774082084,False,False,False,False,0,1,0.6111111111111112,0.8414141414141415,0.03333333333333333
mturk,3xzn2gdh051u5slem3dme6y4,0,0,0,0,0,0,5.612871239262636,0.15167237103174622,8.103477836377019,False,False,False,False,0,1,0.6333333333333333,0.7441860465116276,0.1
mturk,48kl2yj4bk3oit3lc8y2c8qf,1,1,0,1,3,1,7.93388010361496,0.1938390376984125,9.622935611418718,False,True,False,False,1,15,0.4111111111111111,0.10205128205128199,0.08888888888888889
mturk,49siubkt857w9wa5ym6zyrss,0,0,0,0,0,0,4.397564359445434,0.11797743055555573,7.160618253507075,False,False,False,False,0,2,0.5444444444444444,0.9137755102040812,0.3888888888888889
mturk,5ia4n00eepgph445l075pzvt,0,0,0,0,0,0,4.884855764349632,0.11520138888888891,7.353731939171887,False,False,False,False,0,1,0.6555555555555556,0.3459893048128344,0.0
mturk,5lc5w8l31px66g93vfq2rlcg,1,1,0,0,2,1,7.735023438123482,0.20806448412698422,9.206414629513597,False,False,False,False,0,7,0.28888888888888886,-0.03250773993808056,0.15555555555555556
mturk,5lukl1r5qtcpaaxcy1z4k2pb,0,0,0,0,0,0,2.142984269688272,0.053642361111111286,4.349541089686993,False,False,False,False,0,1,0.6666666666666666,0.4750519750519752,0.06666666666666667
mturk,5sg7gnocyd7oke5w09iyjmkw,0,0,0,0,0,0,4.085829135669572,0.10861706349206363,7.122434059560562,False,False,False,False,0,1,0.4222222222222222,0.17333333333333326,0.26666666666666666
mturk,5vfsoys60vdnkpwg6eycknxs,0,0,0,0,0,0,4.765608662746379,0.11812450396825387,6.899694236421595,False,False,False,False,0,1,0.7444444444444445,0.33333333333333365,0.07777777777777778
mturk,6anblbfay00uf1lrjuvta75s,0,1,0,0,1,1,5.868893991825942,0.1397566964285715,8.304942821941854,False,False,False,False,0,1,0.6111111111111112,0.729230769230769,0.4
mturk,6ddzcn9af3ba6dv3c91n5enx,0,0,0,0,0,0,2.4118678445699873,0.07247767857142763,5.203678801045025,False,False,False,False,0,1,0.4444444444444444,0.47091836734693904,0.011111111111111112
mturk,6ebn8yjdbepfbi3vshim0fa4,0,0,0,0,0,0,5.447588128776536,0.10661979166666671,6.950745662150715,False,False,False,False,0,1,0.4444444444444444,0.29308565531475733,0.05555555555555555
mturk,6g0smxt28qc8rof31hj311l7,0,0,0,0,0,0,3.057604543695999,0.07657787698412659,6.056462406851857,False,True,False,False,1,1,0.6777777777777778,0.5441025641025639,0.08888888888888889
mturk,6kf2nrcsp1vlkc4ognfrvlg6,0,0,0,0,0,0,5.546609154570813,0.11781473214285727,7.8027976085909065,False,False,False,False,0,1,0.5555555555555556,0.6339737108190093,0.12222222222222222
mturk,6o83uqmv0frbft9n0ojoh68u,1,1,1,0,3,1,8.30615723515646,0.22057762896825425,10.555786800370635,False,False,False,False,0,19,0.4666666666666667,0.4336372847011145,0.26666666666666666
mturk,6tsrpsayz54lw11oc7xqro8j,0,0,0,0,0,0,6.407217554338999,0.171172619047619,8.852718176543034,False,False,False,False,0,6,0.5111111111111111,0.6348717948717947,0.08888888888888889
mturk,6u3el0wrisrdbl98ibq0opof,0,0,0,0,0,0,2.125972989028571,0.10943402777777822,7.988387952535923,False,False,False,False,0,1,0.6,0.9341836734693878,0.23333333333333334
mturk,6xcrpdfmw33oggfcpop84jjc,0,0,0,0,0,0,6.98443882025731,0.1946339285714283,10.517111717966507,False,False,False,False,0,1,0.6,0.3636363636363636,0.011111111111111112
mturk,71r198qbputz56vycr57vwrj,0,0,0,0,0,0,4.180851871542383,0.10124900793650814,5.835799695531708,False,False,False,False,0,1,0.6111111111111112,0.5500000000000002,0.1
mturk,76znet129fvrpj732mz2wfkx,1,1,0,0,2,1,5.253233364826962,0.1266187996031749,7.784021530711522,False,True,False,True,2,34,0.28888888888888886,-0.07949561403508783,0.36666666666666664
mturk,79wkgbbalgknlalvcbuej04n,0,0,0,0,0,0,3.010066337769075,0.0785213293650796,5.895339183579661,False,False,False,False,0,1,0.37777777777777777,0.3448275862068966,0.08888888888888889
mturk,7c2n6irhszcuommpxijsqo0m,0,0,0,0,0,0,4.606259704092939,0.11058159722222237,6.6628729730246565,False,False,False,False,0,1,0.5,0.5762626262626261,0.32222222222222224
mturk,8268uvon5c4wg6cqy7jsgya1,0,0,0,0,0,0,4.79167067173022,0.1372070932539684,6.062588601091694,False,False,False,False,0,1,0.7555555555555555,0.4687500000000002,0.022222222222222223
mturk,8bis5casr4mjnn033kaxc4a9,0,0,0,0,0,0,4.90264402257145,0.16683680555555536,8.840191013868534,False,False,False,False,0,1,0.8111111111111111,0.4482758620689656,0.4666666666666667
mturk,8gms1x5mpu3zq71ytb9tjrss,0,0,0,0,0,0,2.012172233747135,0.060291666666665876,4.948006708453204,False,False,False,False,0,1,0.5666666666666667,0.5,0.12222222222222222
mturk,8jsbtrhsjtr1f1g26cw3ybge,0,0,0,0,0,0,1.2554823251787535,0.03545833333333326,3.5433715537656774,False,False,False,False,0,1,0.3333333333333333,0.0582120582120582,0.5111111111111111
mturk,8mn0ti7z45rkqyclbp3bkuox,0,0,0,0,0,0,4.576935974719494,0.09621577380952397,7.811247374670611,False,False,False,False,0,1,0.6111111111111112,0.43243243243243257,0.5333333333333333
mturk,984rqmge2ibnb6ry6iy9u0zo,1,1,0,0,2,1,7.186215084725176,0.1844213789682537,9.232109522530951,False,True,False,False,1,8,0.4666666666666667,0.4679878048780487,0.34444444444444444
mturk,9bx9aapx2af3ya9iqbfycexr,0,1,0,0,1,1,4.701448298350112,0.1213407738095247,9.163197956066869,False,False,False,False,0,1,0.4777777777777778,0.43979591836734677,0.1
mturk,9x3grmi9fq74uxr3ub097epz,0,0,0,0,0,0,3.5473560610812553,0.1238142361111107,5.460112762246353,False,False,False,False,0,1,0.7333333333333333,0.34375000000000017,0.1111111111111111
mturk,aov6xe6od75nt5353uwbsp77,0,0,0,0,0,0,4.860324764513844,0.12236631944444469,6.225373333549581,False,False,False,False,0,1,0.5666666666666667,0.5345528455284552,0.03333333333333333
mturk,avr04c4gt8kmeq5i2jiisiyh,0,0,0,0,0,0,4.9683866895332365,0.1257519841269841,6.316392358285393,False,False,False,False,0,1,0.6444444444444445,0.41463414634146356,0.022222222222222223
mturk,avuxpoyolfbqqsskoym8iwxk,0,0,0,0,0,0,4.470792449557223,0.10860292658730172,5.818333719838095,False,False,False,False,0,1,0.5333333333333333,0.12941787941787947,0.08888888888888889
mturk,aw0v60s7vif90ifki5jvje15,1,1,1,0,3,1,7.467990656260197,0.20158308531746055,10.670742053036163,False,True,False,False,1,20,0.3333333333333333,-0.16271186440677957,0.28888888888888886
mturk,ayqvxud8iyhd449mhjpztndy,0,0,0,0,0,0,6.887544609767705,0.1663492063492066,8.72216272120324,False,False,False,False,0,1,0.5888888888888889,0.5297435897435899,0.16666666666666666
mturk,bgdjjadiljq5gtg3zd419eif,0,0,0,0,0,0,3.094737164296806,0.07952951388888871,5.153973458580304,False,False,False,False,0,1,0.6777777777777778,0.29057971014492767,0.022222222222222223
mturk,bhoyosccpd9jwnfuwpgla7cg,0,0,0,0,0,0,5.736842314932007,0.12980778769841256,10.360650241350596,False,False,False,False,0,1,0.37777777777777777,0.06707317073170731,0.3
mturk,borpj9kwayuoawc2db7wbyxj,0,1,0,0,1,1,0.9724514629072173,0.03264930555555532,3.118206392459848,False,True,False,False,1,1,0.5777777777777777,0.711734693877551,0.3
mturk,cdbeog6cjz4lt4fk2fsw9a6d,0,0,0,0,0,0,4.282021542872544,0.10562326388888968,7.158858693091679,False,False,False,False,0,1,0.7111111111111111,0.23529411764705893,0.011111111111111112
mturk,cdx4de9mp88efzq0p2e2hq41,0,0,0,0,0,0,3.7143229575685774,0.08845982142857128,6.06570924870085,False,False,False,False,0,1,0.4666666666666667,0.42924528301886805,0.08888888888888889
mturk,clm0rwz7njx098ktz0rq6tzj,0,0,0,0,0,0,0.9402267452443034,0.049764880952381275,7.100701842553219,False,False,False,False,0,1,0.5,0.5282828282828285,0.15555555555555556
mturk,ctnvg9z0u302ddk5abjypszu,0,0,0,0,0,0,4.719623947280999,0.11292658730158799,6.538633081232145,False,False,False,False,0,1,0.7,0.4163841807909603,0.43333333333333335
mturk,cweobvm4evs54h8932qi6kqj,0,0,0,0,0,0,6.274866876294762,0.17099702380952372,9.484217508837055,False,False,False,False,0,4,0.43333333333333335,0.20909090909090908,0.05555555555555555
mturk,cwjn0tx0m76gm35d8f4jnxrq,0,0,0,0,0,0,3.183413262618769,0.07707266865079394,6.079255680922435,False,False,False,False,0,1,0.6444444444444445,0.4,0.3
mturk,czs7a87g24y6q0hq4ygiyrrl,0,0,0,0,0,0,1.3862943611198906,0.027583333333333404,4.70673438246841,False,False,False,False,0,1,0.6444444444444445,0.5178197064989519,0.044444444444444446
mturk,d535ylen0c8wkaigri45rrml,0,0,0,0,0,0,1.6553595676076889,0.04707638888888871,4.545549509275637,False,False,False,False,0,1,0.6555555555555556,0.35745614035087725,0.14444444444444443
mturk,dbuiumbyfl1ma1h69ta20xw8,0,0,0,0,0,0,4.085395428153516,0.09146974206349198,5.421747960038788,False,False,False,False,0,1,0.4111111111111111,0.3469387755102042,0.05555555555555555
mturk,deuoj5f7ihyov9fdc56skfam,1,1,1,1,4,1,4.521581895692443,0.09641989087301604,7.266369992179543,False,True,False,True,2,1,0.5888888888888889,0.5894308943089431,0.08888888888888889
mturk,dhdxn5ir5mjb94yjprcgwago,0,0,0,0,0,0,1.6655986434671626,0.04734722222222181,3.6390232454525067,False,False,False,False,0,1,0.4666666666666667,0.4255319148936172,0.03333333333333333
mturk,dkfxcqyznu2etu3ycixgpuct,0,0,0,0,0,0,4.092427849130392,0.10058978174603186,5.942229756367567,False,False,False,False,0,1,0.6222222222222222,0.20748987854251003,0.05555555555555555
mturk,e1zp3dh9u2801k50qm9h97c1,1,1,0,1,3,1,7.920776527173979,0.1947194940476187,10.290165487194528,False,True,True,False,2,1,0.6111111111111112,0.6750000000000002,0.4222222222222222
mturk,e3qgdoddsuhvnumamuxze5fo,0,1,0,0,1,1,5.507298425247866,0.13185168650793677,5.881237786203998,False,False,False,False,0,1,0.3888888888888889,0.15202020202020197,0.2111111111111111
mturk,e8jii58m72v5f48f2rvcju86,0,0,0,0,0,0,4.873491275741673,0.112675843253968,7.758842807781101,False,False,False,False,0,1,0.5888888888888889,0.3144654088050316,0.03333333333333333
mturk,e9lartq70jdvtyo1tovgyi8r,0,0,0,0,0,0,4.817366039837196,0.10772718253968268,6.003071730540424,False,False,False,False,0,2,0.7333333333333333,0.393939393939394,0.1111111111111111
mturk,eajz1vw10kitydeyf4zgtwzs,0,0,0,0,0,0,4.97578635982032,0.11856795634920662,6.03892631852132,False,False,False,False,0,1,0.7,0.36732456140350883,0.23333333333333334
mturk,elw3bumjdsy00i3eny567iz0,0,0,0,0,0,0,4.746921229040502,0.12618874007936504,6.330089511393761,False,False,False,False,0,1,0.5666666666666667,0.4193548387096773,0.34444444444444444
mturk,eo9co1hgmoaamlnqgma3ktjl,1,1,0,0,2,1,6.004339416130449,0.14431125992063504,7.841679566941097,False,False,False,False,0,58,0.5666666666666667,0.7317073170731708,0.3
mturk,eq0izxtfrsskhbao16tcq4lv,1,1,0,0,2,1,5.367207611447806,0.12978869047619068,7.168871123843976,False,False,False,False,0,50,0.32222222222222224,0.10822510822510825,0.6555555555555556
mturk,f413rfthchh1liluwockcj93,0,0,0,0,0,0,4.249140403848147,0.10798189484127026,5.950198953263089,False,False,False,False,0,1,0.5111111111111111,0.6213346814964612,0.022222222222222223
mturk,f4wl4bmtithmjc70e5p02q4q,0,1,0,0,1,1,5.0971821069594565,0.14450471230158732,7.726115196801871,False,True,False,False,1,3,0.7666666666666667,0.7058823529411766,0.3333333333333333
mturk,f8d2kruoqk7otxvnhqd44ziz,0,0,0,0,0,0,1.7964106794082997,0.04033333333333345,4.320598913626758,False,False,False,False,0,1,0.7777777777777778,0.5384615384615384,0.3888888888888889
mturk,fexsj0u5oib0e90p5kvm0lal,0,0,0,0,0,0,2.4329248477031125,0.06020312499999984,5.897052936115358,False,False,False,False,0,1,0.7777777777777778,0.3125,0.011111111111111112
mturk,fgjk761asl4q1j9d46ivqdhk,1,1,1,0,3,1,6.203020934338046,0.14753323412698405,9.50026656929124,False,True,False,False,1,6,0.4666666666666667,0.00863821138211383,0.3888888888888889
mturk,fl0bey18x3e1awvawxjz06jf,0,0,0,0,0,0,4.612357982828673,0.11098412698412646,6.6626640064951745,False,False,False,False,0,1,0.7,0.3243386243386242,0.08888888888888889
mturk,fmivxe7rg2s9ylzoqntzivua,1,1,0,0,2,1,6.101176512517896,0.1494255952380954,8.490190921022167,False,True,False,False,1,1,0.3111111111111111,-0.0010964912280702762,0.4777777777777778
mturk,fsig4dpz5iesxkjnc5e03ruv,0,0,0,0,0,0,1.9229172840109943,0.05190029761904751,4.283376065900426,False,False,False,False,0,1,0.5666666666666667,0.6176767676767675,0.011111111111111112
mturk,fy3568ynzims1sa778zhdgsj,0,0,0,0,0,0,4.252386811216615,0.10145634920634926,6.523433880373423,False,False,False,False,0,1,0.6555555555555556,0.35897435897435903,0.4
mturk,g0hcri7lt06it7zaxn7bdehy,0,0,0,0,0,0,2.1330561961112826,0.060839781746031926,5.8234350742480565,False,False,False,False,0,1,0.5777777777777777,0.8604651162790699,0.022222222222222223
mturk,g2j8r1fp1mfn0sdufesl7l2w,0,1,0,0,1,1,6.155049063544006,0.1679935515873016,10.504881953743704,False,True,False,False,1,2,0.6666666666666666,0.47222222222222215,0.4222222222222222
mturk,g7p583cf83iuo5tnssmqoom2,0,0,0,0,0,0,1.9449029258144346,0.06535416666666619,5.231646571769026,False,False,False,False,0,3,0.5222222222222223,0.47979797979797995,0.08888888888888889
mturk,g93kv8yzmln3bk1vikjphvig,1,1,0,0,2,1,7.191222410157877,0.16898214285714272,8.743418797813785,False,True,False,False,1,11,0.6,0.8295918367346937,0.0
mturk,gb9l1rxvfwpsridpzj2phab0,1,1,0,1,3,1,8.407690654694123,0.2810399305555562,12.936833589672869,False,True,True,False,2,5,0.5777777777777777,0.5516717325227964,0.3111111111111111
mturk,gi5el1yqgg66eawzpbt2cug6,0,0,0,0,0,0,4.164722304312669,0.10831696428571409,5.739079694327155,False,False,False,False,0,1,0.6333333333333333,0.4594594594594592,0.18888888888888888
mturk,gruwe2az316sg0lrtz6mop4m,1,1,0,0,2,1,4.408178360219102,0.11178769841269816,6.852445623380896,False,False,False,False,0,2,0.2777777777777778,-0.11694386694386706,0.36666666666666664
mturk,h1pemdlnh3c9vhbgryg1ixhn,0,0,0,0,0,0,2.9293678362850954,0.11623214285714259,6.618290810175355,False,False,False,False,0,1,0.5444444444444444,0.41025641025641046,0.4444444444444444
mturk,h1utmgv01tgofu4ja7y7he1r,0,0,0,0,0,0,1.5707210514924745,0.04530902777777761,3.9762870201980136,False,False,False,False,0,1,0.6444444444444445,0.41025641025641035,0.32222222222222224
mturk,h2ob40i8w8dt2pnbe0fjyz69,0,0,0,0,0,0,2.8990953268424757,0.1103273809523814,5.652058924722127,False,False,False,False,0,1,0.7,0.4255765199161425,0.2111111111111111
mturk,hat45nuw60i6qp17myltiq6e,1,1,1,0,3,1,5.3843564030505835,0.1317016369047619,7.452820646896836,False,False,False,False,0,6,0.4111111111111111,0.3983228511530399,0.05555555555555555
mturk,hcikwtzf80rybffjd4nzmcqn,0,0,0,0,0,0,4.3196855823355715,0.11091592261904794,6.197039688575359,False,False,False,False,0,1,0.5777777777777777,0.40955284552845517,0.3
mturk,he3bi0kweifzr3c3elm0xyx5,1,1,0,0,2,1,6.530267624293101,0.1620659722222223,9.302375382446606,False,True,False,False,1,9,0.34444444444444444,-0.012664640324214885,0.1
mturk,hjga6ro8xdcijnzxcabiekgh,0,1,0,0,1,1,4.170796116121342,0.0907554563492064,6.830179119633185,False,True,False,False,1,1,0.6777777777777778,0.6923076923076922,0.022222222222222223
mturk,hp22ihu8hgb4l5p0ocf695wh,0,0,0,0,0,0,1.0397207708399179,0.04683333333333349,5.684188263028462,False,False,False,False,0,1,0.4777777777777778,0.6104356636271532,0.24444444444444444
mturk,hp9jlhcupmuyhjt2v5kzyeyo,0,1,1,0,2,1,5.453163845774753,0.18222668650793614,8.590085494628235,False,False,False,False,0,15,0.4,0.31458966565349555,0.03333333333333333
mturk,hr3fruz8unemddmhsargqdjo,0,0,0,0,0,0,4.885563986440211,0.1386230158730159,6.887076670306035,False,False,False,False,0,1,0.6888888888888889,0.8918918918918918,0.044444444444444446
mturk,hvp7r3m4nd4hnwcb8su5ste8,0,0,0,0,0,0,3.9192277996601086,0.10119394841269874,5.692659797128994,False,False,False,False,0,1,0.6222222222222222,0.536902286902287,0.28888888888888886
mturk,hxlba4lafjaq254jq3x5hug0,0,0,0,0,0,0,3.33554413994227,0.08746031746031764,5.387828989788854,False,False,False,False,0,1,0.5444444444444444,0.5634037819799775,0.26666666666666666
mturk,icgpg7hk8l4t8vf3fi5rwhpy,1,1,0,0,2,1,5.158355772852273,0.13512673611111098,7.1587379320289015,False,False,False,False,0,2,0.3888888888888889,0.08716577540106964,0.43333333333333335
mturk,iij7l7ztcavt3v3b8beljv40,0,1,1,0,2,1,7.154311862081281,0.15744370039682543,8.377633168824506,False,False,False,False,0,4,0.37777777777777777,-0.02525252525252525,0.32222222222222224
mturk,ilccg6au6ebu6vrvwcnsxvnp,0,0,0,0,0,0,4.210067553159008,0.10774801587301586,7.978259851651616,False,False,False,False,0,1,0.5777777777777777,0.5526315789473681,0.25555555555555554
mturk,itgf2egc6lv9acekard2994a,0,0,0,0,0,0,1.8178174697975618,0.07691666666666666,4.012895644261979,False,False,False,False,0,1,0.32222222222222224,0.21884498480243186,0.34444444444444444
mturk,j49ycui0iz38y7r8xtr8tnna,0,0,0,0,0,0,2.92779973099574,0.0686795634920632,6.081974796939567,False,False,False,False,0,1,0.7333333333333333,0.3870967741935482,0.1111111111111111
mturk,j5uig6vo0a3bq4tw72necwg5,0,0,0,0,0,0,2.4690797082492977,0.05383680555555549,5.211486204884959,False,False,False,False,0,1,0.5444444444444444,0.22959183673469388,0.3333333333333333
mturk,jyqbceyvrsxtbtis6813ecuq,0,0,0,0,0,0,5.163611165780612,0.13525297619047644,6.797259854059296,False,False,False,False,0,1,0.7777777777777778,0.2972972972972974,0.12222222222222222
mturk,k0jvnuk92lshedg61l3kgup4,0,0,0,0,0,0,3.9795950248045524,0.0980128968253969,6.368652050002637,False,False,False,False,0,1,0.4888888888888889,0.29411764705882354,0.011111111111111112
mturk,k266fuoev3tmaxz85c4l07j7,1,1,0,0,2,1,2.174939406738204,0.054765873015873094,5.297443816941188,False,True,False,False,1,34,0.43333333333333335,0.3078867542972698,0.32222222222222224
mturk,kkj6xz9h7v18suqjh1915mno,1,1,0,0,2,1,5.757737320546279,0.1657961309523811,8.700787672096302,False,True,False,False,1,1,0.32222222222222224,0.05080213903743316,0.43333333333333335
mturk,kse3g3i8vm4uhmn2p4sfnyy0,0,0,0,0,0,0,4.256142854327135,0.10988740079365085,7.46985178420761,False,False,False,False,0,1,0.6555555555555556,0.27272727272727265,0.4777777777777778
mturk,kz2mnejtguvxh70ucjcunti8,0,0,0,0,0,0,2.26386823205242,0.05348611111111071,5.682922802740143,False,False,False,False,0,1,0.5888888888888889,0.4090909090909089,0.25555555555555554
mturk,kzth30eqt6puh2fdm1xyqqcl,0,0,0,0,0,0,3.812603641741454,0.08943501984126995,6.277824011434835,False,False,False,False,0,3,0.6777777777777778,0.43589743589743596,0.0
mturk,l4giixxbal8owtn90r4a0zmg,0,0,0,0,0,0,5.800056578603886,0.18342584325396843,6.696948583016052,False,False,False,False,0,1,0.5111111111111111,0.2964285714285716,0.011111111111111112
mturk,l768h0oa3rsy0s30wy81gx7w,0,1,0,0,1,1,2.8886341455709164,0.05539880952380956,7.034562682382263,False,True,False,False,1,3,0.5888888888888889,0.8144654088050315,0.044444444444444446
mturk,lfmnxogaj6os5ptjy6jcrdx5,0,0,0,0,0,0,3.986894327400904,0.08867187499999986,5.398268483634316,False,False,False,False,0,1,0.6444444444444445,0.644817073170732,0.022222222222222223
mturk,lq0d2xsr43y3la4p6u2kw6dk,0,0,0,1,1,1,2.451671207781502,0.06002976190476178,6.976060340885807,False,False,False,False,0,2,0.5777777777777777,0.9341836734693876,0.044444444444444446
mturk,lrbgqwdhc5j9d3cfmhgrwfy1,0,0,0,0,0,0,1.5593006099704332,0.035011904761904716,4.573670079352068,False,False,False,False,0,1,0.43333333333333335,0.6230769230769232,0.022222222222222223
mturk,m94kxuxvt80yh510yh7slut7,0,0,0,0,0,0,2.552521736562503,0.07607738095238142,5.059571101688559,False,False,False,False,0,1,0.5,0.3725490196078431,0.4666666666666667
mturk,mb5e0hve2rlscxyhkntk34bl,1,1,0,0,2,1,8.292414192096437,0.23908953373015904,12.08148486551276,False,True,False,False,1,1,0.36666666666666664,-0.05971896955503515,0.3333333333333333
mturk,mc9b0kvhdjz7jqifqhgajsyr,0,0,0,0,0,0,1.5707210514924745,0.04465277777777758,4.486664640161541,False,False,False,False,0,1,0.6333333333333333,0.7352642276422764,0.011111111111111112
mturk,mxvivkh38e0o23x08txfpnxn,1,1,0,0,2,1,4.492816876334317,0.11244221230158777,7.210467138769831,False,True,False,False,1,9,0.5777777777777777,0.8590146750524109,0.32222222222222224
mturk,mynywo837risvkfygi19hhpg,0,0,0,0,0,0,3.5935295809071777,0.08689955357142877,4.602202165283209,False,False,False,False,0,1,0.7555555555555555,0.43750000000000006,0.1111111111111111
mturk,n29vff3xy758kc4si86avrjk,0,0,0,0,0,0,6.5941606468693035,0.161057291666667,8.059612972660762,False,False,False,False,0,1,0.5222222222222223,0.7563195146612737,0.2111111111111111
mturk,n4ztb6292aou1l4jr8n0tezk,0,0,0,0,0,0,1.1606047332040657,0.03340277777777824,3.4395266561327746,False,False,False,False,0,1,0.28888888888888886,0.06704781704781712,0.6444444444444445
mturk,nbisw5umh0isb2ixsbdr99q5,0,0,0,0,0,0,2.3903748366551145,0.0711676587301592,4.687783319652328,False,False,False,False,0,1,0.5888888888888889,0.23015873015873003,0.03333333333333333
mturk,nf8od7h3v3autbl7bobc44vj,0,1,0,0,1,1,3.892016735426216,0.09968080357142868,7.888723461179426,False,False,False,False,0,6,0.5666666666666667,0.7983957219251341,0.08888888888888889
mturk,ngpbl2m7v35qr23mxqg4zq6j,0,0,0,0,0,0,5.414274486073096,0.1350319940476193,6.80456164577189,False,False,False,False,0,2,0.6111111111111112,0.6023908523908523,0.23333333333333334
mturk,nk20nova3ldcu67y76d1t9jz,0,0,0,0,0,0,1.6020559154587262,0.056291666666666525,4.169790117303959,False,False,False,False,0,1,0.4777777777777778,0.23913043478260881,0.022222222222222223
mturk,ny6aiki69pl2sa6bs4po6ig5,1,1,0,0,2,1,4.771192520011273,0.11689260912698414,7.44038579066585,False,True,False,False,1,5,0.36666666666666664,0.09844271412680755,0.15555555555555556
mturk,o1a5ftr9a4e138psg4vt96xo,0,1,0,1,2,1,5.199932349373849,0.13596329365079377,6.721576228108394,False,False,False,False,0,2,0.4,0.45714285714285713,0.35555555555555557
mturk,o1vx5thxb89l44xmoqh1wwz0,0,0,0,0,0,0,1.8435128379045373,0.04191468253968258,5.547883764998801,False,False,False,False,0,1,0.6333333333333333,0.7306501547987615,0.011111111111111112
mturk,oc0019i87h6mkoth39vmedqq,0,0,0,0,0,0,1.3928068570551,0.03199999999999977,5.3121816522900565,False,True,False,False,1,2,0.6888888888888889,0.33853459972862965,0.18888888888888888
mturk,ofcrkm8mve7t3y81h2ahi6tr,0,0,1,0,1,1,5.867943522924418,0.12160292658730174,6.895343227958329,False,False,False,False,0,2,0.4888888888888889,0.7025510204081629,0.044444444444444446
mturk,ol0fexiw547u6gli6izgrus4,0,0,0,0,0,0,1.1246702892376166,0.04166666666666648,4.144882038067379,False,False,False,False,0,1,0.6,0.36363636363636376,0.05555555555555555
mturk,olovtqotk8ct27eww19gc1k2,1,1,0,1,3,1,7.203295120856414,0.1672624007936508,8.73337099368146,False,True,False,False,1,9,0.5444444444444444,0.7804878048780486,0.3111111111111111
mturk,ow3rmlf7ftv9o9jowr5pudue,0,0,0,0,0,0,2.7695703644060954,0.08042807539682448,4.700130653844951,False,False,False,False,0,1,0.7666666666666667,0.34375000000000033,0.14444444444444443
mturk,pbe1z8nw3u49kut6yzpm5d8d,0,0,0,0,0,0,3.3991748169576046,0.10844444444444437,5.264059685308628,False,False,False,False,0,1,0.6,0.9749999999999999,0.12222222222222222
mturk,pcbef4vi4t1k3os59yintjx7,0,0,0,0,0,0,2.6278110305149065,0.10041319444444424,6.629326379851702,False,False,False,False,0,1,0.6666666666666666,0.5483870967741931,0.16666666666666666
mturk,phbhdjtlsux8o4b6lw205gdn,0,0,0,0,0,0,0.410116318288409,0.005464285714285697,4.811730198253464,False,True,False,False,1,1,0.3888888888888889,0.00461538461538465,0.5333333333333333
mturk,pips94le21jq08pesfaiefxd,0,0,1,0,1,1,3.657111093889267,0.10174231150793663,5.694070416766637,False,False,False,False,0,2,0.4666666666666667,0.3269230769230768,0.044444444444444446
mturk,pnmept0z8agaln6bqziozweo,1,1,0,1,3,1,6.828784782197899,0.17687673611111096,8.238118756778887,False,False,False,False,0,1,0.5444444444444444,0.774747474747475,0.07777777777777778
mturk,poea2a28uml13k7mbk6w4ou5,1,1,0,0,2,1,6.521018309620434,0.15448586309523826,11.371819159748474,False,True,True,True,3,2,0.5111111111111111,0.692618806875632,0.14444444444444443
mturk,pwjlt47u6xaxkcx5xnxonxjy,0,0,0,0,0,0,4.612772200028148,0.11885292658730162,6.2684765215539064,False,False,False,False,0,2,0.6222222222222222,0.6216931216931212,0.3
mturk,q7os2mbb6ijejlub0fmdwyth,0,0,0,0,0,0,4.407470138128523,0.09739236111111091,6.387175813523021,False,False,False,False,0,3,0.5222222222222223,0.5755102040816323,0.18888888888888888
mturk,qhmczq0e1c0s4t3mpthy0kan,1,1,1,0,3,1,8.611316563547575,0.21478000992063426,11.293948211931173,False,True,True,False,2,3,0.5111111111111111,0.5680894308943091,0.13333333333333333
mturk,qlgapgx6bfkf4ff2uhuofcr6,1,1,0,0,2,1,7.563436606912528,0.1727490079365081,8.538686262307053,False,False,False,False,0,2,0.32222222222222224,-0.11147186147186157,0.36666666666666664
mturk,qryxvy9232jetvwgtops3qjw,0,0,0,0,0,0,2.7313257846965397,0.0787430555555554,4.934617559328425,False,False,False,False,0,2,0.5,0.5516717325227962,0.4111111111111111
mturk,r928h1js9k0sfrlcv2wbiosz,1,1,0,0,2,1,6.041096647154372,0.1301302083333337,7.688695889358546,False,False,False,False,0,5,0.4666666666666667,0.4700722394220844,0.2222222222222222
mturk,req395sg5aaa99tgui0irfk8,1,1,0,0,2,1,5.790329287519402,0.14026810515873017,7.964268531391831,False,False,False,False,0,8,0.5333333333333333,0.59391124871001,0.1
mturk,rnktpyd6ech7t9az85fcdscs,0,0,0,0,0,0,3.396911606454826,0.07024875992063481,6.586771980092209,False,False,False,False,0,1,0.45555555555555555,0.6774358974358973,0.14444444444444443
mturk,ru5ws3pu83q9tqcyqm9i66vg,0,0,0,0,0,0,3.2475736270150364,0.08889062500000007,5.408834976518968,False,False,False,False,0,9,0.34444444444444444,0.13390804597701142,0.35555555555555557
mturk,rvbvs8wupqk0cepnaw1go9bs,0,0,0,0,0,0,3.1437522387280556,0.12153645833333354,5.496325295046149,False,False,False,False,0,1,0.6333333333333333,0.18448637316561856,0.03333333333333333
mturk,rxk216v2u00knpik4144b379,0,0,0,0,0,0,1.8435128379045373,0.042069444444444506,4.930846358098831,False,False,False,False,0,1,0.4666666666666667,0.4833679833679834,0.0
mturk,s00v1x1d54te4umlyvvwaic6,0,0,0,0,0,0,1.5347866075260255,0.05355555555555637,3.6919861652674846,False,False,False,False,0,2,0.6333333333333333,0.6723076923076923,0.06666666666666667
mturk,s6skqzwsxbnuallv93zxt728,1,1,0,0,2,1,8.825222652816137,0.22526413690476182,11.765067052923046,False,True,False,False,1,4,0.3333333333333333,0.06868686868686869,0.26666666666666666
mturk,se99pdkqoizyh6c8lmlc05n3,0,0,0,0,0,0,3.87283386325445,0.11101388888888902,4.347187585711963,False,False,False,False,0,1,0.35555555555555557,0.41666666666666663,0.4111111111111111
mturk,sxgwt55mbktag0euyj5ck394,0,0,0,0,0,0,3.435018675221306,0.06057093253968244,7.852605238747972,False,False,False,False,0,1,0.7666666666666667,0.3023715415019763,0.14444444444444443
mturk,szygpouygrmb7vi2zvcsi7kj,0,0,0,0,0,0,5.241682087565739,0.15677430555555527,10.152918314125126,False,False,False,False,0,1,0.6222222222222222,0.4795918367346937,0.044444444444444446
mturk,t76x8ndbtxbx72lsb8ngqv1z,0,0,0,0,0,0,3.598532897925545,0.08258234126984125,5.927525271943068,False,False,False,False,0,1,0.6222222222222222,0.5833333333333336,0.022222222222222223
mturk,t9d9ki02qf20po7hnalni8bs,0,0,0,0,0,0,2.3081916001811296,0.05931175595238101,4.93613000735649,False,False,False,False,0,1,0.7333333333333333,0.3548387096774192,0.0
mturk,tbi53v4723zampua525gigey,1,1,0,0,2,1,7.231902454984731,0.1607140376984129,8.087431952378036,False,False,False,False,0,4,0.34444444444444444,0.10939112487100101,0.35555555555555557
mturk,tcbpf1kmvs92g8t2x5iowvqs,1,0,1,0,2,1,6.406357671140221,0.16250917658730146,8.573995425754523,False,True,False,False,1,3,0.34444444444444444,0.03292806484295851,0.13333333333333333
mturk,th2b9q0wuq3762odsxe9y0kh,0,0,0,0,0,0,3.5935295809071777,0.09275173611111112,4.823833385451166,False,False,False,False,0,1,0.7888888888888889,0.44444444444444486,0.37777777777777777
mturk,tlw8dxp34gf5zt4nfb7yftnf,0,0,0,0,0,0,3.9147170738813712,0.12244990079365074,6.6231096144236545,False,False,False,False,0,1,0.6111111111111112,0.8878406708595391,0.044444444444444446
mturk,toz6nvp14zs7mfg4bwsaebd6,0,0,0,0,0,0,3.5299868528987415,0.16615451388888852,8.974967718828584,False,False,False,False,0,23,0.4777777777777778,0.7373581011351911,0.18888888888888888
mturk,tsid1av4r8o3dobjmikdnw6x,0,0,0,0,0,0,4.3336883342606125,0.11141716269841258,7.281130875018901,False,False,False,False,0,1,0.5777777777777777,0.6079027355623098,0.011111111111111112
mturk,tw1nzqjjixjzlwy9kc1t7qdu,0,0,0,0,0,0,6.339348072072538,0.16046676587301564,9.124221514843375,False,False,False,False,0,2,0.6333333333333333,0.6266666666666665,0.4111111111111111
mturk,uabqljbqhtguwieaax9i9jbi,0,0,0,0,0,0,1.2297701034510489,0.03866071428571394,4.2427347038912515,False,False,False,False,0,2,0.5444444444444444,0.6971544715447154,0.06666666666666667
mturk,ufzhw64z1nwocsg8k80i3y5r,0,0,0,0,0,0,3.1653434653007233,0.10329687499999982,6.719746483569693,False,False,False,False,0,1,0.5555555555555556,0.7430769230769231,0.4444444444444444
mturk,us4jynu3a76tfb7zh5erygr0,1,1,0,0,2,1,4.454351880045024,0.10433754960317482,7.221754151539066,False,True,False,False,1,4,0.4,0.24355005159958723,0.03333333333333333
mturk,usdq8rqhfvf4hnru7h6e1v0e,0,0,0,0,0,0,5.4323006229287225,0.15963888888888883,7.5367191247820395,False,False,False,False,0,1,0.5777777777777777,0.6905487804878048,0.24444444444444444
mturk,v282ua4fcihshurm6znabfd3,1,1,0,0,2,1,5.28562454930758,0.11997296626984105,7.182043151219364,True,True,False,True,3,15,0.43333333333333335,-0.002026342451874406,0.5777777777777777
mturk,v9ep9v5q2l33kle8h2gpb8z4,1,0,1,1,3,1,8.106507785993266,0.20212053571428568,10.808688782718699,False,True,False,False,1,1,0.4222222222222222,-0.012626262626262536,0.5444444444444444
mturk,vh8uyrnltv4hh60dzg5r3n1i,0,0,0,0,0,0,1.24524324931928,0.03499652777777784,3.985837794918956,False,False,False,False,0,1,0.37777777777777777,0.21739130434782614,0.044444444444444446
mturk,w1qbxw4ltfgr7ddtsf930nhc,0,0,0,0,0,0,0.9724514629072173,0.03273958333333308,4.421461556822273,False,False,False,False,0,1,0.7888888888888889,0.2902097902097902,0.05555555555555555
mturk,w4ascja5gszgs3ox6eh471me,1,1,0,0,2,1,6.078656647274914,0.15194469246031764,8.321789813129653,False,False,False,False,0,25,0.5222222222222223,0.7037411526794741,0.4777777777777778
mturk,w8rp7rwwb638sy4r2hha3hud,0,0,0,0,0,0,1.2914167691452025,0.02633333333333313,4.653037890092057,False,False,False,False,0,1,0.6777777777777778,0.544956140350877,0.03333333333333333
mturk,waigs5rf1gkl2y4f6yt2la5q,0,0,0,0,0,0,3.3779884431480784,0.0910818452380952,5.056332427082948,False,False,False,False,0,1,0.7,0.44117647058823556,0.05555555555555555
mturk,wdsdynq3ht0uipzelqp7g0xd,1,1,1,0,3,1,6.266274490295208,0.15176413690476223,8.277614302176854,False,True,False,False,1,3,0.25555555555555554,-0.05672969966629584,0.32222222222222224
mturk,wjo05xz5faw7ef8m6bu18ev5,0,0,0,0,0,0,4.033378849509311,0.10758878968254011,6.293477771597233,False,False,False,False,0,3,0.6888888888888889,0.9354838709677415,0.13333333333333333
mturk,x12oo9pn58e61fflukvug2mr,0,0,0,0,0,0,2.217694712226497,0.06136607142857194,4.757321277698169,False,False,False,False,0,1,0.6777777777777778,0.2941176470588237,0.37777777777777777
mturk,x3lheipk8oq00fhkkfjrw6p1,0,0,0,0,0,0,3.863234254014017,0.09476116071428589,5.573284456567931,False,False,False,False,0,1,0.6777777777777778,0.23684210526315783,0.03333333333333333
mturk,xe6oqx37xdawxlzrgixjkrxn,0,0,0,0,0,0,2.012172233747135,0.054285714285714146,6.3984960958742025,False,False,False,False,0,1,0.7333333333333333,0.6875746714456394,0.1111111111111111
mturk,xfte2nnmwo5forvvnhf147te,0,0,0,0,0,0,1.6020559154587262,0.05483333333333305,5.710880386047715,False,False,False,False,0,1,0.5777777777777777,0.6324570273003034,0.1
mturk,xpy7msfhii19kauw617rabm7,0,0,0,0,0,0,2.0903008906229896,0.052927083333333104,4.752066211348692,False,False,False,False,0,2,0.7111111111111111,0.5225885225885223,0.011111111111111112
mturk,y0m7gu1o0uy9u4nmziwujofk,1,0,0,0,1,1,6.242188332033225,0.15535912698412707,8.231235929574792,False,False,False,False,0,1,0.5666666666666667,0.45945945945945954,0.16666666666666666
mturk,y3o44ojrgzutttr3noil3v6m,0,0,0,0,0,0,4.018248825454386,0.11644890873015841,8.17080249486102,False,False,False,False,0,1,0.5666666666666667,0.6571428571428573,0.03333333333333333
mturk,ycz8oq9t09kjdd31e6iws4zh,0,1,0,0,1,1,3.6870256758090747,0.08895089285714258,5.884491589624256,False,True,False,False,1,1,0.4,0.5278622087132727,0.07777777777777778
mturk,yr5vu6xys2fnolxie1e30c7h,0,0,0,0,0,0,4.060636838983532,0.11560739087301573,5.705725980263205,False,False,False,False,0,1,0.5222222222222223,0.29787234042553207,0.05555555555555555
mturk,z2y2avzhhdgfqg8idm03titm,0,1,0,0,1,1,6.5959531771527296,0.22561160714285644,10.194175137093152,False,True,False,False,1,1,0.6,0.6100529100529102,0.05555555555555555
mturk,z4quosqgyjnj8vmg4rc84q3i,0,0,0,0,0,0,2.7695703644060954,0.08036408730158638,6.178181825928697,False,False,False,False,0,1,0.5777777777777777,0.583333333333333,0.05555555555555555
mturk,zakt1hcsgy0eh24ehvvxnf3b,0,0,0,0,0,0,3.6934104899002325,0.08534871031746044,5.703499643418724,False,False,False,False,0,1,0.5111111111111111,0.5319148936170214,0.06666666666666667
mturk,zaz4ydbrsd4x6rstq0t1d95s,1,1,0,1,3,1,7.3719463435444625,0.17996155753968252,9.19773834206251,False,True,False,False,1,15,0.5888888888888889,0.6711229946524065,0.022222222222222223
mturk,zhyatjv91vue1ejply55efv6,1,1,0,1,3,1,5.3641026763257065,0.2317477678571433,10.733234900637632,False,True,False,False,1,8,0.34444444444444444,0.16125541125541143,0.32222222222222224
mturk,zwbaaowabh4qdkku0tqsmyc7,0,1,0,0,1,1,5.538534733793742,0.15856870039682583,8.452965773671,False,False,False,False,0,2,0.4666666666666667,0.5287878787878789,0.24444444444444444
mturk,zwmgj98ty8oq9j77mhqho8gx,1,1,0,0,2,1,6.19743707707315,0.1472105654761905,8.759836494392855,False,False,False,False,0,2,0.36666666666666664,0.8733766233766234,0.022222222222222223
